DATE,TradeWeighted USDINdex_AdvancedEconomies
9/11/2015,108.4431
9/14/2015,108.3956
9/15/2015,108.7243
9/16/2015,108.206
9/17/2015,108.2491
9/18/2015,107.7203
9/21/2015,108.7596
9/22/2015,109.202
9/23/2015,109.3561
9/24/2015,108.9889
9/25/2015,109.3695
9/28/2015,109.157
9/29/2015,109.244
9/30/2015,109.59
10/1/2015,108.9863
10/2/2015,108.5515
10/5/2015,108.6838
10/6/2015,108.2263
10/7/2015,108.1315
10/8/2015,107.9357
10/9/2015,107.4282
10/12/2015,.
10/13/2015,107.4529
10/14/2015,106.9973
10/15/2015,106.7061
10/16/2015,107.221
10/19/2015,107.5192
10/20/2015,107.3376
10/21/2015,107.7811
10/22/2015,108.6755
10/23/2015,109.5129
10/26/2015,109.2389
10/27/2015,109.4923
10/28/2015,109.2776
10/29/2015,109.8875
10/30/2015,109.1459
11/2/2015,109.2413
11/3/2015,109.684
11/4/2015,110.2343
11/5/2015,110.354
11/6/2015,111.6053
11/9/2015,111.3512
11/10/2015,111.7108
11/11/2015,.
11/12/2015,111.3002
11/13/2015,111.5946
11/16/2015,111.7312
11/17/2015,112.0377
11/18/2015,112.1246
11/19/2015,111.1942
11/20/2015,111.8359
11/23/2015,112.2455
11/24/2015,111.8607
11/25/2015,111.9992
11/26/2015,.
11/27/2015,112.374
11/30/2015,112.4511
12/1/2015,112.2115
12/2/2015,112.5585
12/3/2015,110.9763
12/4/2015,110.9475
12/7/2015,111.5716
12/8/2015,111.6372
12/9/2015,110.8978
12/10/2015,110.9623
12/11/2015,110.897
12/14/2015,110.8929
12/15/2015,111.6244
12/16/2015,111.7019
12/17/2015,112.9587
12/18/2015,112.2767
12/21/2015,112.2223
12/22/2015,111.864
12/23/2015,112.1137
12/24/2015,111.5614
12/25/2015,.
12/28/2015,111.6079
12/29/2015,111.8677
12/30/2015,111.9448
12/31/2015,112.1543
1/1/2016,.
1/4/2016,112.6815
1/5/2016,112.9969
1/6/2016,113.1417
1/7/2016,112.6368
1/8/2016,112.7498
1/11/2016,112.8366
1/12/2016,113.4069
1/13/2016,113.2919
1/14/2016,113.5331
1/15/2016,113.4204
1/18/2016,.
1/19/2016,113.8255
1/20/2016,113.8695
1/21/2016,113.5059
1/22/2016,.
1/25/2016,.
1/26/2016,.
1/27/2016,113.0167
1/28/2016,112.6175
1/29/2016,113.6106
2/1/2016,113.0476
2/2/2016,112.9242
2/3/2016,111.3618
2/4/2016,110.2448
2/5/2016,111.0458
2/8/2016,110.8376
2/9/2016,109.96
2/10/2016,110.4287
2/11/2016,109.483
2/12/2016,109.937
2/15/2016,.
2/16/2016,110.6873
2/17/2016,110.2981
2/18/2016,110.4935
2/19/2016,110.3547
2/22/2016,110.7759
2/23/2016,110.9738
2/24/2016,110.8618
2/25/2016,110.5858
2/26/2016,111.1764
2/29/2016,111.1934
3/1/2016,111.1383
3/2/2016,111.1264
3/3/2016,110.3778
3/4/2016,109.9337
3/7/2016,109.8121
3/8/2016,109.8076
3/9/2016,109.4945
3/10/2016,109.2025
3/11/2016,108.6516
3/14/2016,109.2372
3/15/2016,109.4192
3/16/2016,109.7713
3/17/2016,107.1417
3/18/2016,107.2276
3/21/2016,107.6767
3/22/2016,107.9385
3/23/2016,108.7356
3/24/2016,108.9478
3/25/2016,109.001
3/28/2016,108.5308
3/29/2016,108.4564
3/30/2016,107.2481
3/31/2016,106.9887
4/1/2016,107.2941
4/4/2016,107.1233
4/5/2016,107.4998
4/6/2016,106.9109
4/7/2016,107.1817
4/8/2016,106.7213
4/11/2016,106.3249
4/12/2016,106.1727
4/13/2016,106.7379
4/14/2016,106.9594
4/15/2016,106.7728
4/18/2016,106.5089
4/19/2016,105.8325
4/20/2016,106.022
4/21/2016,106.4127
4/22/2016,106.8166
4/25/2016,106.5479
4/26/2016,106.1309
4/27/2016,106.2761
4/28/2016,105.6466
4/29/2016,104.9467
5/2/2016,104.5421
5/3/2016,105.0385
5/4/2016,105.767
5/5/2016,106.0791
5/6/2016,106.1729
5/9/2016,106.6837
5/10/2016,106.7424
5/11/2016,106.0819
5/12/2016,106.4612
5/13/2016,107.1473
5/16/2016,106.8291
5/17/2016,106.7187
5/18/2016,107.0831
5/19/2016,107.8572
5/20/2016,108.1166
5/23/2016,108.1437
5/24/2016,108.1642
5/25/2016,108.0213
5/26/2016,107.5847
5/27/2016,107.861
5/30/2016,.
5/31/2016,108.3072
6/1/2016,108.1013
6/2/2016,108.0017
6/3/2016,106.5888
6/6/2016,106.3563
6/7/2016,106.0492
6/8/2016,105.5288
6/9/2016,105.9605
6/10/2016,106.3433
6/13/2016,106.4531
6/14/2016,106.9066
6/15/2016,106.8927
6/16/2016,107.3903
6/17/2016,106.4262
6/20/2016,105.6972
6/21/2016,105.9603
6/22/2016,105.8524
6/23/2016,105.3935
6/24/2016,107.3837
6/27/2016,108.4561
6/28/2016,108.4589
6/29/2016,107.7448
6/30/2016,108.369
7/1/2016,107.5478
7/4/2016,.
7/5/2016,108.0582
7/6/2016,108.2015
7/7/2016,108.161
7/8/2016,108.4536
7/11/2016,108.794
7/12/2016,108.4636
7/13/2016,108.1364
7/14/2016,108.0648
7/15/2016,108.5978
7/18/2016,108.5105
7/19/2016,109.0716
7/20/2016,109.1576
7/21/2016,109.0358
7/22/2016,109.6903
7/25/2016,109.674
7/26/2016,109.4592
7/27/2016,109.6599
7/28/2016,108.8725
7/29/2016,107.7193
8/1/2016,107.8701
8/2/2016,107.3188
8/3/2016,107.6182
8/4/2016,107.7567
8/5/2016,108.5246
8/8/2016,108.6396
8/9/2016,108.3379
8/10/2016,107.8275
8/11/2016,107.7484
8/12/2016,107.5787
8/15/2016,107.4666
8/16/2016,106.7392
8/17/2016,106.8931
8/18/2016,106.1652
8/19/2016,106.5688
8/22/2016,106.7131
8/23/2016,106.5953
8/24/2016,106.9024
8/25/2016,106.8934
8/26/2016,107.1704
8/29/2016,107.8025
8/30/2016,108.2274
8/31/2016,108.3827
9/1/2016,107.9841
9/2/2016,107.9806
9/5/2016,.
9/6/2016,106.8368
9/7/2016,106.9406
9/8/2016,107.0393
9/9/2016,107.6823
9/12/2016,107.5351
9/13/2016,107.8674
9/14/2016,107.7844
9/15/2016,107.7512
9/16/2016,108.4234
9/19/2016,108.2063
9/20/2016,108.3881
9/21/2016,108.1371
9/22/2016,107.4008
9/23/2016,107.8953
9/26/2016,107.6486
9/27/2016,108.0079
9/28/2016,108.0528
9/29/2016,107.6581
9/30/2016,107.6829
10/3/2016,108.0723
10/4/2016,108.4203
10/5/2016,108.6239
10/6/2016,109.0361
10/7/2016,109.4063
10/10/2016,.
10/11/2016,109.8672
10/12/2016,110.3423
10/13/2016,109.9633
10/14/2016,110.1299
10/17/2016,109.953
10/18/2016,109.7306
10/19/2016,109.8035
10/20/2016,110.2998
10/21/2016,110.9622
10/24/2016,111.0388
10/25/2016,110.9452
10/26/2016,110.8507
10/27/2016,111.1675
10/28/2016,111.1034
10/31/2016,110.8972
11/1/2016,110.3653
11/2/2016,109.743
11/3/2016,109.7153
11/4/2016,109.5406
11/7/2016,110.1828
11/8/2016,110.1605
11/9/2016,110.5827
11/10/2016,111.2892
11/11/2016,.
11/14/2016,112.56
11/15/2016,112.4388
11/16/2016,112.4497
11/17/2016,112.7607
11/18/2016,113.5221
11/21/2016,113.2725
11/22/2016,113.2213
11/23/2016,113.7343
11/24/2016,.
11/25/2016,113.7391
11/28/2016,113.4853
11/29/2016,113.3073
11/30/2016,113.7903
12/1/2016,113.1729
12/2/2016,112.771
12/5/2016,112.4756
12/6/2016,112.5044
12/7/2016,112.2753
12/8/2016,112.9279
12/9/2016,113.2798
12/12/2016,112.8531
12/13/2016,112.6427
12/14/2016,112.5014
12/15/2016,115.319
12/16/2016,114.6382
12/19/2016,114.7293
12/20/2016,115.179
12/21/2016,115.0663
12/22/2016,115.124
12/23/2016,115.3375
12/26/2016,.
12/27/2016,115.3836
12/28/2016,115.7568
12/29/2016,114.9161
12/30/2016,114.3984
1/2/2017,.
1/3/2017,115.2722
1/4/2017,114.5411
1/5/2017,113.3648
1/6/2017,113.8467
1/9/2017,113.807
1/10/2017,113.7601
1/11/2017,114.2164
1/12/2017,112.7565
1/13/2017,113.1299
1/16/2017,.
1/17/2017,112.1411
1/18/2017,112.5984
1/19/2017,113.4657
1/20/2017,.
1/23/2017,112.3466
1/24/2017,112.0464
1/25/2017,111.8006
1/26/2017,112.3774
1/27/2017,112.3902
1/30/2017,112.2562
1/31/2017,111.3255
2/1/2017,111.6629
2/2/2017,111.2349
2/3/2017,111.2773
2/6/2017,111.8733
2/7/2017,112.1282
2/8/2017,111.8928
2/9/2017,112.347
2/10/2017,112.2138
2/13/2017,112.5091
2/14/2017,112.7933
2/15/2017,112.6298
2/16/2017,112.1435
2/17/2017,112.4941
2/20/2017,.
2/21/2017,112.9209
2/22/2017,113.0175
2/23/2017,112.4664
2/24/2017,112.4879
2/27/2017,112.2798
2/28/2017,112.6913
3/1/2017,113.5084
3/2/2017,114.0368
3/3/2017,114.0024
3/6/2017,113.7395
3/7/2017,113.8052
3/8/2017,114.2851
3/9/2017,114.1858
3/10/2017,113.7889
3/13/2017,113.5579
3/14/2017,113.7591
3/15/2017,113.7398
3/16/2017,112.4862
3/17/2017,112.5474
3/20/2017,112.4491
3/21/2017,111.922
3/22/2017,111.9119
3/23/2017,111.919
3/24/2017,111.9624
3/27/2017,111.4285
3/28/2017,111.627
3/29/2017,112.2667
3/30/2017,112.1355
3/31/2017,112.3447
4/3/2017,112.7124
4/4/2017,112.7614
4/5/2017,112.7897
4/6/2017,112.819
4/7/2017,113.0147
4/10/2017,112.9617
4/11/2017,112.6643
4/12/2017,112.551
4/13/2017,112.2778
4/14/2017,112.3255
4/17/2017,111.9863
4/18/2017,111.8588
4/19/2017,112.1562
4/20/2017,111.9411
4/21/2017,112.2867
4/24/2017,111.7592
4/25/2017,111.6803
4/26/2017,112.0392
4/27/2017,112.1477
4/28/2017,112.0212
5/1/2017,111.9575
5/2/2017,112.1814
5/3/2017,112.1286
5/4/2017,112.0946
5/5/2017,111.8127
5/8/2017,112.228
5/9/2017,112.7064
5/10/2017,112.5452
5/11/2017,112.656
5/12/2017,112.3793
5/15/2017,111.9653
5/16/2017,111.3765
5/17/2017,110.8361
5/18/2017,110.7032
5/19/2017,110.3804
5/22/2017,110.0688
5/23/2017,110.2711
5/24/2017,110.3936
5/25/2017,110.1412
5/26/2017,110.4443
5/29/2017,.
5/30/2017,110.2621
5/31/2017,110.0728
6/1/2017,110.2449
6/2/2017,109.9039
6/5/2017,109.9107
6/6/2017,109.6063
6/7/2017,109.8586
6/8/2017,109.9778
6/9/2017,110.2154
6/12/2017,110.1403
6/13/2017,109.6431
6/14/2017,109.0236
6/15/2017,110.0098
6/16/2017,109.7169
6/19/2017,109.8815
6/20/2017,110.3244
6/21/2017,110.3564
6/22/2017,110.1056
6/23/2017,109.8669
6/26/2017,109.8131
6/27/2017,109.3139
6/28/2017,108.5589
6/29/2017,108.1998
6/30/2017,108.1724
7/3/2017,108.5752
7/4/2017,.
7/5/2017,108.7284
7/6/2017,108.2706
7/7/2017,108.3498
7/10/2017,108.383
7/11/2017,108.3934
7/12/2017,107.9004
7/13/2017,107.916
7/14/2017,107.1834
7/17/2017,107.1723
7/18/2017,106.5701
7/19/2017,106.5843
7/20/2017,106.1667
7/21/2017,105.9467
7/24/2017,105.8511
7/25/2017,105.842
7/26/2017,106.0426
7/27/2017,105.9687
7/28/2017,105.253
7/31/2017,104.9844
8/1/2017,105.1935
8/2/2017,104.9893
8/3/2017,105.0261
8/4/2017,105.8477
8/7/2017,105.8596
8/8/2017,106.0922
8/9/2017,105.9604
8/10/2017,105.8538
8/11/2017,105.5465
8/14/2017,105.7776
8/15/2017,106.2951
8/16/2017,106.3704
8/17/2017,105.8959
8/18/2017,105.6647
8/21/2017,105.3232
8/22/2017,105.5996
8/23/2017,105.4706
8/24/2017,105.3959
8/25/2017,104.9292
8/28/2017,104.5121
8/29/2017,104.3041
8/30/2017,105.0945
8/31/2017,105.0157
9/1/2017,104.6601
9/4/2017,.
9/5/2017,104.2831
9/6/2017,103.7284
9/7/2017,103.1479
9/8/2017,102.898
9/11/2017,103.4355
9/12/2017,103.5226
9/13/2017,104.0269
9/14/2017,103.9757
9/15/2017,103.4912
9/18/2017,103.8688
9/19/2017,103.756
9/20/2017,103.6411
9/21/2017,104.1455
9/22/2017,104.0004
9/25/2017,104.5313
9/26/2017,105.0249
9/27/2017,105.2867
9/28/2017,105.3057
9/29/2017,105.2735
10/2/2017,105.6477
10/3/2017,105.6093
10/4/2017,105.5492
10/5/2017,106.0537
10/6/2017,106.0061
10/9/2017,.
10/10/2017,105.4116
10/11/2017,105.3233
10/12/2017,105.2907
10/13/2017,105.1601
10/16/2017,105.3333
10/17/2017,105.8339
10/18/2017,105.6194
10/19/2017,105.3171
10/20/2017,106.0813
10/23/2017,106.1861
10/24/2017,106.338
10/25/2017,106.4371
10/26/2017,106.9618
10/27/2017,107.6253
10/30/2017,107.2084
10/31/2017,107.2435
11/1/2017,107.4424
11/2/2017,107.155
11/3/2017,107.3655
11/6/2017,107.2217
11/7/2017,107.4361
11/8/2017,107.2201
11/9/2017,106.8669
11/10/2017,.
11/13/2017,107.0255
11/14/2017,106.5628
11/15/2017,106.5223
11/16/2017,106.4321
11/17/2017,106.3071
11/20/2017,106.6155
11/21/2017,106.5323
11/22/2017,106.0589
11/23/2017,.
11/24/2017,105.3967
11/27/2017,105.5278
11/28/2017,105.8973
11/29/2017,106.0006
11/30/2017,105.9533
12/1/2017,105.3805
12/4/2017,105.7958
12/5/2017,105.882
12/6/2017,106.2697
12/7/2017,106.4017
12/8/2017,106.7574
12/11/2017,106.5138
12/12/2017,106.947
12/13/2017,106.6581
12/14/2017,106.3804
12/15/2017,106.5167
12/18/2017,106.2927
12/19/2017,106.4503
12/20/2017,106.1028
12/21/2017,105.8889
12/22/2017,106.0499
12/25/2017,.
12/26/2017,105.7906
12/27/2017,105.5176
12/28/2017,105.0486
12/29/2017,104.5264
1/1/2018,.
1/2/2018,104.2753
1/3/2018,104.4986
1/4/2018,104.3853
1/5/2018,104.2045
1/8/2018,104.5016
1/9/2018,104.7842
1/10/2018,104.5552
1/11/2018,104.3024
1/12/2018,103.7988
1/15/2018,.
1/16/2018,102.9847
1/17/2018,103.0384
1/18/2018,102.9386
1/19/2018,102.9726
1/22/2018,103.0218
1/23/2018,102.7377
1/24/2018,101.6814
1/25/2018,101.093
1/26/2018,101.3301
1/29/2018,101.8283
1/30/2018,101.6051
1/31/2018,101.3542
2/1/2018,101.1248
2/2/2018,101.7609
2/5/2018,102.1302
2/6/2018,102.3421
2/7/2018,102.8505
2/8/2018,103.0324
2/9/2018,103.0871
2/12/2018,102.981
2/13/2018,102.3936
2/14/2018,102.0642
2/15/2018,101.4485
2/16/2018,101.5904
2/19/2018,.
2/20/2018,102.3487
2/21/2018,102.7299
2/22/2018,102.6549
2/23/2018,102.5915
2/26/2018,102.7438
2/27/2018,103.1887
2/28/2018,103.4222
3/1/2018,103.5818
3/2/2018,.
3/5/2018,103.2823
3/6/2018,102.7527
3/7/2018,103.06
3/8/2018,103.3237
3/9/2018,103.0503
3/12/2018,103.0434
3/13/2018,102.8821
3/14/2018,103.0345
3/15/2018,103.4317
3/16/2018,103.7423
3/19/2018,103.4335
3/20/2018,103.7347
3/21/2018,.
3/22/2018,103.0347
3/23/2018,102.608
3/26/2018,102.272
3/27/2018,102.4882
3/28/2018,102.9568
3/29/2018,103.2507
3/30/2018,103.1229
4/2/2018,103.2882
4/3/2018,103.157
4/4/2018,103.0578
4/5/2018,103.4225
4/6/2018,103.0902
4/9/2018,102.735
4/10/2018,102.4554
4/11/2018,102.1555
4/12/2018,102.4346
4/13/2018,102.496
4/16/2018,102.1585
4/17/2018,102.2218
4/18/2018,102.3782
4/19/2018,102.6114
4/20/2018,103.2199
4/23/2018,103.9128
4/24/2018,103.8867
4/25/2018,104.2544
4/26/2018,104.5138
4/27/2018,104.6166
4/30/2018,104.7163
5/1/2018,105.3182
5/2/2018,105.4114
5/3/2018,105.3935
5/4/2018,105.4515
5/7/2018,105.5072
5/8/2018,106.0658
5/9/2018,105.8647
5/10/2018,105.58
5/11/2018,105.2458
5/14/2018,105.0935
5/15/2018,105.9395
5/16/2018,106.1329
5/17/2018,106.1243
5/18/2018,106.377
5/21/2018,106.3438
5/22/2018,106.0658
5/23/2018,106.6636
5/24/2018,106.4246
5/25/2018,106.8593
5/28/2018,.
5/29/2018,107.4157
5/30/2018,106.5406
5/31/2018,106.7566
6/1/2018,106.7244
6/4/2018,106.6321
6/5/2018,106.8762
6/6/2018,106.2114
6/7/2018,106.2563
6/8/2018,106.3294
6/11/2018,106.339
6/12/2018,106.3927
6/13/2018,106.4279
6/14/2018,107.352
6/15/2018,107.748
6/18/2018,107.9546
6/19/2018,108.1745
6/20/2018,108.1589
6/21/2018,108.1373
6/22/2018,107.9737
6/25/2018,107.663
6/26/2018,107.767
6/27/2018,108.3037
6/28/2018,108.2915
6/29/2018,107.5817
7/2/2018,108.1244
7/3/2018,107.6799
7/4/2018,.
7/5/2018,107.4056
7/6/2018,107.1123
7/9/2018,107.221
7/10/2018,107.3067
7/11/2018,107.4353
7/12/2018,107.7724
7/13/2018,107.9232
7/16/2018,107.6108
7/17/2018,108.0792
7/18/2018,108.2702
7/19/2018,108.7
7/20/2018,107.7047
7/23/2018,107.6752
7/24/2018,107.7285
7/25/2018,107.5679
7/26/2018,107.6566
7/27/2018,107.5452
7/30/2018,107.1798
7/31/2018,107.3553
8/1/2018,107.4922
8/2/2018,107.7601
8/3/2018,107.6982
8/6/2018,108.0047
8/7/2018,107.8639
8/8/2018,108.0119
8/9/2018,108.0881
8/10/2018,109.0424
8/13/2018,109.0912
8/14/2018,109.2518
8/15/2018,109.4676
8/16/2018,109.2192
8/17/2018,108.92
8/20/2018,108.7651
8/21/2018,108.1846
8/22/2018,107.8153
8/23/2018,108.2169
8/24/2018,107.8655
8/27/2018,107.4849
8/28/2018,107.202
8/29/2018,107.3182
8/30/2018,107.551
8/31/2018,107.9499
9/3/2018,.
9/4/2018,108.5237
9/5/2018,108.2519
9/6/2018,108.1577
9/7/2018,108.3208
9/10/2018,108.1178
9/11/2018,108.1712
9/12/2018,107.6727
9/13/2018,107.48
9/14/2018,107.6344
9/17/2018,107.3797
9/18/2018,107.2804
9/19/2018,107.2101
9/20/2018,106.8918
9/21/2018,107.0335
9/24/2018,106.9305
9/25/2018,106.9858
9/26/2018,107.0776
9/27/2018,107.762
9/28/2018,107.721
10/1/2018,107.7773
10/2/2018,107.8643
10/3/2018,108.1361
10/4/2018,108.3562
10/5/2018,108.3915
10/8/2018,.
10/9/2018,108.3909
10/10/2018,108.1035
10/11/2018,108.0819
10/12/2018,108.0665
10/15/2018,107.728
10/16/2018,107.6738
10/17/2018,108.0853
10/18/2018,108.5037
10/19/2018,108.6017
10/22/2018,108.8955
10/23/2018,108.7489
10/24/2018,109.0078
10/25/2018,109.3039
10/26/2018,109.202
10/29/2018,109.4068
10/30/2018,109.6295
10/31/2018,109.7235
11/1/2018,109.1854
11/2/2018,109.2875
11/5/2018,109.1805
11/6/2018,109.1423
11/7/2018,108.7817
11/8/2018,109.0679
11/9/2018,109.8441
11/12/2018,.
11/13/2018,109.9659
11/14/2018,109.8781
11/15/2018,109.915
11/16/2018,109.3538
11/19/2018,109.1455
11/20/2018,109.5691
11/21/2018,109.7001
11/22/2018,.
11/23/2018,109.806
11/26/2018,109.9085
11/27/2018,110.4227
11/28/2018,110.4018
11/29/2018,109.7757
11/30/2018,110.0581
12/3/2018,109.7121
12/4/2018,109.7275
12/5/2018,.
12/6/2018,110.0248
12/7/2018,109.7461
12/10/2018,110.2509
12/11/2018,110.6136
12/12/2018,110.1075
12/13/2018,110.2256
12/14/2018,110.6018
12/17/2018,110.3477
12/18/2018,110.3411
12/19/2018,109.9667
12/20/2018,110.0484
12/21/2018,110.2462
12/24/2018,110.2462
12/25/2018,.
12/26/2018,110.1564
12/27/2018,110.4078
12/28/2018,110.0553
12/31/2018,109.8869
1/1/2019,.
1/2/2019,110.3055
1/3/2019,109.719
1/4/2019,109.3472
1/7/2019,108.8765
1/8/2019,109.0205
1/9/2019,108.3986
1/10/2019,108.4757
1/11/2019,108.621
1/14/2019,.
1/15/2019,109.1451
1/16/2019,108.9532
1/17/2019,109.1432
1/18/2019,109.3003
1/21/2019,.
1/22/2019,109.3906
1/23/2019,109.226
1/24/2019,109.552
1/25/2019,108.8354
1/28/2019,108.6984
1/29/2019,108.8039
1/30/2019,108.7628
1/31/2019,108.2853
2/1/2019,108.2465
2/4/2019,108.5744
2/5/2019,108.8324
2/6/2019,109.0847
2/7/2019,109.4174
2/8/2019,109.5287
2/11/2019,109.9462
2/12/2019,109.6662
2/13/2019,109.7812
2/14/2019,110.0482
2/15/2019,109.9344
2/18/2019,.
2/19/2019,109.4713
2/20/2019,.
2/21/2019,109.3163
2/22/2019,109.2503
2/25/2019,109.2694
2/26/2019,108.9164
2/27/2019,108.8411
2/28/2019,108.9479
3/1/2019,109.3437
3/4/2019,109.6624
3/5/2019,109.9324
3/6/2019,110.034
3/7/2019,110.4679
3/8/2019,110.3709
3/11/2019,110.3668
3/12/2019,110.068
3/13/2019,109.6316
3/14/2019,109.6767
3/15/2019,109.5935
3/18/2019,109.5745
3/19/2019,109.3844
3/20/2019,109.4943
3/21/2019,109.5537
3/22/2019,109.6945
3/25/2019,109.5878
3/26/2019,109.7331
3/27/2019,109.9956
3/28/2019,110.1447
3/29/2019,110.0942
4/1/2019,110.1097
4/2/2019,110.3685
4/3/2019,109.8951
4/4/2019,110.2257
4/5/2019,110.3761
4/8/2019,109.9544
4/9/2019,109.8521
4/10/2019,109.8353
4/11/2019,110.1011
4/12/2019,109.855
4/15/2019,109.9396
4/16/2019,109.9924
4/17/2019,110.0059
4/18/2019,110.3516
4/19/2019,110.3563
4/22/2019,110.2672
4/23/2019,110.6841
4/24/2019,110.8741
4/25/2019,111.1901
4/26/2019,111.005
4/29/2019,110.9696
4/30/2019,110.6384
5/1/2019,110.3211
5/2/2019,110.8081
5/3/2019,110.5783
5/6/2019,110.5846
5/7/2019,110.7091
5/8/2019,110.5549
5/9/2019,110.4615
5/10/2019,110.2233
5/13/2019,110.3643
5/14/2019,110.5763
5/15/2019,110.5278
5/16/2019,110.7757
5/17/2019,111.0235
5/20/2019,110.8865
5/21/2019,111.0035
5/22/2019,111.0079
5/23/2019,110.9473
5/24/2019,110.7246
5/27/2019,.
5/28/2019,110.9227
5/29/2019,111.2188
5/30/2019,111.2153
5/31/2019,111.0451
6/3/2019,110.629
6/4/2019,110.2787
6/5/2019,110.1862
6/6/2019,109.8617
6/7/2019,109.5148
6/10/2019,109.6384
6/11/2019,109.672
6/12/2019,109.7456
6/13/2019,109.9892
6/14/2019,110.4472
6/17/2019,110.4609
6/18/2019,110.6123
6/19/2019,110.3671
6/20/2019,109.4486
6/21/2019,109.2795
6/24/2019,108.8664
6/25/2019,108.7622
6/26/2019,108.7507
6/27/2019,108.8679
6/28/2019,108.7837
7/1/2019,109.3336
7/2/2019,109.3081
7/3/2019,109.2924
7/4/2019,.
7/5/2019,109.8378
7/8/2019,109.8586
7/9/2019,109.9925
7/10/2019,109.6131
7/11/2019,109.4696
7/12/2019,109.3509
7/15/2019,109.3141
7/16/2019,109.7201
7/17/2019,109.5616
7/18/2019,109.5743
7/19/2019,109.5642
7/22/2019,109.7064
7/23/2019,110.0738
7/24/2019,110.0862
7/25/2019,110.1845
7/26/2019,110.5624
7/29/2019,110.5567
7/30/2019,110.6587
7/31/2019,110.5781
8/1/2019,111.0587
8/2/2019,110.6447
8/5/2019,110.1
8/6/2019,110.345
8/7/2019,110.2177
8/8/2019,110.1821
8/9/2019,110.0324
8/12/2019,110.1248
8/13/2019,110.3893
8/14/2019,110.6861
8/15/2019,110.836
8/16/2019,110.8143
8/19/2019,110.9001
8/20/2019,110.931
8/21/2019,110.8091
8/22/2019,110.8013
8/23/2019,110.4127
8/26/2019,110.6014
8/27/2019,110.6005
8/28/2019,110.7528
8/29/2019,111.0276
8/30/2019,111.3235
9/2/2019,.
9/3/2019,111.4995
9/4/2019,110.9677
9/5/2019,110.8494
9/6/2019,110.6663
9/9/2019,110.5408
9/10/2019,110.644
9/11/2019,111.0375
9/12/2019,110.7401
9/13/2019,110.7883
9/16/2019,111.0342
9/17/2019,110.7939
9/18/2019,110.9258
9/19/2019,110.9116
9/20/2019,111.1031
9/23/2019,111.1336
9/24/2019,110.9673
9/25/2019,111.4478
9/26/2019,111.4879
9/27/2019,111.5001
9/30/2019,111.694
10/1/2019,111.5767
10/2/2019,111.5709
10/3/2019,111.2671
10/4/2019,111.4418
10/7/2019,111.3568
10/8/2019,111.6832
10/9/2019,111.6026
10/10/2019,111.1887
10/11/2019,110.6707
10/14/2019,.
10/15/2019,110.7386
10/16/2019,110.4267
10/17/2019,109.9698
10/18/2019,109.7852
10/21/2019,109.6797
10/22/2019,109.7218
10/23/2019,109.8955
10/24/2019,110.0381
10/25/2019,110.0794
10/28/2019,110.0424
10/29/2019,109.8981
10/30/2019,110.1227
10/31/2019,109.7134
11/1/2019,109.6327
11/4/2019,109.844
11/5/2019,110.3583
11/6/2019,110.3147
11/7/2019,110.5426
11/8/2019,110.778
11/11/2019,.
11/12/2019,110.7176
11/13/2019,110.7642
11/14/2019,110.6533
11/15/2019,110.5183
11/18/2019,110.24
11/19/2019,110.3623
11/20/2019,110.6388
11/21/2019,110.5168
11/22/2019,110.8329
11/25/2019,110.9473
11/26/2019,110.9214
11/27/2019,110.9764
11/28/2019,.
11/29/2019,110.8929
12/2/2019,110.5639
12/3/2019,110.3278
12/4/2019,110.1523
12/5/2019,109.8653
12/6/2019,110.3007
12/9/2019,110.1319
12/10/2019,110.0369
12/11/2019,109.9284
12/12/2019,109.8869
12/13/2019,109.679
12/16/2019,109.6024
12/17/2019,109.7425
12/18/2019,109.8397
12/19/2019,109.7484
12/20/2019,110.1076
12/23/2019,110.1383
12/24/2019,.
12/25/2019,.
12/26/2019,109.9291
12/27/2019,109.3647
12/30/2019,108.9868
12/31/2019,108.5787
1/1/2020,.
1/2/2020,109.0416
1/3/2020,108.9542
1/6/2020,108.8501
1/7/2020,109.2669
1/8/2020,109.453
1/9/2020,109.7493
1/10/2020,109.6041
1/13/2020,109.6305
1/14/2020,109.6452
1/15/2020,109.4374
1/16/2020,109.562
1/17/2020,109.858
1/20/2020,.
1/21/2020,109.798
1/22/2020,109.9291
1/23/2020,110.087
1/24/2020,110.1851
1/27/2020,110.2787
1/28/2020,110.4277
1/29/2020,110.4982
1/30/2020,110.2661
1/31/2020,109.9446
2/3/2020,110.3947
2/4/2020,110.4833
2/5/2020,110.7777
2/6/2020,110.9818
2/7/2020,111.1866
2/10/2020,111.3553
2/11/2020,111.2402
2/12/2020,111.1902
2/13/2020,111.3323
2/14/2020,111.3931
2/17/2020,.
2/18/2020,111.5428
2/19/2020,111.8584
2/20/2020,112.0769
2/21/2020,111.596
2/24/2020,111.6333
2/25/2020,111.4771
2/26/2020,111.5959
2/27/2020,111.2865
2/28/2020,111.1599
3/2/2020,110.2259
3/3/2020,110.031
3/4/2020,110.378
3/5/2020,109.8067
3/6/2020,109.065
3/9/2020,108.4191
3/10/2020,109.6964
3/11/2020,110.0764
3/12/2020,111.8235
3/13/2020,112.5503
3/16/2020,112.117
3/17/2020,113.9844
3/18/2020,115.8997
3/19/2020,116.7218
3/20/2020,116.6651
3/23/2020,117.0314
3/24/2020,116.3219
3/25/2020,115.8082
3/26/2020,113.554
3/27/2020,112.994
3/30/2020,113.3548
3/31/2020,113.1253
4/1/2020,113.7338
4/2/2020,113.9754
4/3/2020,114.607
4/6/2020,114.488
4/7/2020,113.6584
4/8/2020,113.7453
4/9/2020,113.1979
4/10/2020,113.03
4/13/2020,113.0487
4/14/2020,112.4417
4/15/2020,113.3633
4/16/2020,113.9005
4/17/2020,113.3138
4/20/2020,113.4944
4/21/2020,114.1541
4/22/2020,114.0469
4/23/2020,113.7838
4/24/2020,114.0371
4/27/2020,113.625
4/28/2020,113.3663
4/29/2020,113.1421
4/30/2020,112.568
5/1/2020,112.816
5/4/2020,113.2658
5/5/2020,113.3538
5/6/2020,113.853
5/7/2020,113.4243
5/8/2020,113.0004
5/11/2020,113.738
5/12/2020,113.4361
5/13/2020,113.7895
5/14/2020,114.0319
5/15/2020,114.0747
5/18/2020,113.262
5/19/2020,112.9568
5/20/2020,112.7217
5/21/2020,113.0293
5/22/2020,113.4962
5/25/2020,.
5/26/2020,112.5018
5/27/2020,112.5981
5/28/2020,111.9493
5/29/2020,111.9067
6/1/2020,111.1255
6/2/2020,110.8008
6/3/2020,110.3499
6/4/2020,110.0859
6/5/2020,109.9838
6/8/2020,109.7209
6/9/2020,109.4504
6/10/2020,109.2135
6/11/2020,109.5639
6/12/2020,110.4061
6/15/2020,110.386
6/16/2020,110.2471
6/17/2020,110.468
6/18/2020,110.5902
6/19/2020,110.7996
6/22/2020,110.2477
6/23/2020,109.7404
6/24/2020,110.3491
6/25/2020,110.765
6/26/2020,110.9364
6/29/2020,110.9733
6/30/2020,110.6861
7/1/2020,110.3637
7/2/2020,110.4891
7/3/2020,.
7/6/2020,110.0458
7/7/2020,110.0767
7/8/2020,109.7969
7/9/2020,109.9805
7/10/2020,109.8242
7/13/2020,109.6898
7/14/2020,109.6639
7/15/2020,109.4136
7/16/2020,109.325
7/17/2020,109.4268
7/20/2020,109.2249
7/21/2020,108.6211
7/22/2020,108.2016
7/23/2020,107.8932
7/24/2020,107.8095
7/27/2020,107.1046
7/28/2020,107.0005
7/29/2020,106.8439
7/30/2020,106.8661
7/31/2020,106.6284
8/3/2020,107.1256
8/4/2020,106.8938
8/5/2020,105.9492
8/6/2020,106.2002
8/7/2020,106.9255
8/10/2020,106.8651
8/11/2020,106.8222
8/12/2020,106.6257
8/13/2020,106.4366
8/14/2020,106.3837
8/17/2020,106.0463
8/18/2020,105.5794
8/19/2020,105.7912
8/20/2020,105.95
8/21/2020,106.452
8/24/2020,106.3923
8/25/2020,106.272
8/26/2020,106.0837
8/27/2020,105.9434
8/28/2020,105.9434
8/31/2020,105.0275
9/1/2020,105.0846
9/2/2020,105.6619
9/3/2020,105.9107
9/4/2020,105.9588
9/7/2020,.
9/8/2020,106.4429
9/9/2020,106.3115
9/10/2020,106.1651
9/11/2020,106.4541
