,USSO1 CURNCY
1/1/2008,3.6325
1/2/2008,3.516
1/3/2008,3.467
1/4/2008,3.369
1/7/2008,3.34
1/8/2008,3.306
1/9/2008,3.307
1/10/2008,3.214
1/11/2008,3.049
1/14/2008,3.01
1/15/2008,2.997
1/16/2008,3.0755
1/17/2008,2.936
1/18/2008,2.845
1/21/2008,2.7265
1/22/2008,2.385
1/23/2008,2.4703
1/24/2008,2.6693
1/25/2008,2.5425
1/28/2008,2.493
1/29/2008,2.5675
1/30/2008,2.421
1/31/2008,2.3345
2/1/2008,2.377
2/4/2008,2.3695
2/5/2008,2.2033
2/6/2008,2.192
2/7/2008,2.2815
2/8/2008,2.198
2/11/2008,2.188
2/12/2008,2.183
2/13/2008,2.196
2/14/2008,2.173
2/15/2008,2.1555
2/18/2008,2.2345
2/19/2008,2.305
2/20/2008,2.3365
2/21/2008,2.215
2/22/2008,2.305
2/25/2008,2.336
2/26/2008,2.2385
2/27/2008,2.1825
2/28/2008,2.086
2/29/2008,1.9275
3/3/2008,1.969
3/4/2008,1.9995
3/5/2008,2.061
3/6/2008,1.9115
3/7/2008,1.8885
3/10/2008,1.856
3/11/2008,2.039
3/12/2008,1.9665
3/13/2008,1.922
3/14/2008,1.6995
3/17/2008,1.559
3/18/2008,1.7765
3/19/2008,1.717
3/20/2008,1.873
3/21/2008,1.8755
3/24/2008,1.964
3/25/2008,1.912
3/26/2008,1.8465
3/27/2008,1.855
3/28/2008,1.8385
3/31/2008,1.7935
4/1/2008,1.9255
4/2/2008,1.991
4/3/2008,1.976
4/4/2008,1.877
4/7/2008,1.935
4/8/2008,1.9035
4/9/2008,1.8605
4/10/2008,1.903
4/11/2008,1.8395
4/14/2008,1.8755
4/15/2008,1.957
4/16/2008,1.995
4/17/2008,2.042
4/18/2008,2.079
4/21/2008,2.123
4/22/2008,2.156
4/23/2008,2.159
4/24/2008,2.2245
4/25/2008,2.243
4/28/2008,2.184
4/29/2008,2.1965
4/30/2008,2.1065
5/1/2008,2.131
5/2/2008,2.192
5/5/2008,2.1855
5/6/2008,2.164
5/7/2008,2.123
5/8/2008,2.0838
5/9/2008,2.1243
5/12/2008,2.157
5/13/2008,2.2505
5/14/2008,2.2573
5/15/2008,2.21
5/16/2008,2.2325
5/19/2008,2.22
5/20/2008,2.2045
5/21/2008,2.2335
5/22/2008,2.289
5/23/2008,2.2665
5/26/2008,2.2815
5/27/2008,2.294
5/28/2008,2.314
5/29/2008,2.3525
5/30/2008,2.348
6/2/2008,2.275
6/3/2008,2.2435
6/4/2008,2.276
6/5/2008,2.308
6/6/2008,2.28
6/9/2008,2.497
6/10/2008,2.708
6/11/2008,2.612
6/12/2008,2.814
6/13/2008,2.806
6/16/2008,2.8145
6/17/2008,2.67
6/18/2008,2.6325
6/19/2008,2.6705
6/20/2008,2.6415
6/23/2008,2.6695
6/24/2008,2.6015
6/25/2008,2.5735
6/26/2008,2.4985
6/27/2008,2.449
6/30/2008,2.4745
7/1/2008,2.4805
7/2/2008,2.454
7/3/2008,2.418
7/4/2008,2.4125
7/7/2008,2.3375
7/8/2008,2.3345
7/9/2008,2.296
7/10/2008,2.3255
7/11/2008,2.3805
7/14/2008,2.3055
7/15/2008,2.2305
7/16/2008,2.2905
7/17/2008,2.3515
7/18/2008,2.443
7/21/2008,2.404
7/22/2008,2.465
7/23/2008,2.509
7/24/2008,2.3725
7/25/2008,2.431
7/28/2008,2.36
7/29/2008,2.387
7/30/2008,2.4025
7/31/2008,2.353
8/1/2008,2.3705
8/4/2008,2.398
8/5/2008,2.3745
8/6/2008,2.381
8/7/2008,2.283
8/8/2008,2.3125
8/11/2008,2.3475
8/12/2008,2.266
8/13/2008,2.285
8/14/2008,2.272
8/15/2008,2.266
8/18/2008,2.2475
8/19/2008,2.214
8/20/2008,2.2045
8/21/2008,2.2285
8/22/2008,2.2995
8/25/2008,2.2465
8/26/2008,2.2315
8/27/2008,2.1945
8/28/2008,2.2175
8/29/2008,2.236
9/1/2008,2.1995
9/2/2008,2.186
9/3/2008,2.1875
9/4/2008,2.12
9/5/2008,2.173
9/8/2008,2.1515
9/9/2008,2.105
9/10/2008,2.1085
9/11/2008,2.08
9/12/2008,2.0885
9/15/2008,1.6745
9/16/2008,1.82
9/17/2008,1.688
9/18/2008,1.839
9/19/2008,2.077
9/22/2008,2.0535
9/23/2008,2.0195
9/24/2008,1.994
9/25/2008,1.914
9/26/2008,1.852
9/29/2008,1.64
9/30/2008,1.88
10/1/2008,1.78
10/2/2008,1.6435
10/3/2008,1.516
10/6/2008,1.436
10/7/2008,1.443
10/8/2008,1.375
10/9/2008,1.332
10/10/2008,1.376
10/13/2008,1.39
10/14/2008,1.443
10/15/2008,1.2995
10/16/2008,1.35
10/17/2008,1.318
10/20/2008,1.361
10/21/2008,1.2715
10/22/2008,1.183
10/23/2008,1.1965
10/24/2008,1.168
10/27/2008,1.0865
10/28/2008,1.074
10/29/2008,0.9805
10/30/2008,0.978
10/31/2008,1.025
11/3/2008,0.98
11/4/2008,0.951
11/5/2008,0.9
11/6/2008,0.895
11/7/2008,0.8655
11/10/2008,0.8245
11/11/2008,0.751
11/12/2008,0.781
11/13/2008,0.874
11/14/2008,0.84
11/17/2008,0.774
11/18/2008,0.752
11/19/2008,0.703
11/20/2008,0.591
11/21/2008,0.675
11/24/2008,0.702
11/25/2008,0.635
11/26/2008,0.653
11/27/2008,0.7065
11/28/2008,0.628
12/1/2008,0.577
12/2/2008,0.542
12/3/2008,0.528
12/4/2008,0.527
12/5/2008,0.582
12/8/2008,0.556
12/9/2008,0.49
12/10/2008,0.499
12/11/2008,0.464
12/12/2008,0.5095
12/15/2008,0.489
12/16/2008,0.318
12/17/2008,0.4
12/18/2008,0.4115
12/19/2008,0.411
12/22/2008,0.45
12/23/2008,0.4235
12/24/2008,0.433
12/25/2008,0.445
12/26/2008,0.438
12/29/2008,0.356
12/30/2008,0.366
12/31/2008,0.415
1/1/2009,0.4455
1/2/2009,0.423
1/5/2009,0.368
1/6/2009,0.36
1/7/2009,0.356
1/8/2009,0.35
1/9/2009,0.351
1/12/2009,0.34
1/13/2009,0.3275
1/14/2009,0.306
1/15/2009,0.329
1/16/2009,0.3255
1/19/2009,0.32
1/20/2009,0.311
1/21/2009,0.3305
1/22/2009,0.365
1/23/2009,0.3855
1/26/2009,0.4065
1/27/2009,0.354
1/28/2009,0.39
1/29/2009,0.3965
1/30/2009,0.441
2/2/2009,0.4045
2/3/2009,0.405
2/4/2009,0.402
2/5/2009,0.3925
2/6/2009,0.401
2/9/2009,0.407
2/10/2009,0.402
2/11/2009,0.394
2/12/2009,0.395
2/13/2009,0.4
2/16/2009,0.389
2/17/2009,0.3865
2/18/2009,0.377
2/19/2009,0.3925
2/20/2009,0.373
2/23/2009,0.3625
2/24/2009,0.374
2/25/2009,0.405
2/26/2009,0.416
2/27/2009,0.391
3/2/2009,0.3615
3/3/2009,0.367
3/4/2009,0.384
3/5/2009,0.381
3/6/2009,0.406
3/9/2009,0.403
3/10/2009,0.412
3/11/2009,0.4095
3/12/2009,0.394
3/13/2009,0.376
3/16/2009,0.3815
3/17/2009,0.3855
3/18/2009,0.335
3/19/2009,0.362
3/20/2009,0.353
3/23/2009,0.363
3/24/2009,0.373
3/25/2009,0.378
3/26/2009,0.374
3/27/2009,0.377
3/30/2009,0.363
3/31/2009,0.3395
4/1/2009,0.34
4/2/2009,0.359
4/3/2009,0.374
4/6/2009,0.382
4/7/2009,0.365
4/8/2009,0.3775
4/9/2009,0.37
4/10/2009,0.38
4/13/2009,0.366
4/14/2009,0.333
4/15/2009,0.335
4/16/2009,0.35
4/17/2009,0.3755
4/20/2009,0.369
4/21/2009,0.365
4/22/2009,0.374
4/23/2009,0.372
4/24/2009,0.374
4/27/2009,0.346
4/28/2009,0.362
4/29/2009,0.354
4/30/2009,0.319
5/1/2009,0.359
5/4/2009,0.3675
5/5/2009,0.3525
5/6/2009,0.36
5/7/2009,0.376
5/8/2009,0.386
5/11/2009,0.378
5/12/2009,0.375
5/13/2009,0.377
5/14/2009,0.373
5/15/2009,0.36
5/18/2009,0.3685
5/19/2009,0.361
5/20/2009,0.342
5/21/2009,0.3445
5/22/2009,0.345
5/25/2009,0.3245
5/26/2009,0.361
5/27/2009,0.378
5/28/2009,0.369
5/29/2009,0.3555
6/1/2009,0.384
6/2/2009,0.37
6/3/2009,0.385
6/4/2009,0.4205
6/5/2009,0.6455
6/8/2009,0.651
6/9/2009,0.578
6/10/2009,0.596
6/11/2009,0.565
6/12/2009,0.54
6/15/2009,0.5175
6/16/2009,0.514
6/17/2009,0.5025
6/18/2009,0.5385
6/19/2009,0.5135
6/22/2009,0.4805
6/23/2009,0.463
6/24/2009,0.482
6/25/2009,0.44
6/26/2009,0.461
6/29/2009,0.47
6/30/2009,0.471
7/1/2009,0.4765
7/2/2009,0.423
7/3/2009,0.4175
7/6/2009,0.418
7/7/2009,0.417
7/8/2009,0.413
7/9/2009,0.399
7/10/2009,0.4135
7/13/2009,0.413
7/14/2009,0.435
7/15/2009,0.4605
7/16/2009,0.44
7/17/2009,0.442
7/20/2009,0.441
7/21/2009,0.4105
7/22/2009,0.4125
7/23/2009,0.4395
7/24/2009,0.434
7/27/2009,0.437
7/28/2009,0.458
7/29/2009,0.472
7/30/2009,0.492
7/31/2009,0.475
8/3/2009,0.529
8/4/2009,0.51
8/5/2009,0.541
8/6/2009,0.5355
8/7/2009,0.5735
8/10/2009,0.549
8/11/2009,0.493
8/12/2009,0.475
8/13/2009,0.452
8/14/2009,0.4415
8/17/2009,0.441
8/18/2009,0.438
8/19/2009,0.408
8/20/2009,0.416
8/21/2009,0.469
8/24/2009,0.424
8/25/2009,0.419
8/26/2009,0.4335
8/27/2009,0.418
8/28/2009,0.4105
8/31/2009,0.407
9/1/2009,0.3885
9/2/2009,0.386
9/3/2009,0.4025
9/4/2009,0.406
9/7/2009,0.387
9/8/2009,0.391
9/9/2009,0.388
9/10/2009,0.381
9/11/2009,0.396
9/14/2009,0.4065
9/15/2009,0.414
9/16/2009,0.4305
9/17/2009,0.42
9/18/2009,0.449
9/21/2009,0.4325
9/22/2009,0.4305
9/23/2009,0.399
9/24/2009,0.4
9/25/2009,0.446
9/28/2009,0.4355
9/29/2009,0.4405
9/30/2009,0.437
10/1/2009,0.4085
10/2/2009,0.4155
10/5/2009,0.4075
10/6/2009,0.4145
10/7/2009,0.414
10/8/2009,0.415
10/9/2009,0.463
10/12/2009,0.4435
10/13/2009,0.426
10/14/2009,0.422
10/15/2009,0.436
10/16/2009,0.451
10/19/2009,0.438
10/20/2009,0.437
10/21/2009,0.442
10/22/2009,0.4315
10/23/2009,0.469
10/26/2009,0.478
10/27/2009,0.4355
10/28/2009,0.414
10/29/2009,0.422
10/30/2009,0.401
11/2/2009,0.403
11/3/2009,0.4095
11/4/2009,0.388
11/5/2009,0.3715
11/6/2009,0.349
11/9/2009,0.347
11/10/2009,0.326
11/11/2009,0.3165
11/12/2009,0.311
11/13/2009,0.32
11/16/2009,0.294
11/17/2009,0.2955
11/18/2009,0.284
11/19/2009,0.277
11/20/2009,0.28
11/23/2009,0.279
11/24/2009,0.2715
11/25/2009,0.3
11/26/2009,0.27
11/27/2009,0.2865
11/30/2009,0.281
12/1/2009,0.2915
12/2/2009,0.325
12/3/2009,0.337
12/4/2009,0.401
12/7/2009,0.364
12/8/2009,0.338
12/9/2009,0.34
12/10/2009,0.355
12/11/2009,0.3745
12/14/2009,0.399
12/15/2009,0.4115
12/16/2009,0.4
12/17/2009,0.356
12/18/2009,0.369
12/21/2009,0.388
12/22/2009,0.41
12/23/2009,0.421
12/24/2009,0.461
12/25/2009,0.451
12/28/2009,0.496
12/29/2009,0.4885
12/30/2009,0.4835
12/31/2009,0.512
1/1/2010,0.506
1/4/2010,0.4665
1/5/2010,0.435
1/6/2010,0.415
1/7/2010,0.4185
1/8/2010,0.3875
1/11/2010,0.3735
1/12/2010,0.3553
1/13/2010,0.392
1/14/2010,0.365
1/15/2010,0.348
1/18/2010,0.342
1/19/2010,0.355
1/20/2010,0.358
1/21/2010,0.332
1/22/2010,0.32
1/25/2010,0.325
1/26/2010,0.33
1/27/2010,0.3605
1/28/2010,0.3345
1/29/2010,0.32
2/1/2010,0.3395
2/2/2010,0.34
2/3/2010,0.361
2/4/2010,0.325
2/5/2010,0.311
2/8/2010,0.323
2/9/2010,0.333
2/10/2010,0.3495
2/11/2010,0.3645
2/12/2010,0.348
2/15/2010,0.346
2/16/2010,0.3285
2/17/2010,0.345
2/18/2010,0.382
2/19/2010,0.378
2/22/2010,0.352
2/23/2010,0.3355
2/24/2010,0.323
2/25/2010,0.304
2/26/2010,0.304
3/1/2010,0.296
3/2/2010,0.29
3/3/2010,0.3
3/4/2010,0.339
3/5/2010,0.365
3/8/2010,0.364
3/9/2010,0.3465
3/10/2010,0.363
3/11/2010,0.388
3/12/2010,0.404
3/15/2010,0.3805
3/16/2010,0.369
3/17/2010,0.3575
3/18/2010,0.392
3/19/2010,0.418
3/22/2010,0.396
3/23/2010,0.397
3/24/2010,0.4245
3/25/2010,0.416
3/26/2010,0.42
3/29/2010,0.4218
3/30/2010,0.4275
3/31/2010,0.4275
4/1/2010,0.4083
4/2/2010,0.4275
4/5/2010,0.4735
4/6/2010,0.45
4/7/2010,0.4025
4/8/2010,0.4275
4/9/2010,0.4188
4/12/2010,0.408
4/13/2010,0.4155
4/14/2010,0.416
4/15/2010,0.404
4/16/2010,0.38
4/19/2010,0.386
4/20/2010,0.408
4/21/2010,0.413
4/22/2010,0.42
4/23/2010,0.449
4/26/2010,0.4495
4/27/2010,0.408
4/28/2010,0.406
4/29/2010,0.4105
4/30/2010,0.415
5/3/2010,0.437
5/4/2010,0.415
5/5/2010,0.411
5/6/2010,0.385
5/7/2010,0.389
5/10/2010,0.394
5/11/2010,0.38
5/12/2010,0.3735
5/13/2010,0.357
5/14/2010,0.35
5/17/2010,0.3525
5/18/2010,0.35
5/19/2010,0.353
5/20/2010,0.346
5/21/2010,0.3435
5/24/2010,0.337
5/25/2010,0.335
5/26/2010,0.3635
5/27/2010,0.37
5/28/2010,0.362
5/31/2010,0.37
6/1/2010,0.3585
6/2/2010,0.376
6/3/2010,0.374
6/4/2010,0.334
6/7/2010,0.343
6/8/2010,0.3415
6/9/2010,0.336
6/10/2010,0.336
6/11/2010,0.3285
6/14/2010,0.3285
6/15/2010,0.335
6/16/2010,0.324
6/17/2010,0.3165
6/18/2010,0.315
6/21/2010,0.311
6/22/2010,0.307
6/23/2010,0.296
6/24/2010,0.2995
6/25/2010,0.287
6/28/2010,0.28
6/29/2010,0.2915
6/30/2010,0.29
7/1/2010,0.2915
7/2/2010,0.292
7/5/2010,0.281
7/6/2010,0.285
7/7/2010,0.279
7/8/2010,0.279
7/9/2010,0.279
7/12/2010,0.282
7/13/2010,0.276
7/14/2010,0.2665
7/15/2010,0.265
7/16/2010,0.256
7/19/2010,0.254
7/20/2010,0.249
7/21/2010,0.244
7/22/2010,0.231
7/23/2010,0.2355
7/26/2010,0.247
7/27/2010,0.265
7/28/2010,0.258
7/29/2010,0.25
7/30/2010,0.238
8/2/2010,0.232
8/3/2010,0.218
8/4/2010,0.2285
8/5/2010,0.216
8/6/2010,0.203
8/9/2010,0.2105
8/10/2010,0.206
8/11/2010,0.204
8/12/2010,0.213
8/13/2010,0.2115
8/16/2010,0.2088
8/17/2010,0.22
8/18/2010,0.21
8/19/2010,0.204
8/20/2010,0.2035
8/23/2010,0.201
8/24/2010,0.205
8/25/2010,0.206
8/26/2010,0.209
8/27/2010,0.221
8/30/2010,0.21
8/31/2010,0.208
9/1/2010,0.218
9/2/2010,0.215
9/3/2010,0.213
9/6/2010,0.22
9/7/2010,0.2115
9/8/2010,0.222
9/9/2010,0.2355
9/10/2010,0.238
9/13/2010,0.223
9/14/2010,0.2188
9/15/2010,0.222
9/16/2010,0.215
9/17/2010,0.218
9/20/2010,0.212
9/21/2010,0.206
9/22/2010,0.2045
9/23/2010,0.199
9/24/2010,0.208
9/27/2010,0.203
9/28/2010,0.195
9/29/2010,0.1935
9/30/2010,0.1995
10/1/2010,0.2035
10/4/2010,0.196
10/5/2010,0.1885
10/6/2010,0.179
10/7/2010,0.174
10/8/2010,0.178
10/11/2010,0.173
10/12/2010,0.176
10/13/2010,0.168
10/14/2010,0.178
10/15/2010,0.176
10/18/2010,0.179
10/19/2010,0.18
10/20/2010,0.175
10/21/2010,0.175
10/22/2010,0.179
10/25/2010,0.177
10/26/2010,0.189
10/27/2010,0.1985
10/28/2010,0.179
10/29/2010,0.177
11/1/2010,0.181
11/2/2010,0.177
11/3/2010,0.183
11/4/2010,0.177
11/5/2010,0.191
11/8/2010,0.192
11/9/2010,0.196
11/10/2010,0.197
11/11/2010,0.209
11/12/2010,0.217
11/15/2010,0.226
11/16/2010,0.22
11/17/2010,0.211
11/18/2010,0.214
11/19/2010,0.219
11/22/2010,0.218
11/23/2010,0.2075
11/24/2010,0.2235
11/25/2010,0.2315
11/26/2010,0.22
11/29/2010,0.2175
11/30/2010,0.24
12/1/2010,0.2315
12/2/2010,0.2385
12/3/2010,0.2175
12/6/2010,0.201
12/7/2010,0.215
12/8/2010,0.245
12/9/2010,0.242
12/10/2010,0.2475
12/13/2010,0.2405
12/14/2010,0.246
12/15/2010,0.257
12/16/2010,0.255
12/17/2010,0.247
12/20/2010,0.245
12/21/2010,0.2455
12/22/2010,0.249
12/23/2010,0.254
12/24/2010,0.256
12/27/2010,0.251
12/28/2010,0.258
12/29/2010,0.2325
12/30/2010,0.2285
12/31/2010,0.224
1/3/2011,0.223
1/4/2011,0.2295
1/5/2011,0.2565
1/6/2011,0.26
1/7/2011,0.229
1/10/2011,0.2155
1/11/2011,0.2255
1/12/2011,0.2225
1/13/2011,0.215
1/14/2011,0.217
1/17/2011,0.215
1/18/2011,0.215
1/19/2011,0.206
1/20/2011,0.22
1/21/2011,0.2165
1/24/2011,0.2185
1/25/2011,0.214
1/26/2011,0.2155
1/27/2011,0.197
1/28/2011,0.194
1/31/2011,0.2005
2/1/2011,0.212
2/2/2011,0.229
2/3/2011,0.239
2/4/2011,0.2515
2/7/2011,0.256
2/8/2011,0.2775
2/9/2011,0.266
2/10/2011,0.269
2/11/2011,0.269
2/14/2011,0.2695
2/15/2011,0.272
2/16/2011,0.262
2/17/2011,0.2405
2/18/2011,0.231
2/21/2011,0.222
2/22/2011,0.225
2/23/2011,0.2165
2/24/2011,0.215
2/25/2011,0.2123
2/28/2011,0.206
3/1/2011,0.2025
3/2/2011,0.213
3/3/2011,0.234
3/4/2011,0.21
3/7/2011,0.213
3/8/2011,0.224
3/9/2011,0.2155
3/10/2011,0.206
3/11/2011,0.2095
3/14/2011,0.203
3/15/2011,0.1995
3/16/2011,0.194
3/17/2011,0.205
3/18/2011,0.21
3/21/2011,0.223
3/22/2011,0.23
3/23/2011,0.228
3/24/2011,0.243
3/25/2011,0.254
3/28/2011,0.259
3/29/2011,0.262
3/30/2011,0.254
3/31/2011,0.268
4/1/2011,0.2485
4/4/2011,0.2305
4/5/2011,0.2635
4/6/2011,0.262
4/7/2011,0.2475
4/8/2011,0.2505
4/11/2011,0.2625
4/12/2011,0.2355
4/13/2011,0.234
4/14/2011,0.256
4/15/2011,0.2255
4/18/2011,0.222
4/19/2011,0.218
4/20/2011,0.2235
4/21/2011,0.226
4/22/2011,0.228
4/25/2011,0.224
4/26/2011,0.217
4/27/2011,0.22
4/28/2011,0.2165
4/29/2011,0.21
5/2/2011,0.2085
5/3/2011,0.211
5/4/2011,0.1945
5/5/2011,0.1995
5/6/2011,0.191
5/9/2011,0.1835
5/10/2011,0.1945
5/11/2011,0.1855
5/12/2011,0.186
5/13/2011,0.187
5/16/2011,0.182
5/17/2011,0.18
5/18/2011,0.194
5/19/2011,0.181
5/20/2011,0.177
5/23/2011,0.182
5/24/2011,0.19
5/25/2011,0.1835
5/26/2011,0.176
5/27/2011,0.169
5/30/2011,0.169
5/31/2011,0.178
6/1/2011,0.172
6/2/2011,0.183
6/3/2011,0.174
6/6/2011,0.175
6/7/2011,0.18
6/8/2011,0.1775
6/9/2011,0.179
6/10/2011,0.176
6/13/2011,0.172
6/14/2011,0.186
6/15/2011,0.177
6/16/2011,0.168
6/17/2011,0.1815
6/20/2011,0.18
6/21/2011,0.183
6/22/2011,0.181
6/23/2011,0.1675
6/24/2011,0.165
6/27/2011,0.178
6/28/2011,0.201
6/29/2011,0.191
6/30/2011,0.195
7/1/2011,0.199
7/4/2011,0.195
7/5/2011,0.185
7/6/2011,0.18
7/7/2011,0.186
7/8/2011,0.159
7/11/2011,0.142
7/12/2011,0.163
7/13/2011,0.1545
7/14/2011,0.149
7/15/2011,0.156
7/18/2011,0.151
7/19/2011,0.167
7/20/2011,0.167
7/21/2011,0.1735
7/22/2011,0.17
7/25/2011,0.173
7/26/2011,0.174
7/27/2011,0.1775
7/28/2011,0.183
7/29/2011,0.166
8/1/2011,0.1725
8/2/2011,0.1545
8/3/2011,0.151
8/4/2011,0.1025
8/5/2011,0.103
8/8/2011,0.1
8/9/2011,0.09
8/10/2011,0.08
8/11/2011,0.0855
8/12/2011,0.087
8/15/2011,0.09
8/16/2011,0.087
8/17/2011,0.0925
8/18/2011,0.075
8/19/2011,0.083
8/22/2011,0.0845
8/23/2011,0.088
8/24/2011,0.082
8/25/2011,0.078
8/26/2011,0.079
8/29/2011,0.0825
8/30/2011,0.0795
8/31/2011,0.089
9/1/2011,0.083
9/2/2011,0.0935
9/5/2011,0.089
9/6/2011,0.086
9/7/2011,0.088
9/8/2011,0.0845
9/9/2011,0.083
9/12/2011,0.085
9/13/2011,0.0825
9/14/2011,0.0705
9/15/2011,0.0695
9/16/2011,0.065
9/19/2011,0.064
9/20/2011,0.0705
9/21/2011,0.0945
9/22/2011,0.0855
9/23/2011,0.0925
9/26/2011,0.092
9/27/2011,0.091
9/28/2011,0.099
9/29/2011,0.106
9/30/2011,0.112
10/3/2011,0.117
10/4/2011,0.106
10/5/2011,0.112
10/6/2011,0.1188
10/7/2011,0.122
10/10/2011,0.125
10/11/2011,0.121
10/12/2011,0.114
10/13/2011,0.113
10/14/2011,0.11
10/17/2011,0.116
10/18/2011,0.114
10/19/2011,0.117
10/20/2011,0.113
10/21/2011,0.113
10/24/2011,0.114
10/25/2011,0.108
10/26/2011,0.115
10/27/2011,0.115
10/28/2011,0.117
10/31/2011,0.111
11/1/2011,0.107
11/2/2011,0.104
11/3/2011,0.105
11/4/2011,0.106
11/7/2011,0.103
11/8/2011,0.103
11/9/2011,0.102
11/10/2011,0.099
11/11/2011,0.1
11/14/2011,0.099
11/15/2011,0.1015
11/16/2011,0.1045
11/17/2011,0.114
11/18/2011,0.119
11/21/2011,0.1155
11/22/2011,0.1145
11/23/2011,0.12
11/24/2011,0.123
11/25/2011,0.1345
11/28/2011,0.124
11/29/2011,0.129
11/30/2011,0.124
12/1/2011,0.122
12/2/2011,0.117
12/5/2011,0.124
12/6/2011,0.123
12/7/2011,0.121
12/8/2011,0.119
12/9/2011,0.121
12/12/2011,0.118
12/13/2011,0.122
12/14/2011,0.121
12/15/2011,0.117
12/16/2011,0.117
12/19/2011,0.123
12/20/2011,0.121
12/21/2011,0.123
12/22/2011,0.123
12/23/2011,0.13
12/26/2011,0.1225
12/27/2011,0.126
12/28/2011,0.121
12/29/2011,0.12
12/30/2011,0.112
1/2/2012,0.1125
1/3/2012,0.113
1/4/2012,0.111
1/5/2012,0.108
1/6/2012,0.105
1/9/2012,0.103
1/10/2012,0.103
1/11/2012,0.0975
1/12/2012,0.097
1/13/2012,0.0965
1/16/2012,0.097
1/17/2012,0.0975
1/18/2012,0.099
1/19/2012,0.101
1/20/2012,0.1055
1/23/2012,0.107
1/24/2012,0.1055
1/25/2012,0.104
1/26/2012,0.099
1/27/2012,0.1045
1/30/2012,0.105
1/31/2012,0.101
2/1/2012,0.117
2/2/2012,0.1195
2/3/2012,0.122
2/6/2012,0.1315
2/7/2012,0.1335
2/8/2012,0.1335
2/9/2012,0.1375
2/10/2012,0.141
2/13/2012,0.149
2/14/2012,0.145
2/15/2012,0.136
2/16/2012,0.1475
2/17/2012,0.135
2/20/2012,0.134
2/21/2012,0.134
2/22/2012,0.136
2/23/2012,0.14
2/24/2012,0.143
2/27/2012,0.144
2/28/2012,0.138
2/29/2012,0.139
3/1/2012,0.136
3/2/2012,0.135
3/5/2012,0.1355
3/6/2012,0.139
3/7/2012,0.144
3/8/2012,0.149
3/9/2012,0.151
3/12/2012,0.156
3/13/2012,0.161
3/14/2012,0.168
3/15/2012,0.1685
3/16/2012,0.166
3/19/2012,0.173
3/20/2012,0.182
3/21/2012,0.1715
3/22/2012,0.165
3/23/2012,0.166
3/26/2012,0.161
3/27/2012,0.1545
3/28/2012,0.156
3/29/2012,0.1565
3/30/2012,0.155
4/2/2012,0.1565
4/3/2012,0.174
4/4/2012,0.173
4/5/2012,0.173
4/6/2012,0.173
4/9/2012,0.175
4/10/2012,0.166
4/11/2012,0.165
4/12/2012,0.16
4/13/2012,0.156
4/16/2012,0.153
4/17/2012,0.152
4/18/2012,0.151
4/19/2012,0.147
4/20/2012,0.15
4/23/2012,0.145
4/24/2012,0.1505
4/25/2012,0.151
4/26/2012,0.153
4/27/2012,0.148
4/30/2012,0.148
5/1/2012,0.155
5/2/2012,0.155
5/3/2012,0.15
5/4/2012,0.153
5/7/2012,0.1575
5/8/2012,0.1615
5/9/2012,0.1605
5/10/2012,0.162
5/11/2012,0.165
5/14/2012,0.1665
5/15/2012,0.168
5/16/2012,0.1713
5/17/2012,0.176
5/18/2012,0.1795
5/21/2012,0.1775
5/22/2012,0.1775
5/23/2012,0.172
5/24/2012,0.171
5/25/2012,0.177
5/28/2012,0.171
5/29/2012,0.173
5/30/2012,0.17
5/31/2012,0.1675
6/1/2012,0.16
6/4/2012,0.164
6/5/2012,0.162
6/6/2012,0.1625
6/7/2012,0.1645
6/8/2012,0.1635
6/11/2012,0.169
6/12/2012,0.176
6/13/2012,0.175
6/14/2012,0.1735
6/15/2012,0.163
6/18/2012,0.164
6/19/2012,0.17
6/20/2012,0.178
6/21/2012,0.18
6/22/2012,0.1825
6/25/2012,0.1835
6/26/2012,0.1825
6/27/2012,0.1825
6/28/2012,0.1825
6/29/2012,0.184
7/2/2012,0.183
7/3/2012,0.187
7/4/2012,0.186
7/5/2012,0.1795
7/6/2012,0.169
7/9/2012,0.164
7/10/2012,0.165
7/11/2012,0.162
7/12/2012,0.158
7/13/2012,0.14
7/16/2012,0.143
7/17/2012,0.147
7/18/2012,0.137
7/19/2012,0.135
7/20/2012,0.132
7/23/2012,0.133
7/24/2012,0.137
7/25/2012,0.133
7/26/2012,0.137
7/27/2012,0.139
7/30/2012,0.128
7/31/2012,0.131
8/1/2012,0.138
8/2/2012,0.134
8/3/2012,0.139
8/6/2012,0.138
8/7/2012,0.141
8/8/2012,0.1455
8/9/2012,0.145
8/10/2012,0.145
8/13/2012,0.142
8/14/2012,0.144
8/15/2012,0.147
8/16/2012,0.146
8/17/2012,0.146
8/20/2012,0.146
8/21/2012,0.149
8/22/2012,0.14
8/23/2012,0.1385
8/24/2012,0.134
8/27/2012,0.1365
8/28/2012,0.136
8/29/2012,0.135
8/30/2012,0.13
8/31/2012,0.1205
9/3/2012,0.1185
9/4/2012,0.119
9/5/2012,0.123
9/6/2012,0.129
9/7/2012,0.128
9/10/2012,0.127
9/11/2012,0.126
9/12/2012,0.125
9/13/2012,0.125
9/14/2012,0.13
9/17/2012,0.134
9/18/2012,0.134
9/19/2012,0.139
9/20/2012,0.134
9/21/2012,0.1335
9/24/2012,0.135
9/25/2012,0.1355
9/26/2012,0.137
9/27/2012,0.1335
9/28/2012,0.127
10/1/2012,0.124
10/2/2012,0.131
10/3/2012,0.125
10/4/2012,0.124
10/5/2012,0.13
10/8/2012,0.132
10/9/2012,0.1313
10/10/2012,0.1335
10/11/2012,0.1335
10/12/2012,0.1325
10/15/2012,0.133
10/16/2012,0.1405
10/17/2012,0.1495
10/18/2012,0.145
10/19/2012,0.143
10/22/2012,0.15
10/23/2012,0.144
10/24/2012,0.148
10/25/2012,0.159
10/26/2012,0.153
10/29/2012,0.151
10/30/2012,0.155
10/31/2012,0.148
11/1/2012,0.151
11/2/2012,0.15
11/5/2012,0.147
11/6/2012,0.151
11/7/2012,0.144
11/8/2012,0.1405
11/9/2012,0.142
11/12/2012,0.139
11/13/2012,0.1395
11/14/2012,0.1365
11/15/2012,0.136
11/16/2012,0.137
11/19/2012,0.135
11/20/2012,0.138
11/21/2012,0.141
11/22/2012,0.146
11/23/2012,0.1425
11/26/2012,0.145
11/27/2012,0.145
11/28/2012,0.141
11/29/2012,0.141
11/30/2012,0.139
12/3/2012,0.1395
12/4/2012,0.134
12/5/2012,0.1365
12/6/2012,0.1355
12/7/2012,0.135
12/10/2012,0.133
12/11/2012,0.1325
12/12/2012,0.131
12/13/2012,0.1295
12/14/2012,0.126
12/17/2012,0.131
12/18/2012,0.142
12/19/2012,0.147
12/20/2012,0.1425
12/21/2012,0.145
12/24/2012,0.147
12/25/2012,0.147
12/26/2012,0.15
12/27/2012,0.145
12/28/2012,0.14
12/31/2012,0.135
1/1/2013,0.135
1/2/2013,0.1365
1/3/2013,0.137
1/4/2013,0.1415
1/7/2013,0.138
1/8/2013,0.136
1/9/2013,0.133
1/10/2013,0.131
1/11/2013,0.131
1/14/2013,0.131
1/15/2013,0.135
1/16/2013,0.134
1/17/2013,0.1385
1/18/2013,0.1345
1/21/2013,0.138
1/22/2013,0.132
1/23/2013,0.13
1/24/2013,0.134
1/25/2013,0.149
1/28/2013,0.15
1/29/2013,0.145
1/30/2013,0.1425
1/31/2013,0.144
2/1/2013,0.14
2/4/2013,0.137
2/5/2013,0.139
2/6/2013,0.133
2/7/2013,0.136
2/8/2013,0.138
2/11/2013,0.142
2/12/2013,0.1473
2/13/2013,0.1475
2/14/2013,0.1445
2/15/2013,0.148
2/18/2013,0.148
2/19/2013,0.146
2/20/2013,0.1465
2/21/2013,0.142
2/22/2013,0.143
2/25/2013,0.14
2/26/2013,0.137
2/27/2013,0.138
2/28/2013,0.1375
3/1/2013,0.137
3/4/2013,0.14
3/5/2013,0.138
3/6/2013,0.14
3/7/2013,0.139
3/8/2013,0.142
3/11/2013,0.1455
3/12/2013,0.14
3/13/2013,0.1411
3/14/2013,0.143
3/15/2013,0.142
3/18/2013,0.1425
3/19/2013,0.151
3/20/2013,0.149
3/21/2013,0.152
3/22/2013,0.153
3/25/2013,0.1535
3/26/2013,0.152
3/27/2013,0.147
3/28/2013,0.146
3/29/2013,0.1455
4/1/2013,0.144
4/2/2013,0.145
4/3/2013,0.14
4/4/2013,0.139
4/5/2013,0.138
4/8/2013,0.137
4/9/2013,0.135
4/10/2013,0.135
4/11/2013,0.1334
4/12/2013,0.134
4/15/2013,0.133
4/16/2013,0.1335
4/17/2013,0.134
4/18/2013,0.134
4/19/2013,0.1363
4/22/2013,0.135
4/23/2013,0.138
4/24/2013,0.1361
4/25/2013,0.1334
4/26/2013,0.1305
4/29/2013,0.125
4/30/2013,0.125
5/1/2013,0.123
5/2/2013,0.1235
5/3/2013,0.127
5/6/2013,0.125
5/7/2013,0.125
5/8/2013,0.126
5/9/2013,0.127
5/10/2013,0.131
5/13/2013,0.131
5/14/2013,0.134
5/15/2013,0.133
5/16/2013,0.128
5/17/2013,0.134
5/20/2013,0.128
5/21/2013,0.128
5/22/2013,0.131
5/23/2013,0.132
5/24/2013,0.132
5/27/2013,0.1315
5/28/2013,0.15
5/29/2013,0.144
5/30/2013,0.139
5/31/2013,0.146
6/3/2013,0.14
6/4/2013,0.139
6/5/2013,0.14
6/6/2013,0.139
6/7/2013,0.141
6/10/2013,0.138
6/11/2013,0.142
6/12/2013,0.1434
6/13/2013,0.13
6/14/2013,0.127
6/17/2013,0.126
6/18/2013,0.1299
6/19/2013,0.14
6/20/2013,0.146
6/21/2013,0.16
6/24/2013,0.181
6/25/2013,0.182
6/26/2013,0.168
6/27/2013,0.157
6/28/2013,0.158
7/1/2013,0.153
7/2/2013,0.153
7/3/2013,0.161
7/4/2013,0.154
7/5/2013,0.169
7/8/2013,0.159
7/9/2013,0.159
7/10/2013,0.156
7/11/2013,0.149
7/12/2013,0.1535
7/15/2013,0.1485
7/16/2013,0.1429
7/17/2013,0.14
7/18/2013,0.141
7/19/2013,0.14
7/22/2013,0.1414
7/23/2013,0.1433
7/24/2013,0.145
7/25/2013,0.142
7/26/2013,0.138
7/29/2013,0.137
7/30/2013,0.1385
7/31/2013,0.138
8/1/2013,0.1402
8/2/2013,0.131
8/5/2013,0.133
8/6/2013,0.133
8/7/2013,0.133
8/8/2013,0.132
8/9/2013,0.132
8/12/2013,0.132
8/13/2013,0.138
8/14/2013,0.136
8/15/2013,0.141
8/16/2013,0.1396
8/19/2013,0.1415
8/20/2013,0.138
8/21/2013,0.15
8/22/2013,0.161
8/23/2013,0.1515
8/26/2013,0.149
8/27/2013,0.147
8/28/2013,0.151
8/29/2013,0.152
8/30/2013,0.1505
9/2/2013,0.1545
9/3/2013,0.1551
9/4/2013,0.164
9/5/2013,0.1715
9/6/2013,0.152
9/9/2013,0.153
9/10/2013,0.156
9/11/2013,0.15
9/12/2013,0.151
9/13/2013,0.1465
9/16/2013,0.14
9/17/2013,0.135
9/18/2013,0.127
9/19/2013,0.127
9/20/2013,0.132
9/23/2013,0.133
9/24/2013,0.132
9/25/2013,0.129
9/26/2013,0.1315
9/27/2013,0.1319
9/30/2013,0.131
10/1/2013,0.1285
10/2/2013,0.128
10/3/2013,0.133
10/4/2013,0.128
10/7/2013,0.13
10/8/2013,0.136
10/9/2013,0.13
10/10/2013,0.13
10/11/2013,0.133
10/14/2013,0.133
10/15/2013,0.138
10/16/2013,0.132
10/17/2013,0.127
10/18/2013,0.124
10/21/2013,0.121
10/22/2013,0.119
10/23/2013,0.12
10/24/2013,0.119
10/25/2013,0.118
10/28/2013,0.119
10/29/2013,0.118
10/30/2013,0.118
10/31/2013,0.117
11/1/2013,0.114
11/4/2013,0.113
11/5/2013,0.113
11/6/2013,0.109
11/7/2013,0.106
11/8/2013,0.1095
11/11/2013,0.111
11/12/2013,0.1144
11/13/2013,0.11
11/14/2013,0.103
11/15/2013,0.102
11/18/2013,0.099
11/19/2013,0.105
11/20/2013,0.094
11/21/2013,0.093
11/22/2013,0.095
11/25/2013,0.097
11/26/2013,0.098
11/27/2013,0.099
11/28/2013,0.097
11/29/2013,0.097
12/2/2013,0.103
12/3/2013,0.104
12/4/2013,0.1
12/5/2013,0.1
12/6/2013,0.1035
12/9/2013,0.102
12/10/2013,0.1025
12/11/2013,0.105
12/12/2013,0.1115
12/13/2013,0.113
12/16/2013,0.115
12/17/2013,0.1115
12/18/2013,0.117
12/19/2013,0.129
12/20/2013,0.129
12/23/2013,0.131
12/24/2013,0.132
12/25/2013,0.1375
12/26/2013,0.135
12/27/2013,0.129
12/30/2013,0.127
12/31/2013,0.127
1/1/2014,0.1375
1/2/2014,0.128
1/3/2014,0.134
1/6/2014,0.133
1/7/2014,0.131
1/8/2014,0.143
1/9/2014,0.142
1/10/2014,0.127
1/13/2014,0.1235
1/14/2014,0.126
1/15/2014,0.129
1/16/2014,0.124
1/17/2014,0.122
1/20/2014,0.12
1/21/2014,0.1205
1/22/2014,0.124
1/23/2014,0.114
1/24/2014,0.116
1/27/2014,0.118
1/28/2014,0.115
1/29/2014,0.109
1/30/2014,0.103
1/31/2014,0.103
2/3/2014,0.105
2/4/2014,0.104
2/5/2014,0.101
2/6/2014,0.102
2/7/2014,0.099
2/10/2014,0.098
2/11/2014,0.101
2/12/2014,0.102
2/13/2014,0.091
2/14/2014,0.094
2/17/2014,0.095
2/18/2014,0.093
2/19/2014,0.097
2/20/2014,0.096
2/21/2014,0.095
2/24/2014,0.096
2/25/2014,0.098
2/26/2014,0.096
2/27/2014,0.099
2/28/2014,0.101
3/3/2014,0.094
3/4/2014,0.101
3/5/2014,0.103
3/6/2014,0.105
3/7/2014,0.114
3/10/2014,0.113
3/11/2014,0.115
3/12/2014,0.113
3/13/2014,0.11
3/14/2014,0.113
3/17/2014,0.116
3/18/2014,0.115
3/19/2014,0.128
3/20/2014,0.1315
3/21/2014,0.132
3/24/2014,0.133
3/25/2014,0.1265
3/26/2014,0.125
3/27/2014,0.124
3/28/2014,0.1235
3/31/2014,0.1185
4/1/2014,0.118
4/2/2014,0.122
4/3/2014,0.127
4/4/2014,0.118
4/7/2014,0.1138
4/8/2014,0.12
4/9/2014,0.115
4/10/2014,0.115
4/11/2014,0.112
4/14/2014,0.1135
4/15/2014,0.115
4/16/2014,0.117
4/17/2014,0.127
4/18/2014,0.12
4/21/2014,0.1185
4/22/2014,0.1235
4/23/2014,0.126
4/24/2014,0.131
4/25/2014,0.1305
4/28/2014,0.131
4/29/2014,0.133
4/30/2014,0.127
5/1/2014,0.129
5/2/2014,0.1305
5/5/2014,0.133
5/6/2014,0.133
5/7/2014,0.133
5/8/2014,0.128
5/9/2014,0.1285
5/12/2014,0.133
5/13/2014,0.129
5/14/2014,0.126
5/15/2014,0.125
5/16/2014,0.125
5/19/2014,0.122
5/20/2014,0.1245
5/21/2014,0.1265
5/22/2014,0.128
5/23/2014,0.13
5/26/2014,0.129
5/27/2014,0.1295
5/28/2014,0.129
5/29/2014,0.1315
5/30/2014,0.132
6/2/2014,0.132
6/3/2014,0.1313
6/4/2014,0.135
6/5/2014,0.13
6/6/2014,0.1375
6/9/2014,0.1405
6/10/2014,0.1445
6/11/2014,0.145
6/12/2014,0.1465
6/13/2014,0.155
6/16/2014,0.162
6/17/2014,0.1665
6/18/2014,0.163
6/19/2014,0.158
6/20/2014,0.159
6/23/2014,0.162
6/24/2014,0.16
6/25/2014,0.159
6/26/2014,0.158
6/27/2014,0.16
6/30/2014,0.157
7/1/2014,0.161
7/2/2014,0.166
7/3/2014,0.171
7/4/2014,0.175
7/7/2014,0.1775
7/8/2014,0.173
7/9/2014,0.162
7/10/2014,0.152
7/11/2014,0.148
7/14/2014,0.152
7/15/2014,0.159
7/16/2014,0.163
7/17/2014,0.157
7/18/2014,0.163
7/21/2014,0.168
7/22/2014,0.165
7/23/2014,0.165
7/24/2014,0.17
7/25/2014,0.1725
7/28/2014,0.177
7/29/2014,0.1805
7/30/2014,0.189
7/31/2014,0.184
8/1/2014,0.172
8/4/2014,0.17
8/5/2014,0.174
8/6/2014,0.1725
8/7/2014,0.17
8/8/2014,0.171
8/11/2014,0.1695
8/12/2014,0.165
8/13/2014,0.1595
8/14/2014,0.158
8/15/2014,0.156
8/18/2014,0.1625
8/19/2014,0.162
8/20/2014,0.178
8/21/2014,0.1725
8/22/2014,0.179
8/25/2014,0.182
8/26/2014,0.1825
8/27/2014,0.18
8/28/2014,0.185
8/29/2014,0.181
9/1/2014,0.18
9/2/2014,0.1875
9/3/2014,0.1865
9/4/2014,0.195
9/5/2014,0.184
9/8/2014,0.1995
9/9/2014,0.207
9/10/2014,0.2115
9/11/2014,0.2125
9/12/2014,0.213
9/15/2014,0.202
9/16/2014,0.202
9/17/2014,0.212
9/18/2014,0.212
9/19/2014,0.2095
9/22/2014,0.202
9/23/2014,0.203
9/24/2014,0.208
9/25/2014,0.193
9/26/2014,0.201
9/29/2014,0.2055
9/30/2014,0.2
10/1/2014,0.183
10/2/2014,0.19
10/3/2014,0.201
10/6/2014,0.191
10/7/2014,0.185
10/8/2014,0.161
10/9/2014,0.1625
10/10/2014,0.157
10/13/2014,0.145
10/14/2014,0.145
10/15/2014,0.137
10/16/2014,0.152
10/17/2014,0.151
10/20/2014,0.1395
10/21/2014,0.147
10/22/2014,0.142
10/23/2014,0.15
10/24/2014,0.1425
10/27/2014,0.144
10/28/2014,0.1465
10/29/2014,0.17
10/30/2014,0.1705
10/31/2014,0.178
11/3/2014,0.184
11/4/2014,0.1835
11/5/2014,0.19
11/6/2014,0.202
11/7/2014,0.1875
11/10/2014,0.199
11/11/2014,0.197
11/12/2014,0.206
11/13/2014,0.202
11/14/2014,0.1995
11/17/2014,0.1965
11/18/2014,0.199
11/19/2014,0.211
11/20/2014,0.204
11/21/2014,0.206
11/24/2014,0.207
11/25/2014,0.204
11/26/2014,0.2055
11/27/2014,0.201
11/28/2014,0.2
12/1/2014,0.203
12/2/2014,0.219
12/3/2014,0.229
12/4/2014,0.222
12/5/2014,0.2695
12/8/2014,0.265
12/9/2014,0.2665
12/10/2014,0.25
12/11/2014,0.2625
12/12/2014,0.237
12/15/2014,0.2495
12/16/2014,0.24
12/17/2014,0.262
12/18/2014,0.278
12/19/2014,0.288
12/22/2014,0.297
12/23/2014,0.3035
12/24/2014,0.304
12/25/2014,0.302
12/26/2014,0.304
12/29/2014,0.302
12/30/2014,0.294
12/31/2014,0.297
1/1/2015,0.299
1/2/2015,0.303
1/5/2015,0.299
1/6/2015,0.288
1/7/2015,0.285
1/8/2015,0.284
1/9/2015,0.26
1/12/2015,0.258
1/13/2015,0.253
1/14/2015,0.24
1/15/2015,0.2115
1/16/2015,0.24
1/19/2015,0.228
1/20/2015,0.2465
1/21/2015,0.25
1/22/2015,0.257
1/23/2015,0.25
1/26/2015,0.265
1/27/2015,0.261
1/28/2015,0.246
1/29/2015,0.262
1/30/2015,0.244
2/2/2015,0.243
2/3/2015,0.267
2/4/2015,0.263
2/5/2015,0.277
2/6/2015,0.336
2/9/2015,0.334
2/10/2015,0.338
2/11/2015,0.343
2/12/2015,0.328
2/13/2015,0.3265
2/16/2015,0.329
2/17/2015,0.347
2/18/2015,0.31
2/19/2015,0.322
2/20/2015,0.328
2/23/2015,0.318
2/24/2015,0.298
2/25/2015,0.305
2/26/2015,0.327
2/27/2015,0.319
3/2/2015,0.3338
3/3/2015,0.342
3/4/2015,0.329
3/5/2015,0.333
3/6/2015,0.379
3/9/2015,0.3655
3/10/2015,0.364
3/11/2015,0.364
3/12/2015,0.3555
3/13/2015,0.355
3/16/2015,0.3525
3/17/2015,0.3655
3/18/2015,0.2995
3/19/2015,0.333
3/20/2015,0.323
3/23/2015,0.316
3/24/2015,0.309
3/25/2015,0.311
3/26/2015,0.316
3/27/2015,0.305
3/30/2015,0.2985
3/31/2015,0.299
4/1/2015,0.292
4/2/2015,0.294
4/3/2015,0.265
4/6/2015,0.278
4/7/2015,0.2835
4/8/2015,0.2885
4/9/2015,0.3
4/10/2015,0.3025
4/13/2015,0.2915
4/14/2015,0.283
4/15/2015,0.2781
4/16/2015,0.273
4/17/2015,0.286
4/20/2015,0.292
4/21/2015,0.292
4/22/2015,0.3056
4/23/2015,0.295
4/24/2015,0.281
4/27/2015,0.287
4/28/2015,0.295
4/29/2015,0.292
4/30/2015,0.3031
5/1/2015,0.317
5/4/2015,0.32
5/5/2015,0.326
5/6/2015,0.318
5/7/2015,0.3205
5/8/2015,0.293
5/11/2015,0.316
5/12/2015,0.305
5/13/2015,0.292
5/14/2015,0.2815
5/15/2015,0.2865
5/18/2015,0.2975
5/19/2015,0.317
5/20/2015,0.31
5/21/2015,0.308
5/22/2015,0.334
5/25/2015,0.333
5/26/2015,0.3325
5/27/2015,0.3355
5/28/2015,0.33
5/29/2015,0.3195
6/1/2015,0.3335
6/2/2015,0.3335
6/3/2015,0.34
6/4/2015,0.347
6/5/2015,0.3738
6/8/2015,0.366
6/9/2015,0.38
6/10/2015,0.387
6/11/2015,0.3919
6/12/2015,0.395
6/15/2015,0.38
6/16/2015,0.3715
6/17/2015,0.342
6/18/2015,0.342
6/19/2015,0.329
6/22/2015,0.338
6/23/2015,0.35
6/24/2015,0.34
6/25/2015,0.349
6/26/2015,0.36
6/29/2015,0.331
6/30/2015,0.341
7/1/2015,0.363
7/2/2015,0.3375
7/3/2015,0.329
7/6/2015,0.3195
7/7/2015,0.313
7/8/2015,0.291
7/9/2015,0.3125
7/10/2015,0.346
7/13/2015,0.364
7/14/2015,0.346
7/15/2015,0.3475
7/16/2015,0.3715
7/17/2015,0.3835
7/20/2015,0.405
7/21/2015,0.393
7/22/2015,0.405
7/23/2015,0.4005
7/24/2015,0.396
7/27/2015,0.381
7/28/2015,0.3885
7/29/2015,0.3935
7/30/2015,0.4215
7/31/2015,0.38
8/3/2015,0.382
8/4/2015,0.428
8/5/2015,0.432
8/6/2015,0.423
8/7/2015,0.439
8/10/2015,0.441
8/11/2015,0.409
8/12/2015,0.408
8/13/2015,0.4325
8/14/2015,0.439
8/17/2015,0.4255
8/18/2015,0.433
8/19/2015,0.393
8/20/2015,0.39
8/21/2015,0.368
8/24/2015,0.311
8/25/2015,0.3213
8/26/2015,0.3315
8/27/2015,0.35
8/28/2015,0.378
8/31/2015,0.398
9/1/2015,0.3725
9/2/2015,0.3675
9/3/2015,0.374
9/4/2015,0.38
9/7/2015,0.387
9/8/2015,0.383
9/9/2015,0.3915
9/10/2015,0.396
9/11/2015,0.3925
9/14/2015,0.397
9/15/2015,0.4325
9/16/2015,0.431
9/17/2015,0.3394
9/18/2015,0.332
9/21/2015,0.3494
9/22/2015,0.324
9/23/2015,0.333
9/24/2015,0.3275
9/25/2015,0.333
9/28/2015,0.325
9/29/2015,0.313
9/30/2015,0.321
10/1/2015,0.3375
10/2/2015,0.291
10/5/2015,0.306
10/6/2015,0.298
10/7/2015,0.319
10/8/2015,0.323
10/9/2015,0.3235
10/12/2015,0.329
10/13/2015,0.3055
10/14/2015,0.268
10/15/2015,0.2955
10/16/2015,0.304
10/19/2015,0.29
10/20/2015,0.306
10/21/2015,0.306
10/22/2015,0.3065
10/23/2015,0.326
10/26/2015,0.319
10/27/2015,0.316
10/28/2015,0.371
10/29/2015,0.382
10/30/2015,0.383
11/2/2015,0.396
11/3/2015,0.406
11/4/2015,0.424
11/5/2015,0.424
11/6/2015,0.469
11/9/2015,0.473
11/10/2015,0.466
11/11/2015,0.47
11/12/2015,0.469
11/13/2015,0.451
11/16/2015,0.4495
11/17/2015,0.456
11/18/2015,0.465
11/19/2015,0.47
11/20/2015,0.482
11/23/2015,0.502
11/24/2015,0.501
11/25/2015,0.506
11/26/2015,0.505
11/27/2015,0.504
11/30/2015,0.512
12/1/2015,0.4995
12/2/2015,0.517
12/3/2015,0.533
12/4/2015,0.54
12/7/2015,0.544
12/8/2015,0.555
12/9/2015,0.536
12/10/2015,0.555
12/11/2015,0.503
12/14/2015,0.516
12/15/2015,0.518
12/16/2015,0.553
12/17/2015,0.556
12/18/2015,0.564
12/21/2015,0.569
12/22/2015,0.58
12/23/2015,0.584
12/24/2015,0.593
12/25/2015,0.593
12/28/2015,0.598
12/29/2015,0.621
12/30/2015,0.621
12/31/2015,0.614
1/1/2016,0.612
1/4/2016,0.6065
1/5/2016,0.597
1/6/2016,0.57
1/7/2016,0.549
1/8/2016,0.549
1/11/2016,0.552
1/12/2016,0.544
1/13/2016,0.54
1/14/2016,0.523
1/15/2016,0.4865
1/18/2016,0.491
1/19/2016,0.5135
1/20/2016,0.479
1/21/2016,0.4825
1/22/2016,0.505
1/25/2016,0.5
1/26/2016,0.492
1/27/2016,0.491
1/28/2016,0.481
1/29/2016,0.4595
2/1/2016,0.481
2/2/2016,0.441
2/3/2016,0.444
2/4/2016,0.446
2/5/2016,0.467
2/8/2016,0.413
2/9/2016,0.409
2/10/2016,0.409
2/11/2016,0.381
2/12/2016,0.411
2/15/2016,0.422
2/16/2016,0.417
2/17/2016,0.433
2/18/2016,0.418
2/19/2016,0.445
2/22/2016,0.453
2/23/2016,0.448
2/24/2016,0.45
2/25/2016,0.442
2/26/2016,0.4815
2/29/2016,0.473
3/1/2016,0.507
3/2/2016,0.508
3/3/2016,0.499
3/4/2016,0.514
3/7/2016,0.536
3/8/2016,0.5195
3/9/2016,0.537
3/10/2016,0.551
3/11/2016,0.566
3/14/2016,0.574
3/15/2016,0.583
3/16/2016,0.505
3/17/2016,0.519
3/18/2016,0.515
3/21/2016,0.5415
3/22/2016,0.554
3/23/2016,0.537
3/24/2016,0.549
3/25/2016,0.547
3/28/2016,0.544
3/29/2016,0.499
3/30/2016,0.479
3/31/2016,0.4735
4/1/2016,0.4945
4/4/2016,0.485
4/5/2016,0.468
4/6/2016,0.475
4/7/2016,0.455
4/8/2016,0.466
4/11/2016,0.462
4/12/2016,0.4745
4/13/2016,0.473
4/14/2016,0.48
4/15/2016,0.4675
4/18/2016,0.47
4/19/2016,0.4845
4/20/2016,0.507
4/21/2016,0.5095
4/22/2016,0.5147
4/25/2016,0.521
4/26/2016,0.527
4/27/2016,0.507
4/28/2016,0.4984
4/29/2016,0.501
5/2/2016,0.506
5/3/2016,0.488
5/4/2016,0.4803
5/5/2016,0.4725
5/6/2016,0.4795
5/9/2016,0.46
5/10/2016,0.4705
5/11/2016,0.4725
5/12/2016,0.4854
5/13/2016,0.48
5/16/2016,0.5
5/17/2016,0.538
5/18/2016,0.5967
5/19/2016,0.5923
5/20/2016,0.593
5/23/2016,0.605
5/24/2016,0.621
5/25/2016,0.6161
5/26/2016,0.5923
5/27/2016,0.637
5/30/2016,0.64
5/31/2016,0.6035
6/1/2016,0.612
6/2/2016,0.61
6/3/2016,0.52
6/6/2016,0.53
6/7/2016,0.519
6/8/2016,0.5165
6/9/2016,0.5088
6/10/2016,0.4885
6/13/2016,0.4785
6/14/2016,0.488
6/15/2016,0.45
6/16/2016,0.4515
6/17/2016,0.4565
6/20/2016,0.4873
6/21/2016,0.4915
6/22/2016,0.4735
6/23/2016,0.501
6/24/2016,0.3663
6/27/2016,0.3425
6/28/2016,0.3733
6/29/2016,0.4016
6/30/2016,0.3794
7/1/2016,0.397
7/4/2016,0.4
7/5/2016,0.387
7/6/2016,0.3905
7/7/2016,0.398
7/8/2016,0.4145
7/11/2016,0.441
7/12/2016,0.4595
7/13/2016,0.4433
7/14/2016,0.458
7/15/2016,0.469
7/18/2016,0.48
7/19/2016,0.4881
7/20/2016,0.499
7/21/2016,0.499
7/22/2016,0.501
7/25/2016,0.508
7/26/2016,0.504
7/27/2016,0.4929
7/28/2016,0.483
7/29/2016,0.4573
8/1/2016,0.4685
8/2/2016,0.469
8/3/2016,0.472
8/4/2016,0.465
8/5/2016,0.506
8/8/2016,0.509
8/9/2016,0.4955
8/10/2016,0.48
8/11/2016,0.5145
8/12/2016,0.491
8/15/2016,0.5055
8/16/2016,0.521
8/17/2016,0.52
8/18/2016,0.51
8/19/2016,0.532
8/22/2016,0.532
8/23/2016,0.5362
8/24/2016,0.538
8/25/2016,0.56
8/26/2016,0.5895
8/29/2016,0.574
8/30/2016,0.568
8/31/2016,0.583
9/1/2016,0.571
9/2/2016,0.576
9/5/2016,0.58
9/6/2016,0.5385
9/7/2016,0.5396
9/8/2016,0.567
9/9/2016,0.575
9/12/2016,0.5595
9/13/2016,0.5681
9/14/2016,0.5465
9/15/2016,0.5375
9/16/2016,0.555
9/19/2016,0.569
9/20/2016,0.5735
9/21/2016,0.5658
9/22/2016,0.56
9/23/2016,0.5581
9/26/2016,0.543
9/27/2016,0.535
9/28/2016,0.5485
9/29/2016,0.542
9/30/2016,0.5596
10/3/2016,0.5695
10/4/2016,0.585
10/5/2016,0.599
10/6/2016,0.61
10/7/2016,0.5986
10/10/2016,0.6005
10/11/2016,0.619
10/12/2016,0.615
10/13/2016,0.607
10/14/2016,0.6085
10/17/2016,0.597
10/18/2016,0.5838
10/19/2016,0.585
10/20/2016,0.6032
10/21/2016,0.6047
10/24/2016,0.619
10/25/2016,0.6224
10/26/2016,0.623
10/27/2016,0.6354
10/28/2016,0.624
10/31/2016,0.6215
11/1/2016,0.6185
11/2/2016,0.6095
11/3/2016,0.608
11/4/2016,0.5947
11/7/2016,0.6214
11/8/2016,0.6415
11/9/2016,0.649
11/10/2016,0.6505
11/11/2016,0.656
11/14/2016,0.69
11/15/2016,0.6895
11/16/2016,0.692
11/17/2016,0.72
11/18/2016,0.7275
11/21/2016,0.7295
11/22/2016,0.736
11/23/2016,0.7615
11/24/2016,0.773
11/25/2016,0.768
11/28/2016,0.749
11/29/2016,0.738
11/30/2016,0.7565
12/1/2016,0.773
12/2/2016,0.7564
12/5/2016,0.774
12/6/2016,0.7792
12/7/2016,0.772
12/8/2016,0.783
12/9/2016,0.796
12/12/2016,0.8
12/13/2016,0.8114
12/14/2016,0.864
12/15/2016,0.857
12/16/2016,0.853
12/19/2016,0.843
12/20/2016,0.843
12/21/2016,0.841
12/22/2016,0.852
12/23/2016,0.8568
12/26/2016,0.857
12/27/2016,0.864
12/28/2016,0.8555
12/29/2016,0.8525
12/30/2016,0.8542
1/2/2017,0.854
1/3/2017,0.867
1/4/2017,0.8655
1/5/2017,0.852
1/6/2017,0.8725
1/9/2017,0.865
1/10/2017,0.866
1/11/2017,0.863
1/12/2017,0.8634
1/13/2017,0.873
1/16/2017,0.867
1/17/2017,0.8513
1/18/2017,0.8925
1/19/2017,0.9
1/20/2017,0.8885
1/23/2017,0.868
1/24/2017,0.8911
1/25/2017,0.905
1/26/2017,0.905
1/27/2017,0.903
1/30/2017,0.9007
1/31/2017,0.8945
2/1/2017,0.898
2/2/2017,0.903
2/3/2017,0.9005
2/6/2017,0.876
2/7/2017,0.88
2/8/2017,0.867
2/9/2017,0.892
2/10/2017,0.906
2/13/2017,0.917
2/14/2017,0.937
2/15/2017,0.97
2/16/2017,0.9562
2/17/2017,0.942
2/20/2017,0.945
2/21/2017,0.967
2/22/2017,0.9616
2/23/2017,0.951
2/24/2017,0.95
2/27/2017,0.9784
2/28/2017,1.033
3/1/2017,1.0418
3/2/2017,1.077
3/3/2017,1.074
3/6/2017,1.065
3/7/2017,1.075
3/8/2017,1.0916
3/9/2017,1.1113
3/10/2017,1.117
3/13/2017,1.127
3/14/2017,1.126
3/15/2017,1.0991
3/16/2017,1.125
3/17/2017,1.125
3/20/2017,1.114
3/21/2017,1.1151
3/22/2017,1.107
3/23/2017,1.12
3/24/2017,1.1215
3/27/2017,1.105
3/28/2017,1.119
3/29/2017,1.1179
3/30/2017,1.141
3/31/2017,1.139
4/3/2017,1.1231
4/4/2017,1.1355
4/5/2017,1.1384
4/6/2017,1.151
4/7/2017,1.155
4/10/2017,1.147
4/11/2017,1.125
4/12/2017,1.105
4/13/2017,1.113
4/14/2017,1.119
4/17/2017,1.108
4/18/2017,1.076
4/19/2017,1.0923
4/20/2017,1.1179
4/21/2017,1.11
4/24/2017,1.157
4/25/2017,1.179
4/26/2017,1.1732
4/27/2017,1.1681
4/28/2017,1.176
5/1/2017,1.1735
5/2/2017,1.164
5/3/2017,1.185
5/4/2017,1.192
5/5/2017,1.203
5/8/2017,1.226
5/9/2017,1.229
5/10/2017,1.2295
5/11/2017,1.221
5/12/2017,1.1875
5/15/2017,1.1873
5/16/2017,1.188
5/17/2017,1.1359
5/18/2017,1.175
5/19/2017,1.1834
5/22/2017,1.198
5/23/2017,1.212
5/24/2017,1.193
5/25/2017,1.214
5/26/2017,1.2118
5/29/2017,1.211
5/30/2017,1.2121
5/31/2017,1.2168
6/1/2017,1.232
6/2/2017,1.2307
6/5/2017,1.238
6/6/2017,1.228
6/7/2017,1.234
6/8/2017,1.239
6/9/2017,1.247
6/12/2017,1.248
6/13/2017,1.252
6/14/2017,1.239
6/15/2017,1.244
6/16/2017,1.238
6/19/2017,1.248
6/20/2017,1.246
6/21/2017,1.244
6/22/2017,1.24
6/23/2017,1.249
6/26/2017,1.253
6/27/2017,1.2625
6/28/2017,1.27
6/29/2017,1.27
6/30/2017,1.284
7/3/2017,1.3
7/4/2017,1.298
7/5/2017,1.305
7/6/2017,1.3
7/7/2017,1.296
7/10/2017,1.292
7/11/2017,1.283
7/12/2017,1.2745
7/13/2017,1.2785
7/14/2017,1.27
7/17/2017,1.2685
7/18/2017,1.262
7/19/2017,1.273
7/20/2017,1.268
7/21/2017,1.262
7/24/2017,1.271
7/25/2017,1.284
7/26/2017,1.265
7/27/2017,1.268
7/28/2017,1.2625
7/31/2017,1.265
8/1/2017,1.262
8/2/2017,1.265
8/3/2017,1.257
8/4/2017,1.264
8/7/2017,1.267
8/8/2017,1.272
8/9/2017,1.266
8/10/2017,1.259
8/11/2017,1.238
8/14/2017,1.257
8/15/2017,1.273
8/16/2017,1.2625
8/17/2017,1.256
8/18/2017,1.258
8/21/2017,1.25
8/22/2017,1.259
8/23/2017,1.249
8/24/2017,1.259
8/25/2017,1.255
8/28/2017,1.248
8/29/2017,1.2355
8/30/2017,1.244
8/31/2017,1.244
9/1/2017,1.253
9/4/2017,1.249
9/5/2017,1.228
9/6/2017,1.242
9/7/2017,1.228
9/8/2017,1.23
9/11/2017,1.26
9/12/2017,1.264
9/13/2017,1.277
9/14/2017,1.294
9/15/2017,1.306
9/18/2017,1.316
9/19/2017,1.324
9/20/2017,1.347
9/21/2017,1.359
9/22/2017,1.353
9/25/2017,1.349
9/26/2017,1.36
9/27/2017,1.3735
9/28/2017,1.359
9/29/2017,1.377
10/2/2017,1.379
10/3/2017,1.3795
10/4/2017,1.388
10/5/2017,1.402
10/6/2017,1.414
10/9/2017,1.419
10/10/2017,1.416
10/11/2017,1.42
10/12/2017,1.421
10/13/2017,1.414
10/16/2017,1.4425
10/17/2017,1.4495
10/18/2017,1.451
10/19/2017,1.4365
10/20/2017,1.4565
10/23/2017,1.4525
10/24/2017,1.463
10/25/2017,1.4675
10/26/2017,1.478
10/27/2017,1.469
10/30/2017,1.465
10/31/2017,1.479
11/1/2017,1.487
11/2/2017,1.483
11/3/2017,1.491
11/6/2017,1.49
11/7/2017,1.493
11/8/2017,1.498
11/9/2017,1.4975
11/10/2017,1.511
11/13/2017,1.5215
11/14/2017,1.52
11/15/2017,1.517
11/16/2017,1.537
11/17/2017,1.535
11/20/2017,1.553
11/21/2017,1.5629
11/22/2017,1.549
11/23/2017,1.552
11/24/2017,1.5595
11/27/2017,1.5627
11/28/2017,1.5662
11/29/2017,1.582
11/30/2017,1.598
12/1/2017,1.5867
12/4/2017,1.5997
12/5/2017,1.6038
12/6/2017,1.5995
12/7/2017,1.6044
12/8/2017,1.6115
12/11/2017,1.6267
12/12/2017,1.63
12/13/2017,1.6096
12/14/2017,1.631
12/15/2017,1.6415
12/18/2017,1.64
12/19/2017,1.651
12/20/2017,1.6489
12/21/2017,1.659
12/22/2017,1.669
12/26/2017,1.6711
12/27/2017,1.6685
12/28/2017,1.6748
12/29/2017,1.673
1/1/2018,1.672
1/2/2018,1.69
1/3/2018,1.7039
1/4/2018,1.719
1/5/2018,1.7222
1/8/2018,1.7166
1/9/2018,1.725
1/10/2018,1.726
1/11/2018,1.7324
1/12/2018,1.7534
1/15/2018,1.756
1/16/2018,1.761
1/17/2018,1.778
1/18/2018,1.7665
1/19/2018,1.7806
1/22/2018,1.783
1/23/2018,1.7743
1/24/2018,1.784
1/25/2018,1.7917
1/26/2018,1.806
1/29/2018,1.805
1/30/2018,1.813
1/31/2018,1.8238
2/1/2018,1.83
2/2/2018,1.826
2/5/2018,1.7674
2/6/2018,1.813
2/7/2018,1.813
2/8/2018,1.806
2/9/2018,1.8002
2/12/2018,1.8105
2/13/2018,1.8193
2/14/2018,1.86
2/15/2018,1.871
2/16/2018,1.8643
2/19/2018,1.873
2/20/2018,1.8725
2/21/2018,1.89
2/22/2018,1.894
2/23/2018,1.896
2/26/2018,1.8931
2/27/2018,1.907
2/28/2018,1.924
3/1/2018,1.9035
3/2/2018,1.9178
3/5/2018,1.9209
3/6/2018,1.9277
3/7/2018,1.931
3/8/2018,1.9286
3/9/2018,1.935
3/12/2018,1.9418
3/13/2018,1.9404
3/14/2018,1.941
3/15/2018,1.9485
3/16/2018,1.9568
3/19/2018,1.9639
3/20/2018,1.9805
3/21/2018,1.9719
3/22/2018,1.963
3/23/2018,1.952
3/26/2018,1.9731
3/27/2018,1.953
3/28/2018,1.961
3/29/2018,1.969
3/30/2018,1.968
4/2/2018,1.966
4/3/2018,1.974
4/4/2018,1.9838
4/5/2018,1.997
4/6/2018,1.9706
4/9/2018,1.9837
4/10/2018,2
4/11/2018,2.0015
4/12/2018,2.026
4/13/2018,2.0301
4/16/2018,2.041
4/17/2018,2.052
4/18/2018,2.071
4/19/2018,2.067
4/20/2018,2.0805
4/23/2018,2.096
4/24/2018,2.0938
4/25/2018,2.1031
4/26/2018,2.107
4/27/2018,2.1054
4/30/2018,2.1091
5/1/2018,2.1187
5/2/2018,2.1171
5/3/2018,2.112
5/4/2018,2.126
5/7/2018,2.1322
5/8/2018,2.138
5/9/2018,2.149
5/10/2018,2.156
5/11/2018,2.159
5/14/2018,2.168
5/15/2018,2.179
5/16/2018,2.1831
5/17/2018,2.186
5/18/2018,2.1769
5/21/2018,2.184
5/22/2018,2.1835
5/23/2018,2.135
5/24/2018,2.139
5/25/2018,2.112
5/28/2018,2.115
5/29/2018,2.0206
5/30/2018,2.091
5/31/2018,2.1041
6/1/2018,2.1416
6/4/2018,2.162
6/5/2018,2.1533
6/6/2018,2.173
6/7/2018,2.162
6/8/2018,2.164
6/11/2018,2.186
6/12/2018,2.1976
6/13/2018,2.206
6/14/2018,2.2127
6/15/2018,2.2112
6/18/2018,2.2127
6/19/2018,2.2025
6/20/2018,2.2325
6/21/2018,2.227
6/22/2018,2.2233
6/25/2018,2.218
6/26/2018,2.217
6/27/2018,2.2023
6/28/2018,2.2064
6/29/2018,2.2181
7/2/2018,2.225
7/3/2018,2.221
7/4/2018,2.229
7/5/2018,2.24
7/6/2018,2.2357
7/9/2018,2.2517
7/10/2018,2.2549
7/11/2018,2.258
7/12/2018,2.264
7/13/2018,2.262
7/16/2018,2.282
7/17/2018,2.293
7/18/2018,2.2959
7/19/2018,2.2898
7/20/2018,2.294
7/23/2018,2.3115
7/24/2018,2.3105
7/25/2018,2.324
7/26/2018,2.3355
7/27/2018,2.335
7/30/2018,2.336
7/31/2018,2.334
8/1/2018,2.34
8/2/2018,2.339
8/3/2018,2.331
8/6/2018,2.335
8/7/2018,2.349
8/8/2018,2.346
8/9/2018,2.3385
8/10/2018,2.318
8/13/2018,2.3245
8/14/2018,2.343
8/15/2018,2.336
8/16/2018,2.343
8/17/2018,2.34
8/20/2018,2.329
8/21/2018,2.334
8/22/2018,2.338
8/23/2018,2.36
8/24/2018,2.358
8/27/2018,2.372
8/28/2018,2.388
8/29/2018,2.397
8/30/2018,2.389
8/31/2018,2.383
9/3/2018,2.383
9/4/2018,2.395
9/5/2018,2.401
9/6/2018,2.398
9/7/2018,2.427
9/10/2018,2.43
9/11/2018,2.454
9/12/2018,2.456
9/13/2018,2.4665
9/14/2018,2.475
9/17/2018,2.471
9/18/2018,2.488
9/19/2018,2.491
9/20/2018,2.495
9/21/2018,2.489
9/24/2018,2.49
9/25/2018,2.497
9/26/2018,2.496
9/27/2018,2.504
9/28/2018,2.5
10/1/2018,2.512
10/2/2018,2.5135
10/3/2018,2.542
10/4/2018,2.551
10/5/2018,2.556
10/8/2018,2.553
10/9/2018,2.556
10/10/2018,2.532
10/11/2018,2.538
10/12/2018,2.545
10/15/2018,2.546
10/16/2018,2.549
10/17/2018,2.563
10/18/2018,2.567
10/19/2018,2.579
10/22/2018,2.583
10/23/2018,2.5645
10/24/2018,2.536
10/25/2018,2.557
10/26/2018,2.542
10/29/2018,2.549
10/30/2018,2.565
10/31/2018,2.578
11/1/2018,2.566
11/2/2018,2.592
11/5/2018,2.595
11/6/2018,2.612
11/7/2018,2.629
11/8/2018,2.638
11/9/2018,2.627
11/12/2018,2.626
11/13/2018,2.6047
11/14/2018,2.5931
11/15/2018,2.588
11/16/2018,2.556
11/19/2018,2.5522
11/20/2018,2.5668
11/21/2018,2.568
11/22/2018,2.571
11/23/2018,2.563
11/26/2018,2.576
11/27/2018,2.582
11/28/2018,2.571
11/29/2018,2.569
11/30/2018,2.5602
12/3/2018,2.579
12/4/2018,2.5618
12/5/2018,2.567
12/6/2018,2.532
12/7/2018,2.505
12/10/2018,2.501
12/11/2018,2.5254
12/12/2018,2.548
12/13/2018,2.546
12/14/2018,2.534
12/17/2018,2.5021
12/18/2018,2.474
12/19/2018,2.505
12/20/2018,2.517
12/21/2018,2.4962
12/24/2018,2.454
12/26/2018,2.4777
12/27/2018,2.4518
12/28/2018,2.44
12/31/2018,2.442
1/1/2019,2.442
1/2/2019,2.43
1/3/2019,2.351
1/4/2019,2.416
1/7/2019,2.439
1/8/2019,2.473
1/9/2019,2.4513
1/10/2019,2.466
1/11/2019,2.456
1/14/2019,2.45
1/15/2019,2.449
1/16/2019,2.4434
1/17/2019,2.4562
1/18/2019,2.483
1/21/2019,2.477
1/22/2019,2.461
1/23/2019,2.464
1/24/2019,2.458
1/25/2019,2.478
1/28/2019,2.4651
1/29/2019,2.465
1/30/2019,2.437
1/31/2019,2.4034
2/1/2019,2.419
2/4/2019,2.434
2/5/2019,2.429
2/6/2019,2.4322
2/7/2019,2.414
2/8/2019,2.407
2/11/2019,2.413
2/12/2019,2.4216
2/13/2019,2.434
2/14/2019,2.416
2/15/2019,2.423
2/18/2019,2.422
2/19/2019,2.414
2/20/2019,2.411
2/21/2019,2.423
2/22/2019,2.4089
2/25/2019,2.409
2/26/2019,2.403
2/27/2019,2.407
2/28/2019,2.421
3/1/2019,2.4382
3/4/2019,2.43
3/5/2019,2.436
3/6/2019,2.428
3/7/2019,2.408
3/8/2019,2.404
3/11/2019,2.407
3/12/2019,2.391
3/13/2019,2.3948
3/14/2019,2.386
3/15/2019,2.3744
3/18/2019,2.38
3/19/2019,2.387
3/20/2019,2.367
3/21/2019,2.3707
3/22/2019,2.316
3/25/2019,2.261
3/26/2019,2.285
3/27/2019,2.248
3/28/2019,2.268
3/29/2019,2.284
4/1/2019,2.317
4/2/2019,2.306
4/3/2019,2.322
4/4/2019,2.327
4/5/2019,2.333
4/8/2019,2.343
4/9/2019,2.3337
4/10/2019,2.324
4/11/2019,2.3415
4/12/2019,2.3585
4/15/2019,2.364
4/16/2019,2.362
4/17/2019,2.362
4/18/2019,2.358
4/19/2019,2.358
4/22/2019,2.344
4/23/2019,2.3286
4/24/2019,2.3
4/25/2019,2.315
4/26/2019,2.286
4/29/2019,2.293
4/30/2019,2.2816
5/1/2019,2.306
5/2/2019,2.3266
5/3/2019,2.325
5/6/2019,2.299
5/7/2019,2.2892
5/8/2019,2.291
5/9/2019,2.2677
5/10/2019,2.266
5/13/2019,2.197
5/14/2019,2.205
5/15/2019,2.1867
5/16/2019,2.205
5/17/2019,2.2059
5/20/2019,2.22
5/21/2019,2.2423
5/22/2019,2.23
5/23/2019,2.174
5/24/2019,2.181
5/27/2019,2.192
5/28/2019,2.159
5/29/2019,2.155
5/30/2019,2.118
5/31/2019,2.008
6/3/2019,1.89
6/4/2019,1.922
6/5/2019,1.898
6/6/2019,1.908
6/7/2019,1.865
6/10/2019,1.908
6/11/2019,1.93
6/12/2019,1.89
6/13/2019,1.829
6/14/2019,1.84
6/17/2019,1.874
6/18/2019,1.878
6/19/2019,1.7515
6/20/2019,1.77
6/21/2019,1.756
6/24/2019,1.7219
6/25/2019,1.731
6/26/2019,1.779
6/27/2019,1.7599
6/28/2019,1.767
7/1/2019,1.8125
7/2/2019,1.776
7/3/2019,1.763
7/4/2019,1.766
7/5/2019,1.85
7/8/2019,1.855
7/9/2019,1.865
7/10/2019,1.798
7/11/2019,1.822
7/12/2019,1.792
7/15/2019,1.773
7/16/2019,1.779
7/17/2019,1.74
7/18/2019,1.656
7/19/2019,1.746
7/22/2019,1.734
7/23/2019,1.762
7/24/2019,1.748
7/25/2019,1.767
7/26/2019,1.766
7/29/2019,1.7586
7/30/2019,1.767
7/31/2019,1.811
8/1/2019,1.676
8/2/2019,1.645
8/5/2019,1.497
8/6/2019,1.524
8/7/2019,1.511
8/8/2019,1.5316
8/9/2019,1.548
8/12/2019,1.49
8/13/2019,1.571
8/14/2019,1.492
8/15/2019,1.4262
8/16/2019,1.4322
8/19/2019,1.485
8/20/2019,1.455
8/21/2019,1.504
8/22/2019,1.544
8/23/2019,1.466
8/26/2019,1.486
8/27/2019,1.471
8/28/2019,1.47
8/29/2019,1.482
8/30/2019,1.4766
9/2/2019,1.466
9/3/2019,1.397
9/4/2019,1.375
9/5/2019,1.437
9/6/2019,1.45
9/9/2019,1.484
9/10/2019,1.5323
9/11/2019,1.5223
9/12/2019,1.562
9/13/2019,1.617
9/16/2019,1.572
9/17/2019,1.581
9/18/2019,1.5897
9/19/2019,1.567
9/20/2019,1.563
9/23/2019,1.543
9/24/2019,1.48
9/25/2019,1.536
9/26/2019,1.532
9/27/2019,1.517
9/30/2019,1.508
10/1/2019,1.438
10/2/2019,1.386
10/3/2019,1.31
10/4/2019,1.342
10/7/2019,1.369
10/8/2019,1.331
10/9/2019,1.37
10/10/2019,1.416
10/11/2019,1.476
10/14/2019,1.468
10/15/2019,1.496
10/16/2019,1.457
10/17/2019,1.4668
10/18/2019,1.442
10/21/2019,1.461
10/22/2019,1.426
10/23/2019,1.4276
10/24/2019,1.4204
10/25/2019,1.4481
10/28/2019,1.46
10/29/2019,1.4579
10/30/2019,1.433
10/31/2019,1.383
11/1/2019,1.422
11/4/2019,1.445
11/5/2019,1.469
11/6/2019,1.457
11/7/2019,1.479
11/8/2019,1.489
11/11/2019,1.487
11/12/2019,1.477
11/13/2019,1.457
11/14/2019,1.434
11/15/2019,1.447
11/18/2019,1.436
11/19/2019,1.4245
11/20/2019,1.412
11/21/2019,1.426
11/22/2019,1.438
11/25/2019,1.452
11/26/2019,1.447
11/27/2019,1.4674
11/28/2019,1.463
11/29/2019,1.4566
12/2/2019,1.4606
12/3/2019,1.418
12/4/2019,1.435
12/5/2019,1.443
12/6/2019,1.461
12/9/2019,1.4562
12/10/2019,1.471
12/11/2019,1.459
12/12/2019,1.496
12/13/2019,1.476
12/16/2019,1.497
12/17/2019,1.495
12/18/2019,1.4998
12/19/2019,1.503
12/20/2019,1.5087
12/23/2019,1.517
12/24/2019,1.512
12/26/2019,1.5123
12/27/2019,1.503
12/30/2019,1.506
12/31/2019,1.516
1/1/2020,1.516
1/2/2020,1.5032
1/3/2020,1.4775
1/6/2020,1.479
1/7/2020,1.4713
1/8/2020,1.4984
1/9/2020,1.495
1/10/2020,1.4902
1/13/2020,1.502
1/14/2020,1.4962
1/15/2020,1.4975
1/16/2020,1.499
1/17/2020,1.505
1/20/2020,1.504
1/21/2020,1.4862
1/22/2020,1.483
1/23/2020,1.47
1/24/2020,1.463
1/27/2020,1.419
1/28/2020,1.446
1/29/2020,1.425
1/30/2020,1.416
1/31/2020,1.333
2/3/2020,1.377
2/4/2020,1.4223
2/5/2020,1.4459
2/6/2020,1.445
2/7/2020,1.416
2/10/2020,1.404
2/11/2020,1.417
2/12/2020,1.4363
2/13/2020,1.42
2/14/2020,1.404
2/17/2020,1.405
2/18/2020,1.386
2/19/2020,1.4
2/20/2020,1.374
2/21/2020,1.338
2/24/2020,1.252
2/25/2020,1.233
2/26/2020,1.172
2/27/2020,1.027
2/28/2020,0.901
3/2/2020,0.824
3/3/2020,0.559
3/4/2020,0.556
3/5/2020,0.4
3/6/2020,0.327
3/9/2020,0.155
3/10/2020,0.277
3/11/2020,0.148
3/12/2020,0.103
3/13/2020,0.13
3/16/2020,0.098
3/17/2020,0.131
3/18/2020,0.119
3/19/2020,0.113
3/20/2020,0.091
3/23/2020,0.083
3/24/2020,0.09
3/25/2020,0.074
3/26/2020,0.069
3/27/2020,0.0606
3/30/2020,0.0719
3/31/2020,0.074
4/1/2020,0.068
4/2/2020,0.078
4/3/2020,0.076
4/6/2020,0.079
4/7/2020,0.0826
4/8/2020,0.079
4/9/2020,0.073
4/10/2020,0.078
4/13/2020,0.081
4/14/2020,0.079
4/15/2020,0.072
4/16/2020,0.071
4/17/2020,0.072
4/20/2020,0.07
4/21/2020,0.07
4/22/2020,0.074
4/23/2020,0.07
4/24/2020,0.067
4/27/2020,0.0665
4/28/2020,0.066
4/29/2020,0.049
4/30/2020,0.043
5/1/2020,0.043
5/4/2020,0.04
5/5/2020,0.039
5/6/2020,0.033
5/7/2020,0.011
5/8/2020,0.026
5/11/2020,0.029
5/12/2020,0.0306
5/13/2020,0.027
5/14/2020,0.025
5/15/2020,0.029
5/18/2020,0.043
5/19/2020,0.043
5/20/2020,0.038
5/21/2020,0.035
5/22/2020,0.029
5/25/2020,0.029
5/26/2020,0.036
5/27/2020,0.036
5/28/2020,0.034
5/29/2020,0.028
6/1/2020,0.026
6/2/2020,0.029
6/3/2020,0.0377
6/4/2020,0.045
6/5/2020,0.05
6/8/2020,0.055
6/9/2020,0.052
6/10/2020,0.042
6/11/2020,0.056
6/12/2020,0.055
6/15/2020,0.0575
6/16/2020,0.055
6/17/2020,0.05
6/18/2020,0.049
6/19/2020,0.048
6/22/2020,0.044
6/23/2020,0.044
6/24/2020,0.0428
6/25/2020,0.0396
6/26/2020,0.033
6/29/2020,0.027
6/30/2020,0.027
7/1/2020,0.034
7/2/2020,0.034
7/3/2020,0.036
7/6/2020,0.038
7/7/2020,0.036
7/8/2020,0.034
7/9/2020,0.03
7/10/2020,0.03
7/13/2020,0.032
7/14/2020,0.034
7/15/2020,0.035
7/16/2020,0.032
7/17/2020,0.0334
7/20/2020,0.036
7/21/2020,0.036
7/22/2020,0.0366
7/23/2020,0.035
7/24/2020,0.036
7/27/2020,0.037
7/28/2020,0.036
7/29/2020,0.039
7/30/2020,0.034
7/31/2020,0.03
8/3/2020,0.037
8/4/2020,0.034
8/5/2020,0.04
8/6/2020,0.042
8/7/2020,0.048
8/10/2020,0.05
8/11/2020,0.05
8/12/2020,0.053
8/13/2020,0.053
8/14/2020,0.055
8/17/2020,0.055
8/18/2020,0.052
8/19/2020,0.053
8/20/2020,0.05
8/21/2020,0.049
8/24/2020,0.05
8/25/2020,0.055
8/26/2020,0.057
8/27/2020,0.059
8/28/2020,0.053
8/31/2020,0.0524
9/1/2020,0.0504
9/2/2020,0.05
9/3/2020,0.047
9/4/2020,0.054
9/7/2020,0.054
9/8/2020,0.054
9/9/2020,0.0575
9/10/2020,0.055
9/11/2020,0.051
9/14/2020,0.05
9/15/2020,0.052
9/16/2020,0.0541
9/17/2020,0.054
9/18/2020,0.058
9/21/2020,0.057
9/22/2020,0.057
9/23/2020,0.059
9/24/2020,0.056
9/25/2020,0.056
9/28/2020,0.053
9/29/2020,0.0552
9/30/2020,0.057
