,EURUSD CURNCY
1/1/2008,1.4592
1/2/2008,1.4715
1/3/2008,1.475
1/4/2008,1.4743
1/7/2008,1.4696
1/8/2008,1.4707
1/9/2008,1.4659
1/10/2008,1.4804
1/11/2008,1.4776
1/14/2008,1.4869
1/15/2008,1.4804
1/16/2008,1.4652
1/17/2008,1.4642
1/18/2008,1.4621
1/21/2008,1.4454
1/22/2008,1.4629
1/23/2008,1.4629
1/24/2008,1.4755
1/25/2008,1.4681
1/28/2008,1.4781
1/29/2008,1.4776
1/30/2008,1.4862
1/31/2008,1.4861
2/1/2008,1.4802
2/4/2008,1.483
2/5/2008,1.4647
2/6/2008,1.4632
2/7/2008,1.4485
2/8/2008,1.4504
2/11/2008,1.4519
2/12/2008,1.4584
2/13/2008,1.4573
2/14/2008,1.4643
2/15/2008,1.4682
2/18/2008,1.4658
2/19/2008,1.4726
2/20/2008,1.4715
2/21/2008,1.4814
2/22/2008,1.4827
2/25/2008,1.483
2/26/2008,1.4974
2/27/2008,1.512
2/28/2008,1.5193
2/29/2008,1.5179
3/3/2008,1.5204
3/4/2008,1.5217
3/5/2008,1.5265
3/6/2008,1.538
3/7/2008,1.5355
3/10/2008,1.5344
3/11/2008,1.5338
3/12/2008,1.5551
3/13/2008,1.5635
3/14/2008,1.5674
3/17/2008,1.573
3/18/2008,1.5625
3/19/2008,1.5626
3/20/2008,1.5428
3/21/2008,1.5432
3/24/2008,1.5423
3/25/2008,1.565
3/26/2008,1.5845
3/27/2008,1.5779
3/28/2008,1.5796
3/31/2008,1.5788
4/1/2008,1.5614
4/2/2008,1.5686
4/3/2008,1.5684
4/4/2008,1.5737
4/7/2008,1.5711
4/8/2008,1.5712
4/9/2008,1.5831
4/10/2008,1.5742
4/11/2008,1.5808
4/14/2008,1.5832
4/15/2008,1.579
4/16/2008,1.5948
4/17/2008,1.5908
4/18/2008,1.5818
4/21/2008,1.5912
4/22/2008,1.5991
4/23/2008,1.5889
4/24/2008,1.5682
4/25/2008,1.563
4/28/2008,1.5657
4/29/2008,1.5572
4/30/2008,1.5622
5/1/2008,1.5474
5/2/2008,1.5424
5/5/2008,1.5496
5/6/2008,1.5533
5/7/2008,1.5392
5/8/2008,1.5393
5/9/2008,1.5482
5/12/2008,1.5553
5/13/2008,1.5474
5/14/2008,1.5474
5/15/2008,1.5448
5/16/2008,1.5577
5/19/2008,1.551
5/20/2008,1.5646
5/21/2008,1.5795
5/22/2008,1.5733
5/23/2008,1.5762
5/26/2008,1.577
5/27/2008,1.5691
5/28/2008,1.5638
5/29/2008,1.5519
5/30/2008,1.5554
6/2/2008,1.5537
6/3/2008,1.5445
6/4/2008,1.544
6/5/2008,1.5593
6/6/2008,1.5778
6/9/2008,1.5646
6/10/2008,1.5467
6/11/2008,1.5552
6/12/2008,1.5439
6/13/2008,1.538
6/16/2008,1.5477
6/17/2008,1.5511
6/18/2008,1.5535
6/19/2008,1.5505
6/20/2008,1.5607
6/23/2008,1.5518
6/24/2008,1.5568
6/25/2008,1.5667
6/26/2008,1.5757
6/27/2008,1.5794
6/30/2008,1.5755
7/1/2008,1.5793
7/2/2008,1.5882
7/3/2008,1.5703
7/4/2008,1.5706
7/7/2008,1.5726
7/8/2008,1.567
7/9/2008,1.5743
7/10/2008,1.5788
7/11/2008,1.5938
7/14/2008,1.5908
7/15/2008,1.5911
7/16/2008,1.5827
7/17/2008,1.5863
7/18/2008,1.5847
7/21/2008,1.5922
7/22/2008,1.5784
7/23/2008,1.5698
7/24/2008,1.5677
7/25/2008,1.5709
7/28/2008,1.5741
7/29/2008,1.5588
7/30/2008,1.5576
7/31/2008,1.5603
8/1/2008,1.5564
8/4/2008,1.5576
8/5/2008,1.5454
8/6/2008,1.5408
8/7/2008,1.5325
8/8/2008,1.5005
8/11/2008,1.4909
8/12/2008,1.4926
8/13/2008,1.4919
8/14/2008,1.4826
8/15/2008,1.4687
8/18/2008,1.4694
8/19/2008,1.4776
8/20/2008,1.4747
8/21/2008,1.4899
8/22/2008,1.4793
8/25/2008,1.4754
8/26/2008,1.4653
8/27/2008,1.4727
8/28/2008,1.4706
8/29/2008,1.4673
9/1/2008,1.4617
9/2/2008,1.452
9/3/2008,1.4498
9/4/2008,1.4325
9/5/2008,1.4267
9/8/2008,1.4128
9/9/2008,1.4133
9/10/2008,1.3998
9/11/2008,1.3998
9/12/2008,1.4224
9/15/2008,1.4243
9/16/2008,1.4129
9/17/2008,1.4326
9/18/2008,1.4348
9/19/2008,1.4466
9/22/2008,1.4774
9/23/2008,1.4648
9/24/2008,1.4621
9/25/2008,1.4609
9/26/2008,1.4614
9/29/2008,1.4435
9/30/2008,1.4092
10/1/2008,1.4009
10/2/2008,1.3819
10/3/2008,1.3772
10/6/2008,1.3499
10/7/2008,1.3588
10/8/2008,1.3654
10/9/2008,1.3604
10/10/2008,1.3409
10/13/2008,1.3581
10/14/2008,1.3619
10/15/2008,1.3499
10/16/2008,1.3456
10/17/2008,1.341
10/20/2008,1.3344
10/21/2008,1.3063
10/22/2008,1.2855
10/23/2008,1.2934
10/24/2008,1.2623
10/27/2008,1.2493
10/28/2008,1.2683
10/29/2008,1.2963
10/30/2008,1.2915
10/31/2008,1.2726
11/3/2008,1.2643
11/4/2008,1.2981
11/5/2008,1.2954
11/6/2008,1.2715
11/7/2008,1.2718
11/10/2008,1.2748
11/11/2008,1.2522
11/12/2008,1.2505
11/13/2008,1.2769
11/14/2008,1.2605
11/17/2008,1.265
11/18/2008,1.2618
11/19/2008,1.2489
11/20/2008,1.2453
11/21/2008,1.2587
11/24/2008,1.2953
11/25/2008,1.3065
11/26/2008,1.288
11/27/2008,1.2904
11/28/2008,1.2691
12/1/2008,1.2611
12/2/2008,1.2714
12/3/2008,1.2717
12/4/2008,1.2777
12/5/2008,1.2718
12/8/2008,1.2963
12/9/2008,1.2927
12/10/2008,1.3023
12/11/2008,1.3352
12/12/2008,1.3369
12/15/2008,1.3688
12/16/2008,1.4002
12/17/2008,1.442
12/18/2008,1.424
12/19/2008,1.3912
12/22/2008,1.3944
12/23/2008,1.3929
12/24/2008,1.4013
12/25/2008,1.4025
12/26/2008,1.4028
12/29/2008,1.3927
12/30/2008,1.4057
12/31/2008,1.3971
1/1/2009,1.4045
1/2/2009,1.3921
1/5/2009,1.3635
1/6/2009,1.3536
1/7/2009,1.3644
1/8/2009,1.3702
1/9/2009,1.3476
1/12/2009,1.3362
1/13/2009,1.3182
1/14/2009,1.3191
1/15/2009,1.3115
1/16/2009,1.3267
1/19/2009,1.3069
1/20/2009,1.2904
1/21/2009,1.3023
1/22/2009,1.3001
1/23/2009,1.2975
1/26/2009,1.3189
1/27/2009,1.316
1/28/2009,1.3166
1/29/2009,1.2954
1/30/2009,1.2813
2/2/2009,1.2843
2/3/2009,1.304
2/4/2009,1.2849
2/5/2009,1.2791
2/6/2009,1.294
2/9/2009,1.3003
2/10/2009,1.2913
2/11/2009,1.2906
2/12/2009,1.2861
2/13/2009,1.2862
2/16/2009,1.2801
2/17/2009,1.2582
2/18/2009,1.253
2/19/2009,1.2674
2/20/2009,1.2826
2/23/2009,1.2694
2/24/2009,1.2846
2/25/2009,1.2723
2/26/2009,1.2744
2/27/2009,1.2669
3/2/2009,1.2578
3/3/2009,1.2561
3/4/2009,1.2661
3/5/2009,1.254
3/6/2009,1.2653
3/9/2009,1.2611
3/10/2009,1.2682
3/11/2009,1.2837
3/12/2009,1.2913
3/13/2009,1.2928
3/16/2009,1.2968
3/17/2009,1.3017
3/18/2009,1.3474
3/19/2009,1.3665
3/20/2009,1.3582
3/23/2009,1.3633
3/24/2009,1.3468
3/25/2009,1.3583
3/26/2009,1.3526
3/27/2009,1.3287
3/30/2009,1.3199
3/31/2009,1.325
4/1/2009,1.3249
4/2/2009,1.3461
4/3/2009,1.3486
4/6/2009,1.3416
4/7/2009,1.3272
4/8/2009,1.3282
4/9/2009,1.3169
4/10/2009,1.3189
4/13/2009,1.3368
4/14/2009,1.3259
4/15/2009,1.3227
4/16/2009,1.3186
4/17/2009,1.3044
4/20/2009,1.2921
4/21/2009,1.2948
4/22/2009,1.3005
4/23/2009,1.3144
4/24/2009,1.3242
4/27/2009,1.3036
4/28/2009,1.3149
4/29/2009,1.3271
4/30/2009,1.323
5/1/2009,1.3273
5/4/2009,1.3406
5/5/2009,1.333
5/6/2009,1.3335
5/7/2009,1.339
5/8/2009,1.3634
5/11/2009,1.3582
5/12/2009,1.3648
5/13/2009,1.36
5/14/2009,1.3639
5/15/2009,1.3495
5/18/2009,1.3562
5/19/2009,1.363
5/20/2009,1.378
5/21/2009,1.389
5/22/2009,1.3998
5/25/2009,1.4017
5/26/2009,1.3985
5/27/2009,1.3825
5/28/2009,1.3941
5/29/2009,1.4158
6/1/2009,1.4159
6/2/2009,1.4303
6/3/2009,1.4162
6/4/2009,1.4183
6/5/2009,1.3968
6/8/2009,1.39
6/9/2009,1.4065
6/10/2009,1.3984
6/11/2009,1.4108
6/12/2009,1.4016
6/15/2009,1.3803
6/16/2009,1.3837
6/17/2009,1.3942
6/18/2009,1.39
6/19/2009,1.3937
6/22/2009,1.3865
6/23/2009,1.4077
6/24/2009,1.393
6/25/2009,1.3988
6/26/2009,1.4056
6/29/2009,1.4083
6/30/2009,1.4033
7/1/2009,1.4142
7/2/2009,1.4003
7/3/2009,1.398
7/6/2009,1.3984
7/7/2009,1.3924
7/8/2009,1.3884
7/9/2009,1.402
7/10/2009,1.3936
7/13/2009,1.3978
7/14/2009,1.3967
7/15/2009,1.4107
7/16/2009,1.4148
7/17/2009,1.4102
7/20/2009,1.4231
7/21/2009,1.4226
7/22/2009,1.422
7/23/2009,1.4143
7/24/2009,1.4202
7/27/2009,1.4232
7/28/2009,1.4167
7/29/2009,1.405
7/30/2009,1.4075
7/31/2009,1.4257
8/3/2009,1.4412
8/4/2009,1.4408
8/5/2009,1.4404
8/6/2009,1.4345
8/7/2009,1.4183
8/10/2009,1.414
8/11/2009,1.4149
8/12/2009,1.4188
8/13/2009,1.4292
8/14/2009,1.4203
8/17/2009,1.4082
8/18/2009,1.4136
8/19/2009,1.4224
8/20/2009,1.4254
8/21/2009,1.4326
8/24/2009,1.4304
8/25/2009,1.4297
8/26/2009,1.4255
8/27/2009,1.4341
8/28/2009,1.4303
8/31/2009,1.4334
9/1/2009,1.4224
9/2/2009,1.4264
9/3/2009,1.4252
9/4/2009,1.4297
9/7/2009,1.4332
9/8/2009,1.4478
9/9/2009,1.4557
9/10/2009,1.4582
9/11/2009,1.4571
9/14/2009,1.4618
9/15/2009,1.4658
9/16/2009,1.4709
9/17/2009,1.4741
9/18/2009,1.4712
9/21/2009,1.468
9/22/2009,1.479
9/23/2009,1.4735
9/24/2009,1.4666
9/25/2009,1.4689
9/28/2009,1.4622
9/29/2009,1.4587
9/30/2009,1.464
10/1/2009,1.4545
10/2/2009,1.4576
10/5/2009,1.4648
10/6/2009,1.4722
10/7/2009,1.4691
10/8/2009,1.4794
10/9/2009,1.4732
10/12/2009,1.4773
10/13/2009,1.4854
10/14/2009,1.4925
10/15/2009,1.4947
10/16/2009,1.4905
10/19/2009,1.4965
10/20/2009,1.4945
10/21/2009,1.5016
10/22/2009,1.5033
10/23/2009,1.5008
10/26/2009,1.4876
10/27/2009,1.4804
10/28/2009,1.4706
10/29/2009,1.4822
10/30/2009,1.4719
11/2/2009,1.4775
11/3/2009,1.4724
11/4/2009,1.4861
11/5/2009,1.4871
11/6/2009,1.4847
11/9/2009,1.4999
11/10/2009,1.4993
11/11/2009,1.4987
11/12/2009,1.485
11/13/2009,1.4903
11/16/2009,1.497
11/17/2009,1.4876
11/18/2009,1.4963
11/19/2009,1.4925
11/20/2009,1.4862
11/23/2009,1.4961
11/24/2009,1.4968
11/25/2009,1.5134
11/26/2009,1.5019
11/27/2009,1.4988
11/30/2009,1.5005
12/1/2009,1.5081
12/2/2009,1.5044
12/3/2009,1.5053
12/4/2009,1.4858
12/7/2009,1.4827
12/8/2009,1.4704
12/9/2009,1.4726
12/10/2009,1.4732
12/11/2009,1.4615
12/14/2009,1.4656
12/15/2009,1.4538
12/16/2009,1.4531
12/17/2009,1.4338
12/18/2009,1.4338
12/21/2009,1.4276
12/22/2009,1.4249
12/23/2009,1.4337
12/24/2009,1.438
12/25/2009,1.4411
12/28/2009,1.4378
12/29/2009,1.4354
12/30/2009,1.4339
12/31/2009,1.4321
1/1/2010,1.4324
1/4/2010,1.4413
1/5/2010,1.4365
1/6/2010,1.4408
1/7/2010,1.4308
1/8/2010,1.4409
1/11/2010,1.4513
1/12/2010,1.4486
1/13/2010,1.451
1/14/2010,1.4499
1/15/2010,1.4387
1/18/2010,1.4384
1/19/2010,1.4288
1/20/2010,1.4106
1/21/2010,1.4084
1/22/2010,1.4139
1/25/2010,1.4151
1/26/2010,1.4072
1/27/2010,1.4024
1/28/2010,1.3971
1/29/2010,1.3863
2/1/2010,1.3931
2/2/2010,1.3964
2/3/2010,1.3893
2/4/2010,1.3723
2/5/2010,1.3678
2/8/2010,1.3649
2/9/2010,1.3797
2/10/2010,1.3737
2/11/2010,1.3693
2/12/2010,1.3632
2/15/2010,1.3598
2/16/2010,1.377
2/17/2010,1.3607
2/18/2010,1.3527
2/19/2010,1.3613
2/22/2010,1.3596
2/23/2010,1.3507
2/24/2010,1.3538
2/25/2010,1.3548
2/26/2010,1.3631
3/1/2010,1.356
3/2/2010,1.3615
3/3/2010,1.3697
3/4/2010,1.3581
3/5/2010,1.3626
3/8/2010,1.3634
3/9/2010,1.3602
3/10/2010,1.3657
3/11/2010,1.3681
3/12/2010,1.3769
3/15/2010,1.3677
3/16/2010,1.3766
3/17/2010,1.3738
3/18/2010,1.3608
3/19/2010,1.353
3/22/2010,1.3558
3/23/2010,1.3499
3/24/2010,1.3315
3/25/2010,1.3273
3/26/2010,1.341
3/29/2010,1.3483
3/30/2010,1.3414
3/31/2010,1.351
4/1/2010,1.3589
4/2/2010,1.3504
4/5/2010,1.3484
4/6/2010,1.3399
4/7/2010,1.3344
4/8/2010,1.3361
4/9/2010,1.35
4/12/2010,1.3592
4/13/2010,1.3614
4/14/2010,1.3653
4/15/2010,1.3573
4/16/2010,1.3503
4/19/2010,1.3489
4/20/2010,1.3435
4/21/2010,1.339
4/22/2010,1.3295
4/23/2010,1.3384
4/26/2010,1.3383
4/27/2010,1.3175
4/28/2010,1.3221
4/29/2010,1.3233
4/30/2010,1.3294
5/3/2010,1.3195
5/4/2010,1.2987
5/5/2010,1.2814
5/6/2010,1.262
5/7/2010,1.2755
5/10/2010,1.2787
5/11/2010,1.2662
5/12/2010,1.2614
5/13/2010,1.2535
5/14/2010,1.2358
5/17/2010,1.2395
5/18/2010,1.2202
5/19/2010,1.2415
5/20/2010,1.2487
5/21/2010,1.257
5/24/2010,1.2372
5/25/2010,1.2345
5/26/2010,1.2178
5/27/2010,1.2362
5/28/2010,1.2273
5/31/2010,1.2306
6/1/2010,1.2229
6/2/2010,1.2249
6/3/2010,1.2163
6/4/2010,1.1967
6/7/2010,1.1923
6/8/2010,1.1973
6/9/2010,1.1979
6/10/2010,1.2124
6/11/2010,1.2112
6/14/2010,1.2221
6/15/2010,1.2332
6/16/2010,1.2311
6/17/2010,1.2389
6/18/2010,1.2388
6/21/2010,1.2312
6/22/2010,1.2271
6/23/2010,1.2311
6/24/2010,1.2333
6/25/2010,1.2369
6/28/2010,1.2277
6/29/2010,1.2188
6/30/2010,1.2238
7/1/2010,1.2527
7/2/2010,1.2566
7/5/2010,1.2538
7/6/2010,1.2626
7/7/2010,1.2638
7/8/2010,1.2698
7/9/2010,1.2641
7/12/2010,1.2596
7/13/2010,1.2724
7/14/2010,1.2743
7/15/2010,1.295
7/16/2010,1.293
7/19/2010,1.2942
7/20/2010,1.288
7/21/2010,1.2754
7/22/2010,1.2893
7/23/2010,1.2909
7/26/2010,1.2994
7/27/2010,1.2996
7/28/2010,1.2995
7/29/2010,1.3079
7/30/2010,1.3052
8/2/2010,1.3179
8/3/2010,1.3231
8/4/2010,1.3161
8/5/2010,1.3189
8/6/2010,1.328
8/9/2010,1.3222
8/10/2010,1.3177
8/11/2010,1.2863
8/12/2010,1.2829
8/13/2010,1.2754
8/16/2010,1.2827
8/17/2010,1.2885
8/18/2010,1.2853
8/19/2010,1.2823
8/20/2010,1.2712
8/23/2010,1.2657
8/24/2010,1.2627
8/25/2010,1.2659
8/26/2010,1.2716
8/27/2010,1.2763
8/30/2010,1.2663
8/31/2010,1.268
9/1/2010,1.2809
9/2/2010,1.2826
9/3/2010,1.2896
9/6/2010,1.2876
9/7/2010,1.2682
9/8/2010,1.272
9/9/2010,1.2696
9/10/2010,1.2679
9/13/2010,1.2883
9/14/2010,1.2998
9/15/2010,1.3011
9/16/2010,1.3078
9/17/2010,1.305
9/20/2010,1.3061
9/21/2010,1.3264
9/22/2010,1.3406
9/23/2010,1.3314
9/24/2010,1.3492
9/27/2010,1.3455
9/28/2010,1.3585
9/29/2010,1.3627
9/30/2010,1.3634
10/1/2010,1.3791
10/4/2010,1.3685
10/5/2010,1.3839
10/6/2010,1.393
10/7/2010,1.3926
10/8/2010,1.3939
10/11/2010,1.3876
10/12/2010,1.3925
10/13/2010,1.3961
10/14/2010,1.4084
10/15/2010,1.3977
10/18/2010,1.3934
10/19/2010,1.3727
10/20/2010,1.3964
10/21/2010,1.392
10/22/2010,1.3954
10/25/2010,1.3965
10/26/2010,1.3859
10/27/2010,1.3769
10/28/2010,1.393
10/29/2010,1.3947
11/1/2010,1.3893
11/2/2010,1.4034
11/3/2010,1.4139
11/4/2010,1.4207
11/5/2010,1.4032
11/8/2010,1.392
11/9/2010,1.3773
11/10/2010,1.3783
11/11/2010,1.3667
11/12/2010,1.3691
11/15/2010,1.3587
11/16/2010,1.3489
11/17/2010,1.3529
11/18/2010,1.3643
11/19/2010,1.3673
11/22/2010,1.3627
11/23/2010,1.3367
11/24/2010,1.3335
11/25/2010,1.336
11/26/2010,1.3242
11/29/2010,1.3125
11/30/2010,1.2983
12/1/2010,1.3139
12/2/2010,1.3209
12/3/2010,1.3414
12/6/2010,1.3308
12/7/2010,1.3261
12/8/2010,1.3262
12/9/2010,1.3239
12/10/2010,1.3226
12/13/2010,1.3391
12/14/2010,1.3378
12/15/2010,1.3214
12/16/2010,1.3244
12/17/2010,1.3188
12/20/2010,1.3131
12/21/2010,1.31
12/22/2010,1.31
12/23/2010,1.3114
12/24/2010,1.3122
12/27/2010,1.3165
12/28/2010,1.3115
12/29/2010,1.3225
12/30/2010,1.3291
12/31/2010,1.3384
1/3/2011,1.3361
1/4/2011,1.3308
1/5/2011,1.3149
1/6/2011,1.3003
1/7/2011,1.2907
1/10/2011,1.2951
1/11/2011,1.2974
1/12/2011,1.3131
1/13/2011,1.3364
1/14/2011,1.3388
1/17/2011,1.3294
1/18/2011,1.3387
1/19/2011,1.3473
1/20/2011,1.3473
1/21/2011,1.3621
1/24/2011,1.3638
1/25/2011,1.3681
1/26/2011,1.3713
1/27/2011,1.3734
1/28/2011,1.3611
1/31/2011,1.3694
2/1/2011,1.3829
2/2/2011,1.3811
2/3/2011,1.3634
2/4/2011,1.3581
2/7/2011,1.3583
2/8/2011,1.3625
2/9/2011,1.3733
2/10/2011,1.3603
2/11/2011,1.3554
2/14/2011,1.3489
2/15/2011,1.3487
2/16/2011,1.3569
2/17/2011,1.3609
2/18/2011,1.3693
2/21/2011,1.3678
2/22/2011,1.365
2/23/2011,1.3749
2/24/2011,1.38
2/25/2011,1.3754
2/28/2011,1.3806
3/1/2011,1.3777
3/2/2011,1.3866
3/3/2011,1.3969
3/4/2011,1.3987
3/7/2011,1.3968
3/8/2011,1.3905
3/9/2011,1.3909
3/10/2011,1.3798
3/11/2011,1.3903
3/14/2011,1.3992
3/15/2011,1.3998
3/16/2011,1.39
3/17/2011,1.4021
3/18/2011,1.4182
3/21/2011,1.4226
3/22/2011,1.4196
3/23/2011,1.4088
3/24/2011,1.4177
3/25/2011,1.4088
3/28/2011,1.4087
3/29/2011,1.4113
3/30/2011,1.4127
3/31/2011,1.4158
4/1/2011,1.4237
4/4/2011,1.4221
4/5/2011,1.4223
4/6/2011,1.4331
4/7/2011,1.4308
4/8/2011,1.4483
4/11/2011,1.4436
4/12/2011,1.4477
4/13/2011,1.4443
4/14/2011,1.4488
4/15/2011,1.443
4/18/2011,1.4235
4/19/2011,1.4335
4/20/2011,1.4523
4/21/2011,1.4552
4/22/2011,1.4561
4/25/2011,1.4582
4/26/2011,1.4644
4/27/2011,1.4788
4/28/2011,1.4822
4/29/2011,1.4807
5/2/2011,1.483
5/3/2011,1.4825
5/4/2011,1.4827
5/5/2011,1.4539
5/6/2011,1.4316
5/9/2011,1.4365
5/10/2011,1.4409
5/11/2011,1.4192
5/12/2011,1.4246
5/13/2011,1.4119
5/16/2011,1.4156
5/17/2011,1.4237
5/18/2011,1.425
5/19/2011,1.4309
5/20/2011,1.4161
5/23/2011,1.4048
5/24/2011,1.41
5/25/2011,1.4088
5/26/2011,1.4145
5/27/2011,1.4319
5/30/2011,1.4282
5/31/2011,1.4396
6/1/2011,1.4328
6/2/2011,1.4491
6/3/2011,1.4635
6/6/2011,1.4576
6/7/2011,1.4691
6/8/2011,1.4583
6/9/2011,1.451
6/10/2011,1.4347
6/13/2011,1.4413
6/14/2011,1.444
6/15/2011,1.4181
6/16/2011,1.4204
6/17/2011,1.4306
6/20/2011,1.4304
6/21/2011,1.4412
6/22/2011,1.4357
6/23/2011,1.4256
6/24/2011,1.4188
6/27/2011,1.4287
6/28/2011,1.4371
6/29/2011,1.4435
6/30/2011,1.4502
7/1/2011,1.4526
7/4/2011,1.4539
7/5/2011,1.4429
7/6/2011,1.4319
7/7/2011,1.4364
7/8/2011,1.4265
7/11/2011,1.4029
7/12/2011,1.3976
7/13/2011,1.4167
7/14/2011,1.4143
7/15/2011,1.4157
7/18/2011,1.4112
7/19/2011,1.4156
7/20/2011,1.4215
7/21/2011,1.4425
7/22/2011,1.436
7/25/2011,1.4377
7/26/2011,1.4511
7/27/2011,1.4369
7/28/2011,1.4334
7/29/2011,1.4398
8/1/2011,1.425
8/2/2011,1.4203
8/3/2011,1.4323
8/4/2011,1.4092
8/5/2011,1.4282
8/8/2011,1.4179
8/9/2011,1.4376
8/10/2011,1.4178
8/11/2011,1.4241
8/12/2011,1.4248
8/15/2011,1.4445
8/16/2011,1.4407
8/17/2011,1.4426
8/18/2011,1.4333
8/19/2011,1.4397
8/22/2011,1.4358
8/23/2011,1.4442
8/24/2011,1.4414
8/25/2011,1.4379
8/26/2011,1.4499
8/29/2011,1.4511
8/30/2011,1.4441
8/31/2011,1.4369
9/1/2011,1.4259
9/2/2011,1.4205
9/5/2011,1.4098
9/6/2011,1.3998
9/7/2011,1.4098
9/8/2011,1.3882
9/9/2011,1.3656
9/12/2011,1.3679
9/13/2011,1.3678
9/14/2011,1.3755
9/15/2011,1.3877
9/16/2011,1.3796
9/19/2011,1.3686
9/20/2011,1.3702
9/21/2011,1.3573
9/22/2011,1.3465
9/23/2011,1.35
9/26/2011,1.3533
9/27/2011,1.3585
9/28/2011,1.3543
9/29/2011,1.3597
9/30/2011,1.3387
10/3/2011,1.3176
10/4/2011,1.3349
10/5/2011,1.3348
10/6/2011,1.3437
10/7/2011,1.3378
10/10/2011,1.3642
10/11/2011,1.364
10/12/2011,1.3791
10/13/2011,1.3777
10/14/2011,1.3882
10/17/2011,1.3737
10/18/2011,1.3752
10/19/2011,1.376
10/20/2011,1.378
10/21/2011,1.3896
10/24/2011,1.3929
10/25/2011,1.3908
10/26/2011,1.3906
10/27/2011,1.4189
10/28/2011,1.4147
10/31/2011,1.3858
11/1/2011,1.3703
11/2/2011,1.3747
11/3/2011,1.3823
11/4/2011,1.3792
11/7/2011,1.3776
11/8/2011,1.3834
11/9/2011,1.3542
11/10/2011,1.3606
11/11/2011,1.375
11/14/2011,1.3633
11/15/2011,1.3539
11/16/2011,1.3463
11/17/2011,1.3458
11/18/2011,1.3525
11/21/2011,1.3489
11/22/2011,1.3505
11/23/2011,1.3342
11/24/2011,1.3347
11/25/2011,1.3239
11/28/2011,1.332
11/29/2011,1.3317
11/30/2011,1.3446
12/1/2011,1.3461
12/2/2011,1.3391
12/5/2011,1.3401
12/6/2011,1.3402
12/7/2011,1.3412
12/8/2011,1.3341
12/9/2011,1.3386
12/12/2011,1.3187
12/13/2011,1.3037
12/14/2011,1.2983
12/15/2011,1.3016
12/16/2011,1.3046
12/19/2011,1.2998
12/20/2011,1.3082
12/21/2011,1.3047
12/22/2011,1.305
12/23/2011,1.3044
12/26/2011,1.3061
12/27/2011,1.3071
12/28/2011,1.2941
12/29/2011,1.2961
12/30/2011,1.2961
1/2/2012,1.2934
1/3/2012,1.305
1/4/2012,1.2943
1/5/2012,1.2789
1/6/2012,1.2717
1/9/2012,1.2765
1/10/2012,1.2778
1/11/2012,1.2707
1/12/2012,1.2814
1/13/2012,1.268
1/16/2012,1.2667
1/17/2012,1.2736
1/18/2012,1.2863
1/19/2012,1.2968
1/20/2012,1.2931
1/23/2012,1.3013
1/24/2012,1.3036
1/25/2012,1.3106
1/26/2012,1.3109
1/27/2012,1.322
1/30/2012,1.3144
1/31/2012,1.3084
2/1/2012,1.3161
2/2/2012,1.3144
2/3/2012,1.3158
2/6/2012,1.313
2/7/2012,1.3261
2/8/2012,1.326
2/9/2012,1.3286
2/10/2012,1.3197
2/13/2012,1.3186
2/14/2012,1.3134
2/15/2012,1.3066
2/16/2012,1.313
2/17/2012,1.314
2/20/2012,1.3243
2/21/2012,1.3234
2/22/2012,1.3249
2/23/2012,1.3373
2/24/2012,1.3448
2/27/2012,1.3398
2/28/2012,1.3458
2/29/2012,1.3325
3/1/2012,1.3311
3/2/2012,1.3198
3/5/2012,1.3217
3/6/2012,1.3112
3/7/2012,1.3149
3/8/2012,1.3275
3/9/2012,1.3123
3/12/2012,1.3155
3/13/2012,1.3084
3/14/2012,1.3032
3/15/2012,1.308
3/16/2012,1.3175
3/19/2012,1.3238
3/20/2012,1.3225
3/21/2012,1.3216
3/22/2012,1.3201
3/23/2012,1.327
3/26/2012,1.3359
3/27/2012,1.3313
3/28/2012,1.3317
3/29/2012,1.3302
3/30/2012,1.3343
4/2/2012,1.3321
4/3/2012,1.3233
4/4/2012,1.3142
4/5/2012,1.3066
4/6/2012,1.3096
4/9/2012,1.3106
4/10/2012,1.3082
4/11/2012,1.311
4/12/2012,1.3188
4/13/2012,1.3078
4/16/2012,1.3142
4/17/2012,1.3127
4/18/2012,1.3123
4/19/2012,1.3138
4/20/2012,1.3219
4/23/2012,1.3156
4/24/2012,1.3197
4/25/2012,1.3217
4/26/2012,1.3219
4/27/2012,1.3255
4/30/2012,1.3239
5/1/2012,1.3237
5/2/2012,1.3158
5/3/2012,1.3152
5/4/2012,1.3084
5/7/2012,1.3051
5/8/2012,1.3005
5/9/2012,1.2929
5/10/2012,1.2936
5/11/2012,1.2917
5/14/2012,1.2823
5/15/2012,1.2729
5/16/2012,1.2716
5/17/2012,1.2698
5/18/2012,1.278
5/21/2012,1.2818
5/22/2012,1.2684
5/23/2012,1.2582
5/24/2012,1.2532
5/25/2012,1.2517
5/28/2012,1.2541
5/29/2012,1.2503
5/30/2012,1.2367
5/31/2012,1.2365
6/1/2012,1.2434
6/4/2012,1.2499
6/5/2012,1.2452
6/6/2012,1.2582
6/7/2012,1.2561
6/8/2012,1.2517
6/11/2012,1.2482
6/12/2012,1.2503
6/13/2012,1.2557
6/14/2012,1.2633
6/15/2012,1.2638
6/18/2012,1.2576
6/19/2012,1.2685
6/20/2012,1.2707
6/21/2012,1.254
6/22/2012,1.257
6/25/2012,1.2504
6/26/2012,1.2491
6/27/2012,1.2468
6/28/2012,1.2444
6/29/2012,1.2667
7/2/2012,1.2576
7/3/2012,1.2608
7/4/2012,1.2527
7/5/2012,1.2392
7/6/2012,1.2291
7/9/2012,1.2313
7/10/2012,1.225
7/11/2012,1.2239
7/12/2012,1.2203
7/13/2012,1.2249
7/16/2012,1.2273
7/17/2012,1.2294
7/18/2012,1.2284
7/19/2012,1.2281
7/20/2012,1.2157
7/23/2012,1.2117
7/24/2012,1.2061
7/25/2012,1.2158
7/26/2012,1.2283
7/27/2012,1.2322
7/30/2012,1.226
7/31/2012,1.2304
8/1/2012,1.2225
8/2/2012,1.218
8/3/2012,1.2387
8/6/2012,1.2401
8/7/2012,1.2399
8/8/2012,1.2365
8/9/2012,1.2306
8/10/2012,1.2289
8/13/2012,1.2332
8/14/2012,1.2322
8/15/2012,1.229
8/16/2012,1.2356
8/17/2012,1.2334
8/20/2012,1.2346
8/21/2012,1.2473
8/22/2012,1.2529
8/23/2012,1.2564
8/24/2012,1.2512
8/27/2012,1.2499
8/28/2012,1.2565
8/29/2012,1.253
8/30/2012,1.2506
8/31/2012,1.2579
9/3/2012,1.2593
9/4/2012,1.2566
9/5/2012,1.2601
9/6/2012,1.2631
9/7/2012,1.2816
9/10/2012,1.2758
9/11/2012,1.2855
9/12/2012,1.29
9/13/2012,1.2991
9/14/2012,1.313
9/17/2012,1.3117
9/18/2012,1.3048
9/19/2012,1.3049
9/20/2012,1.2968
9/21/2012,1.298
9/24/2012,1.2931
9/25/2012,1.2899
9/26/2012,1.2873
9/27/2012,1.2913
9/28/2012,1.286
10/1/2012,1.2888
10/2/2012,1.292
10/3/2012,1.2905
10/4/2012,1.3018
10/5/2012,1.3045
10/8/2012,1.2968
10/9/2012,1.2885
10/10/2012,1.2875
10/11/2012,1.2928
10/12/2012,1.2951
10/15/2012,1.2949
10/16/2012,1.3054
10/17/2012,1.3119
10/18/2012,1.3067
10/19/2012,1.3024
10/22/2012,1.306
10/23/2012,1.2987
10/24/2012,1.2974
10/25/2012,1.2934
10/26/2012,1.2938
10/29/2012,1.2904
10/30/2012,1.2959
10/31/2012,1.296
11/1/2012,1.2943
11/2/2012,1.2835
11/5/2012,1.2796
11/6/2012,1.2814
11/7/2012,1.2771
11/8/2012,1.2747
11/9/2012,1.2714
11/12/2012,1.271
11/13/2012,1.2704
11/14/2012,1.2736
11/15/2012,1.2781
11/16/2012,1.2743
11/19/2012,1.2814
11/20/2012,1.2817
11/21/2012,1.2829
11/22/2012,1.2884
11/23/2012,1.2976
11/26/2012,1.2972
11/27/2012,1.2943
11/28/2012,1.2953
11/29/2012,1.2979
11/30/2012,1.2986
12/3/2012,1.3054
12/4/2012,1.3094
12/5/2012,1.3068
12/6/2012,1.297
12/7/2012,1.2927
12/10/2012,1.2941
12/11/2012,1.3005
12/12/2012,1.3074
12/13/2012,1.3077
12/14/2012,1.3163
12/17/2012,1.3164
12/18/2012,1.3229
12/19/2012,1.3227
12/20/2012,1.3244
12/21/2012,1.3188
12/24/2012,1.3185
12/25/2012,1.3183
12/26/2012,1.3224
12/27/2012,1.3236
12/28/2012,1.3216
12/31/2012,1.3193
1/1/2013,1.3204
1/2/2013,1.3186
1/3/2013,1.3049
1/4/2013,1.3069
1/7/2013,1.3117
1/8/2013,1.3081
1/9/2013,1.3064
1/10/2013,1.3272
1/11/2013,1.3343
1/14/2013,1.3382
1/15/2013,1.3306
1/16/2013,1.3289
1/17/2013,1.3376
1/18/2013,1.3321
1/21/2013,1.3313
1/22/2013,1.3322
1/23/2013,1.3318
1/24/2013,1.3377
1/25/2013,1.3464
1/28/2013,1.3456
1/29/2013,1.3492
1/30/2013,1.3567
1/31/2013,1.3579
2/1/2013,1.364
2/4/2013,1.3514
2/5/2013,1.3583
2/6/2013,1.3523
2/7/2013,1.3398
2/8/2013,1.3365
2/11/2013,1.3406
2/12/2013,1.3454
2/13/2013,1.3452
2/14/2013,1.3363
2/15/2013,1.336
2/18/2013,1.3351
2/19/2013,1.3388
2/20/2013,1.3283
2/21/2013,1.319
2/22/2013,1.3194
2/25/2013,1.3063
2/26/2013,1.3061
2/27/2013,1.3139
2/28/2013,1.3057
3/1/2013,1.3022
3/4/2013,1.3026
3/5/2013,1.3052
3/6/2013,1.2967
3/7/2013,1.3107
3/8/2013,1.3005
3/11/2013,1.3046
3/12/2013,1.3034
3/13/2013,1.2961
3/14/2013,1.3005
3/15/2013,1.3076
3/18/2013,1.2957
3/19/2013,1.2882
3/20/2013,1.2933
3/21/2013,1.2899
3/22/2013,1.2989
3/25/2013,1.2853
3/26/2013,1.2861
3/27/2013,1.278
3/28/2013,1.2816
3/29/2013,1.2819
4/1/2013,1.2849
4/2/2013,1.282
4/3/2013,1.285
4/4/2013,1.2936
4/5/2013,1.2991
4/8/2013,1.3009
4/9/2013,1.3083
4/10/2013,1.307
4/11/2013,1.3099
4/12/2013,1.3113
4/15/2013,1.3036
4/16/2013,1.3177
4/17/2013,1.3032
4/18/2013,1.3051
4/19/2013,1.3052
4/22/2013,1.3066
4/23/2013,1.2996
4/24/2013,1.3015
4/25/2013,1.3011
4/26/2013,1.303
4/29/2013,1.3099
4/30/2013,1.3168
5/1/2013,1.318
5/2/2013,1.3065
5/3/2013,1.3114
5/6/2013,1.3076
5/7/2013,1.3079
5/8/2013,1.3153
5/9/2013,1.3043
5/10/2013,1.2989
5/13/2013,1.2975
5/14/2013,1.292
5/15/2013,1.2887
5/16/2013,1.2882
5/17/2013,1.2839
5/20/2013,1.2882
5/21/2013,1.2906
5/22/2013,1.2858
5/23/2013,1.2934
5/24/2013,1.2932
5/27/2013,1.2931
5/28/2013,1.2856
5/29/2013,1.2941
5/30/2013,1.305
5/31/2013,1.2999
6/3/2013,1.3076
6/4/2013,1.3081
6/5/2013,1.3093
6/6/2013,1.3246
6/7/2013,1.3218
6/10/2013,1.3257
6/11/2013,1.3313
6/12/2013,1.3337
6/13/2013,1.3375
6/14/2013,1.3347
6/17/2013,1.3367
6/18/2013,1.3392
6/19/2013,1.3295
6/20/2013,1.322
6/21/2013,1.3122
6/24/2013,1.312
6/25/2013,1.3077
6/26/2013,1.3012
6/27/2013,1.3038
6/28/2013,1.301
7/1/2013,1.3064
7/2/2013,1.2979
7/3/2013,1.3009
7/4/2013,1.2914
7/5/2013,1.2829
7/8/2013,1.287
7/9/2013,1.2781
7/10/2013,1.2978
7/11/2013,1.3097
7/12/2013,1.3067
7/15/2013,1.3062
7/16/2013,1.3162
7/17/2013,1.3125
7/18/2013,1.3109
7/19/2013,1.3143
7/22/2013,1.3186
7/23/2013,1.3223
7/24/2013,1.3201
7/25/2013,1.3277
7/26/2013,1.3279
7/29/2013,1.3262
7/30/2013,1.3263
7/31/2013,1.3302
8/1/2013,1.3207
8/2/2013,1.3276
8/5/2013,1.3258
8/6/2013,1.3305
8/7/2013,1.3336
8/8/2013,1.3381
8/9/2013,1.3342
8/12/2013,1.33
8/13/2013,1.3263
8/14/2013,1.3255
8/15/2013,1.3347
8/16/2013,1.3329
8/19/2013,1.3335
8/20/2013,1.3417
8/21/2013,1.3355
8/22/2013,1.3356
8/23/2013,1.3383
8/26/2013,1.3368
8/27/2013,1.3393
8/28/2013,1.334
8/29/2013,1.3241
8/30/2013,1.3222
9/2/2013,1.3192
9/3/2013,1.317
9/4/2013,1.3207
9/5/2013,1.312
9/6/2013,1.3178
9/9/2013,1.3255
9/10/2013,1.3268
9/11/2013,1.3311
9/12/2013,1.3299
9/13/2013,1.3294
9/16/2013,1.3334
9/17/2013,1.3359
9/18/2013,1.3521
9/19/2013,1.353
9/20/2013,1.3524
9/23/2013,1.3493
9/24/2013,1.3474
9/25/2013,1.3526
9/26/2013,1.3489
9/27/2013,1.3522
9/30/2013,1.3527
10/1/2013,1.3526
10/2/2013,1.3579
10/3/2013,1.3619
10/4/2013,1.3558
10/7/2013,1.3581
10/8/2013,1.3573
10/9/2013,1.3524
10/10/2013,1.352
10/11/2013,1.3544
10/14/2013,1.3561
10/15/2013,1.3524
10/16/2013,1.3534
10/17/2013,1.3675
10/18/2013,1.3687
10/21/2013,1.3681
10/22/2013,1.3781
10/23/2013,1.3776
10/24/2013,1.3801
10/25/2013,1.3802
10/28/2013,1.3785
10/29/2013,1.3745
10/30/2013,1.3736
10/31/2013,1.3584
11/1/2013,1.3487
11/4/2013,1.3514
11/5/2013,1.3474
11/6/2013,1.3513
11/7/2013,1.3419
11/8/2013,1.3367
11/11/2013,1.3407
11/12/2013,1.3436
11/13/2013,1.3487
11/14/2013,1.3461
11/15/2013,1.3496
11/18/2013,1.3506
11/19/2013,1.3538
11/20/2013,1.3439
11/21/2013,1.3482
11/22/2013,1.3558
11/25/2013,1.3517
11/26/2013,1.3572
11/27/2013,1.3579
11/28/2013,1.3606
11/29/2013,1.3591
12/2/2013,1.3542
12/3/2013,1.3588
12/4/2013,1.3593
12/5/2013,1.3667
12/6/2013,1.3706
12/9/2013,1.3739
12/10/2013,1.3761
12/11/2013,1.3786
12/12/2013,1.3753
12/13/2013,1.3742
12/16/2013,1.3761
12/17/2013,1.3768
12/18/2013,1.3685
12/19/2013,1.3661
12/20/2013,1.3673
12/23/2013,1.3696
12/24/2013,1.368
12/25/2013,1.3681
12/26/2013,1.3691
12/27/2013,1.3749
12/30/2013,1.3801
12/31/2013,1.3743
1/1/2014,1.3763
1/2/2014,1.3672
1/3/2014,1.3589
1/6/2014,1.3629
1/7/2014,1.3616
1/8/2014,1.3576
1/9/2014,1.3608
1/10/2014,1.367
1/13/2014,1.3671
1/14/2014,1.3679
1/15/2014,1.3605
1/16/2014,1.362
1/17/2014,1.3541
1/20/2014,1.3552
1/21/2014,1.3561
1/22/2014,1.3547
1/23/2014,1.3696
1/24/2014,1.3678
1/27/2014,1.3673
1/28/2014,1.3671
1/29/2014,1.3663
1/30/2014,1.3555
1/31/2014,1.3486
2/3/2014,1.3525
2/4/2014,1.3519
2/5/2014,1.3533
2/6/2014,1.359
2/7/2014,1.3635
2/10/2014,1.3646
2/11/2014,1.3638
2/12/2014,1.3593
2/13/2014,1.3681
2/14/2014,1.3693
2/17/2014,1.3707
2/18/2014,1.3759
2/19/2014,1.3733
2/20/2014,1.3719
2/21/2014,1.3746
2/24/2014,1.3735
2/25/2014,1.3745
2/26/2014,1.3687
2/27/2014,1.371
2/28/2014,1.3802
3/3/2014,1.3735
3/4/2014,1.3743
3/5/2014,1.3733
3/6/2014,1.3861
3/7/2014,1.3875
3/10/2014,1.3877
3/11/2014,1.386
3/12/2014,1.3903
3/13/2014,1.3868
3/14/2014,1.3914
3/17/2014,1.3922
3/18/2014,1.3934
3/19/2014,1.3833
3/20/2014,1.3779
3/21/2014,1.3794
3/24/2014,1.3839
3/25/2014,1.3826
3/26/2014,1.3781
3/27/2014,1.374
3/28/2014,1.3752
3/31/2014,1.3769
4/1/2014,1.3793
4/2/2014,1.3767
4/3/2014,1.372
4/4/2014,1.3705
4/7/2014,1.3742
4/8/2014,1.3797
4/9/2014,1.3855
4/10/2014,1.3886
4/11/2014,1.3885
4/14/2014,1.3821
4/15/2014,1.3815
4/16/2014,1.3816
4/17/2014,1.3814
4/18/2014,1.3813
4/21/2014,1.3793
4/22/2014,1.3805
4/23/2014,1.3817
4/24/2014,1.3831
4/25/2014,1.3834
4/28/2014,1.3851
4/29/2014,1.3812
4/30/2014,1.3867
5/1/2014,1.387
5/2/2014,1.3869
5/5/2014,1.3875
5/6/2014,1.3928
5/7/2014,1.391
5/8/2014,1.384
5/9/2014,1.3758
5/12/2014,1.3757
5/13/2014,1.3704
5/14/2014,1.3715
5/15/2014,1.371
5/16/2014,1.3694
5/19/2014,1.3709
5/20/2014,1.3702
5/21/2014,1.3687
5/22/2014,1.3656
5/23/2014,1.3629
5/26/2014,1.3646
5/27/2014,1.3635
5/28/2014,1.3591
5/29/2014,1.3602
5/30/2014,1.3635
6/2/2014,1.3597
6/3/2014,1.3628
6/4/2014,1.3599
6/5/2014,1.366
6/6/2014,1.3643
6/9/2014,1.3594
6/10/2014,1.3547
6/11/2014,1.3532
6/12/2014,1.3552
6/13/2014,1.354
6/16/2014,1.3574
6/17/2014,1.3547
6/18/2014,1.3595
6/19/2014,1.3608
6/20/2014,1.36
6/23/2014,1.3605
6/24/2014,1.3606
6/25/2014,1.3629
6/26/2014,1.3612
6/27/2014,1.3649
6/30/2014,1.3692
7/1/2014,1.3679
7/2/2014,1.366
7/3/2014,1.361
7/4/2014,1.3595
7/7/2014,1.3605
7/8/2014,1.3612
7/9/2014,1.3642
7/10/2014,1.3609
7/11/2014,1.3608
7/14/2014,1.3619
7/15/2014,1.3568
7/16/2014,1.3525
7/17/2014,1.3526
7/18/2014,1.3524
7/21/2014,1.3524
7/22/2014,1.3466
7/23/2014,1.3464
7/24/2014,1.3464
7/25/2014,1.343
7/28/2014,1.344
7/29/2014,1.3409
7/30/2014,1.3397
7/31/2014,1.339
8/1/2014,1.3427
8/4/2014,1.3422
8/5/2014,1.3376
8/6/2014,1.3383
8/7/2014,1.3364
8/8/2014,1.341
8/11/2014,1.3385
8/12/2014,1.3369
8/13/2014,1.3364
8/14/2014,1.3365
8/15/2014,1.3401
8/18/2014,1.3364
8/19/2014,1.332
8/20/2014,1.3259
8/21/2014,1.3281
8/22/2014,1.3242
8/25/2014,1.3192
8/26/2014,1.3167
8/27/2014,1.3193
8/28/2014,1.3182
8/29/2014,1.3132
9/1/2014,1.3128
9/2/2014,1.3133
9/3/2014,1.315
9/4/2014,1.2944
9/5/2014,1.2951
9/8/2014,1.2895
9/9/2014,1.2937
9/10/2014,1.2917
9/11/2014,1.2925
9/12/2014,1.2963
9/15/2014,1.294
9/16/2014,1.296
9/17/2014,1.2865
9/18/2014,1.2923
9/19/2014,1.2829
9/22/2014,1.2849
9/23/2014,1.2847
9/24/2014,1.278
9/25/2014,1.2751
9/26/2014,1.2684
9/29/2014,1.2685
9/30/2014,1.2631
10/1/2014,1.2623
10/2/2014,1.2669
10/3/2014,1.2516
10/6/2014,1.2655
10/7/2014,1.2669
10/8/2014,1.2734
10/9/2014,1.2691
10/10/2014,1.2628
10/13/2014,1.2752
10/14/2014,1.2658
10/15/2014,1.2838
10/16/2014,1.2809
10/17/2014,1.2761
10/20/2014,1.28
10/21/2014,1.2716
10/22/2014,1.2649
10/23/2014,1.2646
10/24/2014,1.2671
10/27/2014,1.2698
10/28/2014,1.2734
10/29/2014,1.2632
10/30/2014,1.2613
10/31/2014,1.2525
11/3/2014,1.2482
11/4/2014,1.2546
11/5/2014,1.2486
11/6/2014,1.2375
11/7/2014,1.2455
11/10/2014,1.2421
11/11/2014,1.2475
11/12/2014,1.2438
11/13/2014,1.2477
11/14/2014,1.2525
11/17/2014,1.245
11/18/2014,1.2536
11/19/2014,1.2554
11/20/2014,1.2539
11/21/2014,1.2391
11/24/2014,1.2442
11/25/2014,1.2474
11/26/2014,1.2506
11/27/2014,1.2467
11/28/2014,1.2452
12/1/2014,1.247
12/2/2014,1.2383
12/3/2014,1.2311
12/4/2014,1.2379
12/5/2014,1.2283
12/8/2014,1.2317
12/9/2014,1.2374
12/10/2014,1.2448
12/11/2014,1.2411
12/12/2014,1.2462
12/15/2014,1.2437
12/16/2014,1.2511
12/17/2014,1.2342
12/18/2014,1.2286
12/19/2014,1.2229
12/22/2014,1.223
12/23/2014,1.2172
12/24/2014,1.2196
12/25/2014,1.2225
12/26/2014,1.2183
12/29/2014,1.2152
12/30/2014,1.2156
12/31/2014,1.2098
1/1/2015,1.2104
1/2/2015,1.2002
1/5/2015,1.1933
1/6/2015,1.189
1/7/2015,1.1839
1/8/2015,1.1793
1/9/2015,1.1842
1/12/2015,1.1834
1/13/2015,1.1773
1/14/2015,1.1789
1/15/2015,1.1633
1/16/2015,1.1567
1/19/2015,1.1606
1/20/2015,1.155
1/21/2015,1.161
1/22/2015,1.1366
1/23/2015,1.1204
1/26/2015,1.1238
1/27/2015,1.1381
1/28/2015,1.1287
1/29/2015,1.132
1/30/2015,1.1291
2/2/2015,1.1341
2/3/2015,1.1481
2/4/2015,1.1345
2/5/2015,1.1477
2/6/2015,1.1316
2/9/2015,1.1325
2/10/2015,1.1321
2/11/2015,1.1336
2/12/2015,1.1403
2/13/2015,1.1394
2/16/2015,1.1355
2/17/2015,1.1411
2/18/2015,1.1397
2/19/2015,1.1368
2/20/2015,1.1381
2/23/2015,1.1335
2/24/2015,1.134
2/25/2015,1.1361
2/26/2015,1.1198
2/27/2015,1.1196
3/2/2015,1.1184
3/3/2015,1.1176
3/4/2015,1.1078
3/5/2015,1.103
3/6/2015,1.0844
3/9/2015,1.0852
3/10/2015,1.0698
3/11/2015,1.0547
3/12/2015,1.0635
3/13/2015,1.0496
3/16/2015,1.0568
3/17/2015,1.0597
3/18/2015,1.0864
3/19/2015,1.066
3/20/2015,1.0821
3/23/2015,1.0946
3/24/2015,1.0924
3/25/2015,1.097
3/26/2015,1.0884
3/27/2015,1.0889
3/30/2015,1.0833
3/31/2015,1.0731
4/1/2015,1.0763
4/2/2015,1.088
4/3/2015,1.0969
4/6/2015,1.0922
4/7/2015,1.0814
4/8/2015,1.0781
4/9/2015,1.0659
4/10/2015,1.0604
4/13/2015,1.0567
4/14/2015,1.0655
4/15/2015,1.0684
4/16/2015,1.0761
4/17/2015,1.0806
4/20/2015,1.0738
4/21/2015,1.0736
4/22/2015,1.0725
4/23/2015,1.0824
4/24/2015,1.0873
4/27/2015,1.0891
4/28/2015,1.0981
4/29/2015,1.1128
4/30/2015,1.1224
5/1/2015,1.1199
5/4/2015,1.1146
5/5/2015,1.1185
5/6/2015,1.1347
5/7/2015,1.1267
5/8/2015,1.1199
5/11/2015,1.1155
5/12/2015,1.1213
5/13/2015,1.1354
5/14/2015,1.141
5/15/2015,1.1451
5/18/2015,1.1315
5/19/2015,1.115
5/20/2015,1.1094
5/21/2015,1.1112
5/22/2015,1.1013
5/25/2015,1.0978
5/26/2015,1.0873
5/27/2015,1.0904
5/28/2015,1.0949
5/29/2015,1.0986
6/1/2015,1.0927
6/2/2015,1.1151
6/3/2015,1.1275
6/4/2015,1.1238
6/5/2015,1.1114
6/8/2015,1.1291
6/9/2015,1.1283
6/10/2015,1.1324
6/11/2015,1.1258
6/12/2015,1.1266
6/15/2015,1.1283
6/16/2015,1.1248
6/17/2015,1.1337
6/18/2015,1.1359
6/19/2015,1.1352
6/22/2015,1.1341
6/23/2015,1.1167
6/24/2015,1.1205
6/25/2015,1.1205
6/26/2015,1.1167
6/29/2015,1.1236
6/30/2015,1.1147
7/1/2015,1.1053
7/2/2015,1.1084
7/3/2015,1.1114
7/6/2015,1.1056
7/7/2015,1.1011
7/8/2015,1.1077
7/9/2015,1.1036
7/10/2015,1.1162
7/13/2015,1.1002
7/14/2015,1.1009
7/15/2015,1.095
7/16/2015,1.0875
7/17/2015,1.083
7/20/2015,1.0825
7/21/2015,1.0935
7/22/2015,1.0929
7/23/2015,1.0984
7/24/2015,1.0984
7/27/2015,1.1088
7/28/2015,1.106
7/29/2015,1.0984
7/30/2015,1.0932
7/31/2015,1.0984
8/3/2015,1.095
8/4/2015,1.0881
8/5/2015,1.0906
8/6/2015,1.0925
8/7/2015,1.0967
8/10/2015,1.1019
8/11/2015,1.1042
8/12/2015,1.1159
8/13/2015,1.115
8/14/2015,1.1109
8/17/2015,1.1078
8/18/2015,1.1024
8/19/2015,1.112
8/20/2015,1.1242
8/21/2015,1.1386
8/24/2015,1.1619
8/25/2015,1.1517
8/26/2015,1.1314
8/27/2015,1.1246
8/28/2015,1.1185
8/31/2015,1.1211
9/1/2015,1.1315
9/2/2015,1.1227
9/3/2015,1.1123
9/4/2015,1.1149
9/7/2015,1.117
9/8/2015,1.1203
9/9/2015,1.1207
9/10/2015,1.128
9/11/2015,1.1338
9/14/2015,1.1317
9/15/2015,1.1269
9/16/2015,1.129
9/17/2015,1.1435
9/18/2015,1.1298
9/21/2015,1.119
9/22/2015,1.112
9/23/2015,1.1186
9/24/2015,1.123
9/25/2015,1.1195
9/28/2015,1.1244
9/29/2015,1.1249
9/30/2015,1.1177
10/1/2015,1.1195
10/2/2015,1.1216
10/5/2015,1.1188
10/6/2015,1.1272
10/7/2015,1.1237
10/8/2015,1.1276
10/9/2015,1.1358
10/12/2015,1.1358
10/13/2015,1.1379
10/14/2015,1.1474
10/15/2015,1.1386
10/16/2015,1.1348
10/19/2015,1.1327
10/20/2015,1.1346
10/21/2015,1.1339
10/22/2015,1.1109
10/23/2015,1.1018
10/26/2015,1.1058
10/27/2015,1.1051
10/28/2015,1.0923
10/29/2015,1.0977
10/30/2015,1.1006
11/2/2015,1.1016
11/3/2015,1.0964
11/4/2015,1.0866
11/5/2015,1.0884
11/6/2015,1.0741
11/9/2015,1.0752
11/10/2015,1.0724
11/11/2015,1.0743
11/12/2015,1.0814
11/13/2015,1.0773
11/16/2015,1.0686
11/17/2015,1.0642
11/18/2015,1.066
11/19/2015,1.0734
11/20/2015,1.0646
11/23/2015,1.0636
11/24/2015,1.0643
11/25/2015,1.0624
11/26/2015,1.061
11/27/2015,1.0593
11/30/2015,1.0565
12/1/2015,1.0633
12/2/2015,1.0615
12/3/2015,1.094
12/4/2015,1.0881
12/7/2015,1.0837
12/8/2015,1.0892
12/9/2015,1.1025
12/10/2015,1.0941
12/11/2015,1.0986
12/14/2015,1.0992
12/15/2015,1.0931
12/16/2015,1.0912
12/17/2015,1.0826
12/18/2015,1.0868
12/21/2015,1.0915
12/22/2015,1.0957
12/23/2015,1.0912
12/24/2015,1.0963
12/25/2015,1.096
12/28/2015,1.0968
12/29/2015,1.092
12/30/2015,1.0933
12/31/2015,1.0862
1/1/2016,1.0856
1/4/2016,1.0831
1/5/2016,1.0748
1/6/2016,1.0781
1/7/2016,1.0932
1/8/2016,1.0922
1/11/2016,1.0859
1/12/2016,1.0858
1/13/2016,1.0877
1/14/2016,1.0865
1/15/2016,1.0916
1/18/2016,1.0892
1/19/2016,1.0908
1/20/2016,1.089
1/21/2016,1.0874
1/22/2016,1.0796
1/25/2016,1.0849
1/26/2016,1.087
1/27/2016,1.0893
1/28/2016,1.094
1/29/2016,1.0831
2/1/2016,1.0888
2/2/2016,1.0919
2/3/2016,1.1105
2/4/2016,1.1209
2/5/2016,1.1158
2/8/2016,1.1193
2/9/2016,1.1293
2/10/2016,1.1292
2/11/2016,1.1323
2/12/2016,1.1256
2/15/2016,1.1156
2/16/2016,1.1144
2/17/2016,1.1128
2/18/2016,1.1107
2/19/2016,1.113
2/22/2016,1.103
2/23/2016,1.102
2/24/2016,1.1013
2/25/2016,1.1018
2/26/2016,1.0934
2/29/2016,1.0873
3/1/2016,1.0868
3/2/2016,1.0868
3/3/2016,1.0957
3/4/2016,1.1005
3/7/2016,1.1014
3/8/2016,1.1011
3/9/2016,1.0999
3/10/2016,1.1177
3/11/2016,1.1156
3/14/2016,1.1103
3/15/2016,1.1109
3/16/2016,1.1224
3/17/2016,1.1318
3/18/2016,1.127
3/21/2016,1.1241
3/22/2016,1.1217
3/23/2016,1.1181
3/24/2016,1.1174
3/25/2016,1.1167
3/28/2016,1.1196
3/29/2016,1.1291
3/30/2016,1.1338
3/31/2016,1.138
4/1/2016,1.1391
4/4/2016,1.1391
4/5/2016,1.1384
4/6/2016,1.1399
4/7/2016,1.1378
4/8/2016,1.1399
4/11/2016,1.1408
4/12/2016,1.1386
4/13/2016,1.1274
4/14/2016,1.1268
4/15/2016,1.1284
4/18/2016,1.1313
4/19/2016,1.1358
4/20/2016,1.1297
4/21/2016,1.1288
4/22/2016,1.1222
4/25/2016,1.1268
4/26/2016,1.1297
4/27/2016,1.1322
4/28/2016,1.1352
4/29/2016,1.1451
5/2/2016,1.1534
5/3/2016,1.1496
5/4/2016,1.1487
5/5/2016,1.1405
5/6/2016,1.1404
5/9/2016,1.1383
5/10/2016,1.1372
5/11/2016,1.1426
5/12/2016,1.1377
5/13/2016,1.1309
5/16/2016,1.1321
5/17/2016,1.1313
5/18/2016,1.1216
5/19/2016,1.1203
5/20/2016,1.1224
5/23/2016,1.122
5/24/2016,1.1141
5/25/2016,1.1155
5/26/2016,1.1194
5/27/2016,1.1115
5/30/2016,1.1138
5/31/2016,1.1132
6/1/2016,1.1188
6/2/2016,1.1151
6/3/2016,1.1367
6/6/2016,1.1355
6/7/2016,1.1358
6/8/2016,1.1395
6/9/2016,1.1316
6/10/2016,1.1251
6/13/2016,1.1292
6/14/2016,1.1207
6/15/2016,1.126
6/16/2016,1.1225
6/17/2016,1.1277
6/20/2016,1.1314
6/21/2016,1.1242
6/22/2016,1.1296
6/23/2016,1.1385
6/24/2016,1.1117
6/27/2016,1.1025
6/28/2016,1.1065
6/29/2016,1.1125
6/30/2016,1.1106
7/1/2016,1.1136
7/4/2016,1.1154
7/5/2016,1.1076
7/6/2016,1.11
7/7/2016,1.1063
7/8/2016,1.1051
7/11/2016,1.1058
7/12/2016,1.1061
7/13/2016,1.109
7/14/2016,1.112
7/15/2016,1.1035
7/18/2016,1.1075
7/19/2016,1.1021
7/20/2016,1.1015
7/21/2016,1.1026
7/22/2016,1.0977
7/25/2016,1.0995
7/26/2016,1.0986
7/27/2016,1.1058
7/28/2016,1.1077
7/29/2016,1.1174
8/1/2016,1.1163
8/2/2016,1.1224
8/3/2016,1.1149
8/4/2016,1.113
8/5/2016,1.1086
8/8/2016,1.1088
8/9/2016,1.1117
8/10/2016,1.1176
8/11/2016,1.1137
8/12/2016,1.1162
8/15/2016,1.1184
8/16/2016,1.1279
8/17/2016,1.1289
8/18/2016,1.1354
8/19/2016,1.1325
8/22/2016,1.132
8/23/2016,1.1305
8/24/2016,1.1264
8/25/2016,1.1285
8/26/2016,1.1198
8/29/2016,1.1189
8/30/2016,1.1143
8/31/2016,1.1158
9/1/2016,1.1197
9/2/2016,1.1156
9/5/2016,1.1147
9/6/2016,1.1255
9/7/2016,1.1239
9/8/2016,1.126
9/9/2016,1.1233
9/12/2016,1.1235
9/13/2016,1.122
9/14/2016,1.125
9/15/2016,1.1244
9/16/2016,1.1155
9/19/2016,1.1175
9/20/2016,1.1151
9/21/2016,1.1189
9/22/2016,1.1208
9/23/2016,1.1226
9/26/2016,1.1254
9/27/2016,1.1215
9/28/2016,1.1217
9/29/2016,1.1222
9/30/2016,1.1235
10/3/2016,1.1211
10/4/2016,1.1204
10/5/2016,1.1205
10/6/2016,1.1151
10/7/2016,1.1201
10/10/2016,1.1139
10/11/2016,1.1054
10/12/2016,1.1007
10/13/2016,1.1056
10/14/2016,1.0972
10/17/2016,1.1
10/18/2016,1.0981
10/19/2016,1.0974
10/20/2016,1.0929
10/21/2016,1.0884
10/24/2016,1.0882
10/25/2016,1.0889
10/26/2016,1.0908
10/27/2016,1.0897
10/28/2016,1.0985
10/31/2016,1.0981
11/1/2016,1.1055
11/2/2016,1.1098
11/3/2016,1.1105
11/4/2016,1.1141
11/7/2016,1.1041
11/8/2016,1.1026
11/9/2016,1.091
11/10/2016,1.0893
11/11/2016,1.0855
11/14/2016,1.0737
11/15/2016,1.0722
11/16/2016,1.0691
11/17/2016,1.0626
11/18/2016,1.0588
11/21/2016,1.063
11/22/2016,1.0627
11/23/2016,1.0553
11/24/2016,1.0554
11/25/2016,1.0589
11/28/2016,1.0614
11/29/2016,1.065
11/30/2016,1.0589
12/1/2016,1.0661
12/2/2016,1.0664
12/5/2016,1.0764
12/6/2016,1.0718
12/7/2016,1.0753
12/8/2016,1.0615
12/9/2016,1.0561
12/12/2016,1.0635
12/13/2016,1.0626
12/14/2016,1.0536
12/15/2016,1.0414
12/16/2016,1.0451
12/19/2016,1.0402
12/20/2016,1.0388
12/21/2016,1.0424
12/22/2016,1.0437
12/23/2016,1.0456
12/26/2016,1.0455
12/27/2016,1.0457
12/28/2016,1.0413
12/29/2016,1.049
12/30/2016,1.0517
1/2/2017,1.0455
1/3/2017,1.0405
1/4/2017,1.0489
1/5/2017,1.0607
1/6/2017,1.0532
1/9/2017,1.0574
1/10/2017,1.0554
1/11/2017,1.0582
1/12/2017,1.0613
1/13/2017,1.0643
1/16/2017,1.0601
1/17/2017,1.0713
1/18/2017,1.063
1/19/2017,1.0664
1/20/2017,1.0703
1/23/2017,1.0765
1/24/2017,1.0731
1/25/2017,1.0748
1/26/2017,1.0682
1/27/2017,1.0699
1/30/2017,1.0695
1/31/2017,1.0798
2/1/2017,1.0769
2/2/2017,1.0759
2/3/2017,1.0783
2/6/2017,1.075
2/7/2017,1.0683
2/8/2017,1.0698
2/9/2017,1.0655
2/10/2017,1.0643
2/13/2017,1.0598
2/14/2017,1.0578
2/15/2017,1.0601
2/16/2017,1.0674
2/17/2017,1.0616
2/20/2017,1.0614
2/21/2017,1.0536
2/22/2017,1.0558
2/23/2017,1.0582
2/24/2017,1.0563
2/27/2017,1.0587
2/28/2017,1.0576
3/1/2017,1.0547
3/2/2017,1.0507
3/3/2017,1.0622
3/6/2017,1.0582
3/7/2017,1.0566
3/8/2017,1.0541
3/9/2017,1.0577
3/10/2017,1.0673
3/13/2017,1.0653
3/14/2017,1.0604
3/15/2017,1.0734
3/16/2017,1.0766
3/17/2017,1.0738
3/20/2017,1.0739
3/21/2017,1.0811
3/22/2017,1.0797
3/23/2017,1.0783
3/24/2017,1.0798
3/27/2017,1.0864
3/28/2017,1.0814
3/29/2017,1.0766
3/30/2017,1.0674
3/31/2017,1.0652
4/3/2017,1.067
4/4/2017,1.0674
4/5/2017,1.0663
4/6/2017,1.0644
4/7/2017,1.0591
4/10/2017,1.0596
4/11/2017,1.0605
4/12/2017,1.0665
4/13/2017,1.0613
4/14/2017,1.0618
4/17/2017,1.0643
4/18/2017,1.073
4/19/2017,1.0711
4/20/2017,1.0717
4/21/2017,1.0728
4/24/2017,1.0868
4/25/2017,1.0926
4/26/2017,1.0904
4/27/2017,1.0873
4/28/2017,1.0895
5/1/2017,1.0899
5/2/2017,1.093
5/3/2017,1.0886
5/4/2017,1.0985
5/5/2017,1.0998
5/8/2017,1.0924
5/9/2017,1.0874
5/10/2017,1.0868
5/11/2017,1.0861
5/12/2017,1.0931
5/15/2017,1.0975
5/16/2017,1.1083
5/17/2017,1.1159
5/18/2017,1.1103
5/19/2017,1.1206
5/22/2017,1.1237
5/23/2017,1.1183
5/24/2017,1.1219
5/25/2017,1.121
5/26/2017,1.1183
5/29/2017,1.1164
5/30/2017,1.1186
5/31/2017,1.1244
6/1/2017,1.1213
6/2/2017,1.1279
6/5/2017,1.1254
6/6/2017,1.1277
6/7/2017,1.1257
6/8/2017,1.1214
6/9/2017,1.1195
6/12/2017,1.1203
6/13/2017,1.1211
6/14/2017,1.1218
6/15/2017,1.1145
6/16/2017,1.1198
6/19/2017,1.1149
6/20/2017,1.1134
6/21/2017,1.1168
6/22/2017,1.1152
6/23/2017,1.1194
6/26/2017,1.1182
6/27/2017,1.1339
6/28/2017,1.1378
6/29/2017,1.1441
6/30/2017,1.1426
7/3/2017,1.1364
7/4/2017,1.1346
7/5/2017,1.1352
7/6/2017,1.1423
7/7/2017,1.1401
7/10/2017,1.1399
7/11/2017,1.1467
7/12/2017,1.1412
7/13/2017,1.1398
7/14/2017,1.147
7/17/2017,1.1478
7/18/2017,1.1554
7/19/2017,1.1515
7/20/2017,1.1631
7/21/2017,1.1663
7/24/2017,1.1642
7/25/2017,1.1647
7/26/2017,1.1734
7/27/2017,1.1677
7/28/2017,1.1751
7/31/2017,1.1842
8/1/2017,1.1802
8/2/2017,1.1856
8/3/2017,1.187
8/4/2017,1.1773
8/7/2017,1.1795
8/8/2017,1.1752
8/9/2017,1.1759
8/10/2017,1.1772
8/11/2017,1.1821
8/14/2017,1.178
8/15/2017,1.1735
8/16/2017,1.1767
8/17/2017,1.1723
8/18/2017,1.1761
8/21/2017,1.1815
8/22/2017,1.1762
8/23/2017,1.1807
8/24/2017,1.1799
8/25/2017,1.1924
8/28/2017,1.1979
8/29/2017,1.1972
8/30/2017,1.1884
8/31/2017,1.191
9/1/2017,1.186
9/4/2017,1.1896
9/5/2017,1.1914
9/6/2017,1.1917
9/7/2017,1.2023
9/8/2017,1.2036
9/11/2017,1.1953
9/12/2017,1.1967
9/13/2017,1.1885
9/14/2017,1.1919
9/15/2017,1.1945
9/18/2017,1.1954
9/19/2017,1.1994
9/20/2017,1.1892
9/21/2017,1.1941
9/22/2017,1.1951
9/25/2017,1.1848
9/26/2017,1.1793
9/27/2017,1.1745
9/28/2017,1.1786
9/29/2017,1.1814
10/2/2017,1.1733
10/3/2017,1.1744
10/4/2017,1.1759
10/5/2017,1.1711
10/6/2017,1.173
10/9/2017,1.174
10/10/2017,1.1808
10/11/2017,1.1859
10/12/2017,1.183
10/13/2017,1.182
10/16/2017,1.1796
10/17/2017,1.1766
10/18/2017,1.1787
10/19/2017,1.1852
10/20/2017,1.1784
10/23/2017,1.1749
10/24/2017,1.1761
10/25/2017,1.1813
10/26/2017,1.1651
10/27/2017,1.1608
10/30/2017,1.1651
10/31/2017,1.1646
11/1/2017,1.1619
11/2/2017,1.1658
11/3/2017,1.1608
11/6/2017,1.161
11/7/2017,1.1587
11/8/2017,1.1595
11/9/2017,1.1642
11/10/2017,1.1665
11/13/2017,1.1667
11/14/2017,1.1798
11/15/2017,1.1791
11/16/2017,1.177
11/17/2017,1.179
11/20/2017,1.1733
11/21/2017,1.1738
11/22/2017,1.1822
11/23/2017,1.1851
11/24/2017,1.1933
11/27/2017,1.1898
11/28/2017,1.184
11/29/2017,1.1847
11/30/2017,1.1904
12/1/2017,1.1896
12/4/2017,1.1866
12/5/2017,1.1826
12/6/2017,1.1796
12/7/2017,1.1773
12/8/2017,1.1773
12/11/2017,1.1769
12/12/2017,1.1742
12/13/2017,1.1826
12/14/2017,1.1778
12/15/2017,1.1749
12/18/2017,1.1782
12/19/2017,1.184
12/20/2017,1.1871
12/21/2017,1.1874
12/22/2017,1.1862
12/25/2017,1.187
12/26/2017,1.1858
12/27/2017,1.1888
12/28/2017,1.1943
12/29/2017,1.2005
1/1/2018,1.2012
1/2/2018,1.2059
1/3/2018,1.2015
1/4/2018,1.2068
1/5/2018,1.2029
1/8/2018,1.1967
1/9/2018,1.1937
1/10/2018,1.1948
1/11/2018,1.2032
1/12/2018,1.2202
1/15/2018,1.2264
1/16/2018,1.226
1/17/2018,1.2186
1/18/2018,1.2238
1/19/2018,1.2222
1/22/2018,1.2262
1/23/2018,1.2299
1/24/2018,1.2408
1/25/2018,1.2396
1/26/2018,1.2427
1/29/2018,1.2383
1/30/2018,1.2402
1/31/2018,1.2414
2/1/2018,1.251
2/2/2018,1.2463
2/5/2018,1.2367
2/6/2018,1.2377
2/7/2018,1.2264
2/8/2018,1.2247
2/9/2018,1.2252
2/12/2018,1.2292
2/13/2018,1.2352
2/14/2018,1.2451
2/15/2018,1.2506
2/16/2018,1.2406
2/19/2018,1.2407
2/20/2018,1.2337
2/21/2018,1.2284
2/22/2018,1.233
2/23/2018,1.2295
2/26/2018,1.2317
2/27/2018,1.2233
2/28/2018,1.2194
3/1/2018,1.2267
3/2/2018,1.2317
3/5/2018,1.2336
3/6/2018,1.2404
3/7/2018,1.2411
3/8/2018,1.2312
3/9/2018,1.2307
3/12/2018,1.2334
3/13/2018,1.239
3/14/2018,1.2368
3/15/2018,1.2305
3/16/2018,1.229
3/19/2018,1.2335
3/20/2018,1.2242
3/21/2018,1.2338
3/22/2018,1.2302
3/23/2018,1.2353
3/26/2018,1.2444
3/27/2018,1.2403
3/28/2018,1.2308
3/29/2018,1.23
3/30/2018,1.2324
4/2/2018,1.2302
4/3/2018,1.227
4/4/2018,1.2278
4/5/2018,1.224
4/6/2018,1.2281
4/9/2018,1.2321
4/10/2018,1.2356
4/11/2018,1.2367
4/12/2018,1.2327
4/13/2018,1.2331
4/16/2018,1.238
4/17/2018,1.237
4/18/2018,1.2374
4/19/2018,1.2345
4/20/2018,1.2288
4/23/2018,1.2209
4/24/2018,1.2233
4/25/2018,1.2161
4/26/2018,1.2103
4/27/2018,1.213
4/30/2018,1.2078
5/1/2018,1.1993
5/2/2018,1.1951
5/3/2018,1.1988
5/4/2018,1.196
5/7/2018,1.1922
5/8/2018,1.1864
5/9/2018,1.1851
5/10/2018,1.1915
5/11/2018,1.1943
5/14/2018,1.1927
5/15/2018,1.1838
5/16/2018,1.1808
5/17/2018,1.1795
5/18/2018,1.1772
5/21/2018,1.1791
5/22/2018,1.1779
5/23/2018,1.1697
5/24/2018,1.172
5/25/2018,1.1651
5/28/2018,1.1625
5/29/2018,1.154
5/30/2018,1.1665
5/31/2018,1.1693
6/1/2018,1.1659
6/4/2018,1.1699
6/5/2018,1.1718
6/6/2018,1.1774
6/7/2018,1.18
6/8/2018,1.1769
6/11/2018,1.1784
6/12/2018,1.1745
6/13/2018,1.1791
6/14/2018,1.1568
6/15/2018,1.161
6/18/2018,1.1623
6/19/2018,1.159
6/20/2018,1.1572
6/21/2018,1.1604
6/22/2018,1.1651
6/25/2018,1.1704
6/26/2018,1.1648
6/27/2018,1.1554
6/28/2018,1.1569
6/29/2018,1.1684
7/2/2018,1.1639
7/3/2018,1.1658
7/4/2018,1.1657
7/5/2018,1.1691
7/6/2018,1.1746
7/9/2018,1.1751
7/10/2018,1.1744
7/11/2018,1.1674
7/12/2018,1.1672
7/13/2018,1.1685
7/16/2018,1.1711
7/17/2018,1.1661
7/18/2018,1.1639
7/19/2018,1.1642
7/20/2018,1.1724
7/23/2018,1.1692
7/24/2018,1.1687
7/25/2018,1.1729
7/26/2018,1.1643
7/27/2018,1.1657
7/30/2018,1.1706
7/31/2018,1.1691
8/1/2018,1.166
8/2/2018,1.1585
8/3/2018,1.1568
8/6/2018,1.1554
8/7/2018,1.1599
8/8/2018,1.161
8/9/2018,1.1527
8/10/2018,1.1413
8/13/2018,1.141
8/14/2018,1.1344
8/15/2018,1.1345
8/16/2018,1.1377
8/17/2018,1.1438
8/20/2018,1.1482
8/21/2018,1.1571
8/22/2018,1.1597
8/23/2018,1.154
8/24/2018,1.1622
8/27/2018,1.1678
8/28/2018,1.1695
8/29/2018,1.1707
8/30/2018,1.1671
8/31/2018,1.1602
9/3/2018,1.1619
9/4/2018,1.1582
9/5/2018,1.163
9/6/2018,1.1623
9/7/2018,1.1553
9/10/2018,1.1594
9/11/2018,1.1606
9/12/2018,1.1626
9/13/2018,1.169
9/14/2018,1.1625
9/17/2018,1.1683
9/18/2018,1.1667
9/19/2018,1.1673
9/20/2018,1.1777
9/21/2018,1.1749
9/24/2018,1.1748
9/25/2018,1.1767
9/26/2018,1.1739
9/27/2018,1.1641
9/28/2018,1.1604
10/1/2018,1.1578
10/2/2018,1.1548
10/3/2018,1.1478
10/4/2018,1.1514
10/5/2018,1.1524
10/8/2018,1.1492
10/9/2018,1.1491
10/10/2018,1.152
10/11/2018,1.1593
10/12/2018,1.156
10/15/2018,1.1579
10/16/2018,1.1574
10/17/2018,1.1501
10/18/2018,1.1453
10/19/2018,1.1514
10/22/2018,1.1464
10/23/2018,1.1471
10/24/2018,1.1392
10/25/2018,1.1375
10/26/2018,1.1403
10/29/2018,1.1373
10/30/2018,1.1345
10/31/2018,1.1312
11/1/2018,1.1408
11/2/2018,1.1388
11/5/2018,1.1407
11/6/2018,1.1427
11/7/2018,1.1426
11/8/2018,1.1363
11/9/2018,1.1336
11/12/2018,1.1218
11/13/2018,1.129
11/14/2018,1.131
11/15/2018,1.1328
11/16/2018,1.1415
11/19/2018,1.1454
11/20/2018,1.137
11/21/2018,1.1384
11/22/2018,1.1403
11/23/2018,1.1337
11/26/2018,1.1328
11/27/2018,1.1289
11/28/2018,1.1366
11/29/2018,1.1393
11/30/2018,1.1317
12/3/2018,1.1354
12/4/2018,1.1343
12/5/2018,1.1344
12/6/2018,1.1374
12/7/2018,1.1379
12/10/2018,1.1356
12/11/2018,1.1317
12/12/2018,1.1369
12/13/2018,1.1361
12/14/2018,1.1306
12/17/2018,1.1348
12/18/2018,1.1361
12/19/2018,1.1376
12/20/2018,1.1446
12/21/2018,1.1372
12/24/2018,1.1406
12/25/2018,1.1392
12/26/2018,1.1353
12/27/2018,1.143
12/28/2018,1.1444
12/31/2018,1.1467
1/1/2019,1.1465
1/2/2019,1.1344
1/3/2019,1.1394
1/4/2019,1.1395
1/7/2019,1.1474
1/8/2019,1.1441
1/9/2019,1.1543
1/10/2019,1.15
1/11/2019,1.1469
1/14/2019,1.1469
1/15/2019,1.1413
1/16/2019,1.1392
1/17/2019,1.1389
1/18/2019,1.1363
1/21/2019,1.1365
1/22/2019,1.136
1/23/2019,1.1381
1/24/2019,1.1304
1/25/2019,1.1406
1/28/2019,1.1428
1/29/2019,1.1433
1/30/2019,1.148
1/31/2019,1.1448
2/1/2019,1.1456
2/4/2019,1.1438
2/5/2019,1.1406
2/6/2019,1.1362
2/7/2019,1.1341
2/8/2019,1.1323
2/11/2019,1.1276
2/12/2019,1.1326
2/13/2019,1.1261
2/14/2019,1.1295
2/15/2019,1.1296
2/18/2019,1.1311
2/19/2019,1.1341
2/20/2019,1.1338
2/21/2019,1.1336
2/22/2019,1.1335
2/25/2019,1.1358
2/26/2019,1.1389
2/27/2019,1.137
2/28/2019,1.1371
3/1/2019,1.1365
3/4/2019,1.134
3/5/2019,1.1308
3/6/2019,1.1307
3/7/2019,1.1193
3/8/2019,1.1235
3/11/2019,1.1245
3/12/2019,1.1288
3/13/2019,1.1327
3/14/2019,1.1304
3/15/2019,1.1326
3/18/2019,1.1337
3/19/2019,1.1352
3/20/2019,1.1413
3/21/2019,1.1374
3/22/2019,1.1302
3/25/2019,1.1312
3/26/2019,1.1266
3/27/2019,1.1244
3/28/2019,1.1221
3/29/2019,1.1218
4/1/2019,1.1213
4/2/2019,1.1204
4/3/2019,1.1233
4/4/2019,1.1221
4/5/2019,1.1216
4/8/2019,1.1263
4/9/2019,1.1263
4/10/2019,1.1274
4/11/2019,1.1253
4/12/2019,1.1299
4/15/2019,1.1304
4/16/2019,1.1281
4/17/2019,1.1296
4/18/2019,1.123
4/19/2019,1.1245
4/22/2019,1.1257
4/23/2019,1.1227
4/24/2019,1.1155
4/25/2019,1.1132
4/26/2019,1.1151
4/29/2019,1.1186
4/30/2019,1.1215
5/1/2019,1.1196
5/2/2019,1.1172
5/3/2019,1.1198
5/6/2019,1.1199
5/7/2019,1.1191
5/8/2019,1.1192
5/9/2019,1.1215
5/10/2019,1.1233
5/13/2019,1.1222
5/14/2019,1.1204
5/15/2019,1.1201
5/16/2019,1.1174
5/17/2019,1.1158
5/20/2019,1.1166
5/21/2019,1.1161
5/22/2019,1.115
5/23/2019,1.1181
5/24/2019,1.1203
5/27/2019,1.1194
5/28/2019,1.116
5/29/2019,1.1131
5/30/2019,1.1129
5/31/2019,1.1169
6/3/2019,1.1241
6/4/2019,1.1252
6/5/2019,1.1221
6/6/2019,1.1276
6/7/2019,1.1334
6/10/2019,1.1312
6/11/2019,1.1326
6/12/2019,1.1287
6/13/2019,1.1276
6/14/2019,1.1208
6/17/2019,1.1218
6/18/2019,1.1194
6/19/2019,1.1226
6/20/2019,1.1293
6/21/2019,1.1369
6/24/2019,1.1399
6/25/2019,1.1367
6/26/2019,1.1369
6/27/2019,1.1369
6/28/2019,1.1373
7/1/2019,1.1286
7/2/2019,1.1285
7/3/2019,1.1278
7/4/2019,1.1285
7/5/2019,1.1225
7/8/2019,1.1214
7/9/2019,1.1208
7/10/2019,1.1251
7/11/2019,1.1254
7/12/2019,1.127
7/15/2019,1.1258
7/16/2019,1.1211
7/17/2019,1.1224
7/18/2019,1.1277
7/19/2019,1.1221
7/22/2019,1.1209
7/23/2019,1.1152
7/24/2019,1.114
7/25/2019,1.1147
7/26/2019,1.1128
7/29/2019,1.1145
7/30/2019,1.1155
7/31/2019,1.1076
8/1/2019,1.1085
8/2/2019,1.1108
8/5/2019,1.1203
8/6/2019,1.1199
8/7/2019,1.1199
8/8/2019,1.118
8/9/2019,1.12
8/12/2019,1.1214
8/13/2019,1.1171
8/14/2019,1.1139
8/15/2019,1.1107
8/16/2019,1.109
8/19/2019,1.1078
8/20/2019,1.11
8/21/2019,1.1085
8/22/2019,1.108
8/23/2019,1.1144
8/26/2019,1.1102
8/27/2019,1.109
8/28/2019,1.1078
8/29/2019,1.1057
8/30/2019,1.0982
9/2/2019,1.097
9/3/2019,1.0974
9/4/2019,1.1035
9/5/2019,1.1035
9/6/2019,1.1029
9/9/2019,1.1048
9/10/2019,1.1043
9/11/2019,1.101
9/12/2019,1.1065
9/13/2019,1.1073
9/16/2019,1.1001
9/17/2019,1.1073
9/18/2019,1.103
9/19/2019,1.1041
9/20/2019,1.1017
9/23/2019,1.0993
9/24/2019,1.102
9/25/2019,1.0943
9/26/2019,1.0921
9/27/2019,1.094
9/30/2019,1.0899
10/1/2019,1.0933
10/2/2019,1.0959
10/3/2019,1.0965
10/4/2019,1.0979
10/7/2019,1.0971
10/8/2019,1.0957
10/9/2019,1.0971
10/10/2019,1.1005
10/11/2019,1.1042
10/14/2019,1.1027
10/15/2019,1.1033
10/16/2019,1.1072
10/17/2019,1.1125
10/18/2019,1.1167
10/21/2019,1.115
10/22/2019,1.1125
10/23/2019,1.113
10/24/2019,1.1104
10/25/2019,1.108
10/28/2019,1.11
10/29/2019,1.1112
10/30/2019,1.1151
10/31/2019,1.1152
11/1/2019,1.1166
11/4/2019,1.1128
11/5/2019,1.1075
11/6/2019,1.1066
11/7/2019,1.105
11/8/2019,1.1018
11/11/2019,1.1033
11/12/2019,1.1009
11/13/2019,1.1007
11/14/2019,1.1022
11/15/2019,1.1051
11/18/2019,1.1072
11/19/2019,1.1078
11/20/2019,1.1073
11/21/2019,1.1059
11/22/2019,1.1021
11/25/2019,1.1014
11/26/2019,1.1021
11/27/2019,1.0999
11/28/2019,1.1009
11/29/2019,1.1018
12/2/2019,1.1079
12/3/2019,1.1082
12/4/2019,1.1078
12/5/2019,1.1104
12/6/2019,1.106
12/9/2019,1.1064
12/10/2019,1.1092
12/11/2019,1.113
12/12/2019,1.113
12/13/2019,1.1121
12/16/2019,1.1144
12/17/2019,1.115
12/18/2019,1.1114
12/19/2019,1.1122
12/20/2019,1.1079
12/23/2019,1.1089
12/24/2019,1.1089
12/25/2019,1.1093
12/26/2019,1.1098
12/27/2019,1.1177
12/30/2019,1.1199
12/31/2019,1.1213
1/1/2020,1.1212
1/2/2020,1.1172
1/3/2020,1.1161
1/6/2020,1.1197
1/7/2020,1.1153
1/8/2020,1.1105
1/9/2020,1.1106
1/10/2020,1.1121
1/13/2020,1.1134
1/14/2020,1.1128
1/15/2020,1.115
1/16/2020,1.1137
1/17/2020,1.1092
1/20/2020,1.1095
1/21/2020,1.1082
1/22/2020,1.1093
1/23/2020,1.1055
1/24/2020,1.1025
1/27/2020,1.1019
1/28/2020,1.1022
1/29/2020,1.101
1/30/2020,1.1032
1/31/2020,1.1093
2/3/2020,1.106
2/4/2020,1.1044
2/5/2020,1.0999
2/6/2020,1.0983
2/7/2020,1.0946
2/10/2020,1.0911
2/11/2020,1.0916
2/12/2020,1.0874
2/13/2020,1.0841
2/14/2020,1.0831
2/17/2020,1.0836
2/18/2020,1.0792
2/19/2020,1.0805
2/20/2020,1.0785
2/21/2020,1.0847
2/24/2020,1.0854
2/25/2020,1.0882
2/26/2020,1.0881
2/27/2020,1.1001
2/28/2020,1.1026
3/2/2020,1.1134
3/3/2020,1.1173
3/4/2020,1.1136
3/5/2020,1.1237
3/6/2020,1.1284
3/9/2020,1.145
3/10/2020,1.1281
3/11/2020,1.127
3/12/2020,1.1185
3/13/2020,1.1107
3/16/2020,1.1183
3/17/2020,1.0997
3/18/2020,1.0915
3/19/2020,1.0692
3/20/2020,1.0688
3/23/2020,1.0726
3/24/2020,1.0788
3/25/2020,1.0882
3/26/2020,1.1032
3/27/2020,1.1141
3/30/2020,1.1048
3/31/2020,1.1031
4/1/2020,1.0964
4/2/2020,1.0858
4/3/2020,1.0801
4/6/2020,1.0793
4/7/2020,1.0892
4/8/2020,1.0858
4/9/2020,1.093
4/10/2020,1.0937
4/13/2020,1.0914
4/14/2020,1.098
4/15/2020,1.091
4/16/2020,1.084
4/17/2020,1.0875
4/20/2020,1.0862
4/21/2020,1.0858
4/22/2020,1.0823
4/23/2020,1.0777
4/24/2020,1.0823
4/27/2020,1.0829
4/28/2020,1.082
4/29/2020,1.0873
4/30/2020,1.0955
5/1/2020,1.0981
5/4/2020,1.0907
5/5/2020,1.084
5/6/2020,1.0795
5/7/2020,1.0834
5/8/2020,1.0839
5/11/2020,1.0807
5/12/2020,1.0848
5/13/2020,1.0818
5/14/2020,1.0805
5/15/2020,1.082
5/18/2020,1.0913
5/19/2020,1.0923
5/20/2020,1.098
5/21/2020,1.095
5/22/2020,1.0901
5/25/2020,1.0898
5/26/2020,1.0982
5/27/2020,1.1006
5/28/2020,1.1077
5/29/2020,1.1101
6/1/2020,1.1136
6/2/2020,1.117
6/3/2020,1.1233
6/4/2020,1.1338
6/5/2020,1.1292
6/8/2020,1.1294
6/9/2020,1.134
6/10/2020,1.1374
6/11/2020,1.1299
6/12/2020,1.1256
6/15/2020,1.1323
6/16/2020,1.1264
6/17/2020,1.1244
6/18/2020,1.1205
6/19/2020,1.1178
6/22/2020,1.1261
6/23/2020,1.1308
6/24/2020,1.1251
6/25/2020,1.1218
6/26/2020,1.1219
6/29/2020,1.1242
6/30/2020,1.1234
7/1/2020,1.1251
7/2/2020,1.1239
7/3/2020,1.1248
7/6/2020,1.1309
7/7/2020,1.1274
7/8/2020,1.133
7/9/2020,1.1285
7/10/2020,1.13
7/13/2020,1.1344
7/14/2020,1.14
7/15/2020,1.1412
7/16/2020,1.1384
7/17/2020,1.1428
7/20/2020,1.1448
7/21/2020,1.1527
7/22/2020,1.157
7/23/2020,1.1596
7/24/2020,1.1656
7/27/2020,1.1752
7/28/2020,1.1716
7/29/2020,1.1792
7/30/2020,1.1847
7/31/2020,1.1778
8/3/2020,1.1762
8/4/2020,1.1803
8/5/2020,1.1863
8/6/2020,1.1877
8/7/2020,1.1787
8/10/2020,1.1738
8/11/2020,1.174
8/12/2020,1.1784
8/13/2020,1.1814
8/14/2020,1.1842
8/17/2020,1.187
8/18/2020,1.1931
8/19/2020,1.1838
8/20/2020,1.186
8/21/2020,1.1797
8/24/2020,1.1788
8/25/2020,1.1835
8/26/2020,1.183
8/27/2020,1.1822
8/28/2020,1.1903
8/31/2020,1.1936
9/1/2020,1.1912
9/2/2020,1.1855
9/3/2020,1.1852
9/4/2020,1.1838
9/7/2020,1.1817
9/8/2020,1.1778
9/9/2020,1.1803
9/10/2020,1.1815
9/11/2020,1.1846
9/14/2020,1.1866
9/15/2020,1.1847
9/16/2020,1.1816
9/17/2020,1.1848
9/18/2020,1.184
9/21/2020,1.1771
9/22/2020,1.1708
9/23/2020,1.166
9/24/2020,1.1672
9/25/2020,1.1631
9/28/2020,1.1666
9/29/2020,1.1744
9/30/2020,1.1721
