date,mktrf,umd
2009/1/2,0.0311,-0.0434
2009/1/5,-0.0028,-0.0312
2009/1/6,0.0087,-0.0507
2009/1/7,-0.0296,0.0186
2009/1/8,0.0047,-0.0161
2009/1/9,-0.0221,0.008
2009/1/12,-0.0228,0.0397
2009/1/13,0.0028,0.0072
2009/1/14,-0.0338,0.0291
2009/1/15,0.0039,0.0185
2009/1/16,0.0074,0.0024
2009/1/20,-0.0534,0.047
2009/1/21,0.0421,-0.0424
2009/1/22,-0.0162,0.0243
2009/1/23,0.0044,-0.0256
2009/1/26,0.0054,0.001
2009/1/27,0.0108,-0.0131
2009/1/28,0.0332,-0.0405
2009/1/29,-0.0323,0.0311
2009/1/30,-0.0216,0.0186
2009/2/2,0.0006,0.0104
2009/2/3,0.0146,0.0087
2009/2/4,-0.006,-0.0091
2009/2/5,0.0161,-0.017
2009/2/6,0.0279,-0.0299
2009/2/9,0.0003,-0.0141
2009/2/10,-0.0462,0.0375
2009/2/11,0.0075,-0.0081
2009/2/12,0.003,0.0023
2009/2/13,-0.0085,-0.0019
2009/2/17,-0.0436,0.0421
2009/2/18,-0.0033,0.0096
2009/2/19,-0.0115,0.0196
2009/2/20,-0.0116,0.0143
2009/2/23,-0.0343,0.0189
2009/2/24,0.04,-0.041
2009/2/25,-0.0115,0.0039
2009/2/26,-0.0153,-0.0164
2009/2/27,-0.0201,0.0226
2009/3/2,-0.0475,0.0533
2009/3/3,-0.0071,0.0025
2009/3/4,0.0242,-0.0171
2009/3/5,-0.0421,0.0335
2009/3/6,0.002,0.0057
2009/3/9,-0.0109,-0.0166
2009/3/10,0.0635,-0.0656
2009/3/11,0.003,-0.0098
2009/3/12,0.0416,-0.0355
2009/3/13,0.0073,-0.0011
2009/3/16,-0.0055,-0.0148
2009/3/17,0.032,-0.0143
2009/3/18,0.0218,-0.0516
2009/3/19,-0.0103,0.0022
2009/3/20,-0.0195,0.0285
2009/3/23,0.0689,-0.0752
2009/3/24,-0.0193,0.0022
2009/3/25,0.0094,-0.0057
2009/3/26,0.0268,-0.0222
2009/3/27,-0.0206,0.0097
2009/3/30,-0.0347,0.0666
2009/3/31,0.0129,-0.016
2009/4/1,0.0165,-0.0261
2009/4/2,0.0307,-0.0429
2009/4/3,0.0102,-0.0315
2009/4/6,-0.0093,0.0027
2009/4/7,-0.0242,0.0185
2009/4/8,0.0128,-0.0104
2009/4/9,0.0391,-0.0819
2009/4/13,0.0026,-0.0391
2009/4/14,-0.0202,0.0145
2009/4/15,0.0112,-0.02
2009/4/16,0.0169,-0.0166
2009/4/17,0.0055,-0.0195
2009/4/20,-0.0432,0.0701
2009/4/21,0.0219,-0.0387
2009/4/22,-0.0061,-0.0172
2009/4/23,0.0066,-0.0103
2009/4/24,0.0177,-0.0344
2009/4/27,-0.0095,0.0224
2009/4/28,-0.002,0.0127
2009/4/29,0.0241,-0.0274
2009/4/30,-0.0004,-0.0254
2009/5/1,0.0045,-0.0193
2009/5/4,0.0336,-0.0527
2009/5/5,-0.0027,-0.0134
2009/5/6,0.0145,-0.0368
2009/5/7,-0.0142,0.0112
2009/5/8,0.0248,-0.0513
2009/5/11,-0.0201,0.0225
2009/5/12,-0.0031,0.0178
2009/5/13,-0.0291,0.0509
2009/5/14,0.0111,-0.0168
2009/5/15,-0.0102,0.0165
2009/5/18,0.0313,-0.0341
2009/5/19,-0.0004,-0.0127
2009/5/20,-0.0048,-0.0075
2009/5/21,-0.0168,0.0166
2009/5/22,-0.0015,0.004
2009/5/26,0.0278,-0.0036
2009/5/27,-0.018,-0.0038
2009/5/28,0.0135,-0.0127
2009/5/29,0.0138,-0.0061
2009/6/1,0.0272,-0.0195
2009/6/2,0.0029,0.0077
2009/6/3,-0.0139,0.0272
2009/6/4,0.0118,-0.0267
2009/6/5,-0.0019,-0.0013
2009/6/8,-0.002,0.0068
2009/6/9,0.0049,-0.0102
2009/6/10,-0.0035,-0.0124
2009/6/11,0.0063,-0.0141
2009/6/12,0.0003,0.0047
2009/6/15,-0.0238,0.0151
2009/6/16,-0.0133,0.0127
2009/6/17,-0.0008,0.0262
2009/6/18,0.0074,0.0072
2009/6/19,0.0035,-0.002
2009/6/22,-0.0308,0.0376
2009/6/23,0.0008,-0.0077
2009/6/24,0.0078,-0.0071
2009/6/25,0.0219,-0.0049
2009/6/26,0.0004,0.0009
2009/6/29,0.0082,-0.0011
2009/6/30,-0.0074,0.0002
2009/7/1,0.0054,0.0023
2009/7/2,-0.0289,0.0101
2009/7/6,-0.0003,0.0205
2009/7/7,-0.0193,0.011
2009/7/8,-0.002,0.0111
2009/7/9,0.0035,-0.0109
2009/7/10,-0.0035,0.0033
2009/7/13,0.0243,-0.0046
2009/7/14,0.0059,-0.0077
2009/7/15,0.0298,-0.0158
2009/7/16,0.0094,-0.0084
2009/7/17,-0.0005,0.0052
2009/7/20,0.0119,-0.0143
2009/7/21,0.0031,0.0049
2009/7/22,0.0008,-0.0027
2009/7/23,0.0237,-0.0174
2009/7/24,0.0038,-0.0113
2009/7/27,0.003,-0.012
2009/7/28,-0.002,0.0052
2009/7/29,-0.0046,0.013
2009/7/30,0.0124,-0.0225
2009/7/31,0.0005,-0.012
2009/8/3,0.0163,-0.0208
2009/8/4,0.0032,-0.013
2009/8/5,-0.003,-0.0147
2009/8/6,-0.0062,-0.0054
2009/8/7,0.0144,-0.0113
2009/8/10,-0.0032,-0.007
2009/8/11,-0.0125,0.016
2009/8/12,0.0121,-0.0077
2009/8/13,0.0073,-0.0159
2009/8/14,-0.0097,0.0031
2009/8/17,-0.0246,0.02
2009/8/18,0.0111,-0.0105
2009/8/19,0.0072,0.0017
2009/8/20,0.01,-0.0075
2009/8/21,0.0183,-0.0103
2009/8/24,-0.0009,-0.0035
2009/8/25,0.0027,0.002
2009/8/26,-0.0001,0.0007
2009/8/27,0.0021,-0.0081
2009/8/28,-0.0019,-0.0063
2009/8/31,-0.0086,0.0083
2009/9/1,-0.0215,0.0166
2009/9/2,-0.0028,0.0031
2009/9/3,0.0093,-0.0086
2009/9/4,0.0131,-0.0069
2009/9/8,0.0088,-0.0057
2009/9/9,0.009,-0.0044
2009/9/10,0.0108,-0.0093
2009/9/11,-0.001,-0.0078
2009/9/14,0.0065,-0.0093
2009/9/15,0.0044,-0.0111
2009/9/16,0.0155,-0.0173
2009/9/17,-0.003,0.0021
2009/9/18,0.0023,0.002
2009/9/21,-0.0027,0.007
2009/9/22,0.0066,-0.0122
2009/9/23,-0.01,0.0054
2009/9/24,-0.0107,0.0104
2009/9/25,-0.0064,0.0006
2009/9/28,0.0179,-0.0022
2009/9/29,-0.0012,-0.0005
2009/9/30,-0.004,0.0063
2009/10/1,-0.0263,0.0059
2009/10/2,-0.0049,0.0018
2009/10/5,0.0154,-0.003
2009/10/6,0.0142,0.0039
2009/10/7,0.0028,-0.0014
2009/10/8,0.0082,-0.0017
2009/10/9,0.0059,0.0007
2009/10/12,0.0036,-0.0022
2009/10/13,-0.0022,0.0018
2009/10/14,0.0173,0.0026
2009/10/15,0.0035,0.0005
2009/10/16,-0.0082,-0.0008
2009/10/19,0.0092,0.0039
2009/10/20,-0.0069,0.0005
2009/10/21,-0.009,0.004
2009/10/22,0.0105,-0.0043
2009/10/23,-0.0123,0.0018
2009/10/26,-0.012,0.0019
2009/10/27,-0.0051,-0.0154
2009/10/28,-0.0216,-0.0197
2009/10/29,0.022,0.0126
2009/10/30,-0.028,-0.0023
2009/11/2,0.0054,0.0049
2009/11/3,0.0045,0.0074
2009/11/4,0.0003,0.0011
2009/11/5,0.0207,0.006
2009/11/6,0.0024,-0.0009
2009/11/9,0.0217,0.006
2009/11/10,-0.0005,0.0032
2009/11/11,0.0052,0.0004
2009/11/12,-0.0112,-0.0033
2009/11/13,0.0061,0.0061
2009/11/16,0.0154,0.0036
2009/11/17,0.0014,-0.0018
2009/11/18,-0.0013,-0.004
2009/11/19,-0.0139,-0.0086
2009/11/20,-0.0033,-0.0069
2009/11/23,0.013,-0.0008
2009/11/24,-0.0009,-0.0047
2009/11/25,0.0047,0.004
2009/11/27,-0.0174,-0.0052
2009/11/30,0.0028,-0.0018
2009/12/1,0.0128,0.0055
2009/12/2,0.0018,0.0029
2009/12/3,-0.0086,-0.0027
2009/12/4,0.007,-0.0019
2009/12/7,-0.0015,-0.0025
2009/12/8,-0.0097,0.0001
2009/12/9,0.0032,0.0036
2009/12/10,0.005,0.0028
2009/12/11,0.0043,-0.0053
2009/12/14,0.008,0.0099
2009/12/15,-0.0048,0.0014
2009/12/16,0.0019,0.0075
2009/12/17,-0.0118,-0.0031
2009/12/18,0.0068,-0.0009
2009/12/21,0.0103,0.0041
2009/12/22,0.0043,0.0027
2009/12/23,0.0036,0.0077
2009/12/24,0.0051,0.0024
2009/12/28,0.0008,-0.0018
2009/12/29,-0.0009,-0.0038
2009/12/30,0,-0.0009
2009/12/31,-0.0099,0.0006
2010/1/4,0.0169,0.0067
2010/1/5,0.0031,0.0065
2010/1/6,0.0013,-0.0001
2010/1/7,0.004,-0.0085
2010/1/8,0.0033,0.0025
2010/1/11,0.0013,-0.0049
2010/1/12,-0.01,-0.0122
2010/1/13,0.0085,0.0039
2010/1/14,0.0024,-0.0011
2010/1/15,-0.0112,-0.0054
2010/1/19,0.0126,0.0013
2010/1/20,-0.0098,-0.0055
2010/1/21,-0.0174,-0.0103
2010/1/22,-0.0214,-0.0154
2010/1/25,0.0037,0.0054
2010/1/26,-0.0045,0
2010/1/27,0.0053,-0.0016
2010/1/28,-0.0118,-0.0066
2010/1/29,-0.0097,-0.0123
2010/2/1,0.0139,0.0138
2010/2/2,0.0121,0.0048
2010/2/3,-0.0049,0.0024
2010/2/4,-0.0314,-0.0158
2010/2/5,0.0029,0.0003
2010/2/8,-0.0079,0.0001
2010/2/9,0.0133,0.0088
2010/2/10,-0.0017,0.002
2010/2/11,0.0113,0.0089
2010/2/12,-0.0007,0.0049
2010/2/16,0.0175,0.0089
2010/2/17,0.0049,0.0001
2010/2/18,0.0062,0.0012
2010/2/19,0.0028,-0.0022
2010/2/22,-0.0005,0.0013
2010/2/23,-0.0124,-0.0103
2010/2/24,0.0094,0.0052
2010/2/25,-0.0013,0.0048
2010/2/26,0.0013,0.0042
2010/3/1,0.012,0.0118
2010/3/2,0.0032,0.0013
2010/3/3,0.0009,0.0008
2010/3/4,0.0037,0.0037
2010/3/5,0.0143,0.0086
2010/3/8,0.0002,0.0009
2010/3/9,0.0021,0.0038
2010/3/10,0.0053,0.0037
2010/3/11,0.0043,-0.0006
2010/3/12,-0.0002,0.0028
2010/3/15,-0.0002,-0.0067
2010/3/16,0.0078,0.0031
2010/3/17,0.0057,0.0009
2010/3/18,-0.001,-0.0053
2010/3/19,-0.0062,-0.0152
2010/3/22,0.0067,0.0089
2010/3/23,0.008,0.0082
2010/3/24,-0.006,0.0041
2010/3/25,-0.0026,-0.0015
2010/3/26,0.0006,0.0035
2010/3/29,0.0059,0.0016
2010/3/30,0.0004,-0.0012
2010/3/31,-0.0036,-0.0014
2010/4/1,0.0075,0.0065
2010/4/5,0.0095,0.0104
2010/4/6,0.0019,0.0024
2010/4/7,-0.0048,-0.0043
2010/4/8,0.0031,0.0024
2010/4/9,0.0066,0.001
2010/4/12,0.0023,-0.0012
2010/4/13,0.0007,0.0016
2010/4/14,0.0124,0.0089
2010/4/15,0.0011,0.0021
2010/4/16,-0.0153,-0.0079
2010/4/19,0.0028,-0.0062
2010/4/20,0.0088,0.004
2010/4/21,-0.0006,0.0062
2010/4/22,0.0037,0.0101
2010/4/23,0.007,0.0026
2010/4/26,-0.0043,0.0032
2010/4/27,-0.0234,-0.0127
2010/4/28,0.0056,0.0002
2010/4/29,0.0134,0.0096
2010/4/30,-0.0172,-0.0111
2010/5/3,0.0136,0.0083
2010/5/4,-0.025,-0.0094
2010/5/5,-0.0075,-0.006
2010/5/6,-0.0327,-0.0088
2010/5/7,-0.0175,-0.0114
2010/5/10,0.0447,0.0262
2010/5/11,-0.0017,0.0029
2010/5/12,0.0163,0.013
2010/5/13,-0.0112,-0.0054
2010/5/14,-0.0192,-0.013
2010/5/17,0.0011,-0.0058
2010/5/18,-0.0141,-0.0086
2010/5/19,-0.0063,-0.0066
2010/5/20,-0.0399,-0.0126
2010/5/21,0.0144,0.0147
2010/5/24,-0.0119,0.0037
2010/5/25,-0.0003,0.0046
2010/5/26,-0.0035,0.0051
2010/5/27,0.0345,0.0199
2010/5/28,-0.0118,-0.0032
2010/6/1,-0.0189,-0.0032
2010/6/2,0.0263,0.0062
2010/6/3,0.0054,0.0002
2010/6/4,-0.0362,-0.0133
2010/6/7,-0.0152,-0.0128
2010/6/8,0.009,-0.0033
2010/6/9,-0.0046,0.0039
2010/6/10,0.0295,0.0094
2010/6/11,0.0062,0.0065
2010/6/14,-0.0006,0.0057
2010/6/15,0.0236,0.0045
2010/6/16,-0.0011,0.0013
2010/6/17,0.0008,0.0001
2010/6/18,0.0013,-0.0011
2010/6/21,-0.0047,-0.0019
2010/6/22,-0.0163,-0.006
2010/6/23,-0.0029,0.0001
2010/6/24,-0.0165,-0.0051
2010/6/25,0.0048,0.0062
2010/6/28,-0.0023,-0.0027
2010/6/29,-0.0323,-0.0195
2010/6/30,-0.0098,-0.0036
2010/7/1,-0.004,-0.002
2010/7/2,-0.005,-0.0069
2010/7/6,0.0033,-0.0044
2010/7/7,0.0317,0.0153
2010/7/8,0.01,0.0019
2010/7/9,0.0081,0.0059
2010/7/12,-0.0011,-0.0062
2010/7/13,0.0176,0.005
2010/7/14,-0.0004,0.0001
2010/7/15,0.0002,-0.0052
2010/7/16,-0.0294,-0.0106
2010/7/19,0.0054,-0.0034
2010/7/20,0.0123,0.0055
2010/7/21,-0.013,0.003
2010/7/22,0.0237,0.0056
2010/7/23,0.0105,0.0055
2010/7/26,0.0123,0.0013
2010/7/27,-0.0023,-0.0062
2010/7/28,-0.0082,-0.0009
2010/7/29,-0.0036,0.002
2010/7/30,0.0006,0.0017
2010/8/2,0.0208,-0.0028
2010/8/3,-0.0055,-0.0013
2010/8/4,0.0074,0.0017
2010/8/5,-0.0022,-0.0002
2010/8/6,-0.0036,-0.0004
2010/8/9,0.0062,0.0012
2010/8/10,-0.0079,0.002
2010/8/11,-0.0291,-0.0038
2010/8/12,-0.005,-0.0011
2010/8/13,-0.0047,-0.0007
2010/8/16,0.001,0.0017
2010/8/17,0.0131,0.0034
2010/8/18,0.0021,0.002
2010/8/19,-0.0174,0.0006
2010/8/20,-0.0028,0.0015
2010/8/23,-0.005,-0.0046
2010/8/24,-0.0148,-0.0036
2010/8/25,0.0045,0.0006
2010/8/26,-0.0076,0.0038
2010/8/27,0.0182,0.0043
2010/8/30,-0.0154,-0.0007
2010/8/31,0.0001,0.0047
2010/9/1,0.0305,0.0052
2010/9/2,0.0097,0.0029
2010/9/3,0.0135,0.0016
2010/9/7,-0.0123,0.0019
2010/9/8,0.0065,0.0005
2010/9/9,0.0044,-0.0068
2010/9/10,0.0045,0.0002
2010/9/13,0.013,-0.0019
2010/9/14,-0.0006,0.0015
2010/9/15,0.0036,-0.0008
2010/9/16,-0.0007,0.0023
2010/9/17,0.0015,0.0035
2010/9/20,0.016,-0.0009
2010/9/21,-0.0031,0.001
2010/9/22,-0.0052,0.0046
2010/9/23,-0.0078,0.0006
2010/9/24,0.0219,0
2010/9/27,-0.0046,0.0007
2010/9/28,0.0058,-0.0004
2010/9/29,-0.0017,-0.0001
2010/9/30,-0.0026,-0.0054
2010/10/1,0.0043,-0.0028
2010/10/4,-0.0088,0.004
2010/10/5,0.0211,0.0023
2010/10/6,-0.001,-0.0061
2010/10/7,-0.0016,0.0024
2010/10/8,0.0074,-0.0005
2010/10/11,0.0004,-0.0015
2010/10/12,0.0039,-0.0027
2010/10/13,0.0078,0.0006
2010/10/14,-0.0038,0.0084
2010/10/15,0.0018,0.0023
2010/10/18,0.0069,-0.0084
2010/10/19,-0.0167,-0.0001
2010/10/20,0.0106,-0.0004
2010/10/21,0.0011,0.0049
2010/10/22,0.0029,0.0026
2010/10/25,0.0031,0.0035
2010/10/26,0.0002,-0.0007
2010/10/27,-0.0024,0.0007
2010/10/28,0.0008,0.0008
2010/10/29,0.0007,0.0015
2010/11/1,-0.0001,0.0016
2010/11/2,0.009,0.0011
2010/11/3,0.0038,0.0011
2010/11/4,0.0194,-0.0033
2010/11/5,0.0041,-0.0058
2010/11/8,-0.0012,0.0011
2010/11/9,-0.0078,-0.0027
2010/11/10,0.0053,-0.0008
2010/11/11,-0.0035,0.0029
2010/11/12,-0.0129,-0.0018
2010/11/15,-0.0009,0.0009
2010/11/16,-0.0158,-0.002
2010/11/17,0.0007,0.0049
2010/11/18,0.0157,0.0057
2010/11/19,0.0031,0.0055
2010/11/22,-0.0002,0.0109
2010/11/23,-0.0138,0.0001
2010/11/24,0.0159,0.007
2010/11/26,-0.0067,0.0038
2010/11/29,-0.0013,-0.0031
2010/11/30,-0.0059,0.0007
2010/12/1,0.0212,0.0024
2010/12/2,0.0123,-0.004
2010/12/3,0.0035,0.0006
2010/12/6,-0.0003,0.0023
2010/12/7,0.001,0
2010/12/8,0.0032,-0.0068
2010/12/9,0.0042,-0.0001
2010/12/10,0.0067,-0.0028
2010/12/13,-0.0008,-0.0027
2010/12/14,0.0009,-0.0047
2010/12/15,-0.0049,-0.0001
2010/12/16,0.007,0.0012
2010/12/17,0.0015,-0.0006
2010/12/20,0.0023,0.0006
2010/12/21,0.0068,0.0014
2010/12/22,0.0029,-0.0094
2010/12/23,-0.0016,-0.0014
2010/12/27,0.0008,-0.0024
2010/12/28,0,-0.0024
2010/12/29,0.0017,0.0023
2010/12/30,-0.0011,0
2010/12/31,-0.001,-0.0014
2011/1/3,0.0118,-0.0001
2011/1/4,-0.0026,-0.0059
2011/1/5,0.0059,0.001
2011/1/6,-0.0015,-0.0049
2011/1/7,-0.0021,0.0035
2011/1/10,-0.0002,0.007
2011/1/11,0.0039,-0.0024
2011/1/12,0.0087,-0.0034
2011/1/13,-0.0017,0.003
2011/1/14,0.0069,-0.0019
2011/1/18,0.0018,-0.0034
2011/1/19,-0.0124,-0.0013
2011/1/20,-0.003,-0.0121
2011/1/21,0.0011,-0.0014
2011/1/24,0.0065,0.002
2011/1/25,0.0002,-0.0015
2011/1/26,0.006,0.0126
2011/1/27,0.0026,0.0002
2011/1/28,-0.0188,-0.0015
2011/1/31,0.0071,0.0062
2011/2/1,0.0175,0.0052
2011/2/2,-0.0026,-0.0001
2011/2/3,0.0026,0.0007
2011/2/4,0.0029,0.0008
2011/2/7,0.007,0.0022
2011/2/8,0.0048,0.0011
2011/2/9,-0.0031,-0.0004
2011/2/10,0.0012,0.0076
2011/2/11,0.0067,0.0047
2011/2/14,0.003,0.0052
2011/2/15,-0.0038,-0.0029
2011/2/16,0.0068,0.001
2011/2/17,0.0037,0.0013
2011/2/18,0.0012,-0.0051
2011/2/22,-0.0219,-0.0082
2011/2/23,-0.0078,-0.0025
2011/2/24,0.0004,0.0043
2011/2/25,0.0122,0.0065
2011/2/28,0.0042,-0.0024
2011/3/1,-0.0158,-0.0023
2011/3/2,0.0028,0.0051
2011/3/3,0.0176,0.008
2011/3/4,-0.0067,0.0034
2011/3/7,-0.0096,-0.0034
2011/3/8,0.0097,-0.004
2011/3/9,-0.0017,-0.008
2011/3/10,-0.0193,-0.0076
2011/3/11,0.0069,0.0032
2011/3/14,-0.0059,0.0029
2011/3/15,-0.0105,0.0025
2011/3/16,-0.0177,-0.0006
2011/3/17,0.0112,0.0058
2011/3/18,0.0049,-0.0047
2011/3/21,0.0158,0.0126
2011/3/22,-0.0034,-0.0016
2011/3/23,0.0031,0.0048
2011/3/24,0.0096,0.0029
2011/3/25,0.0041,0.0062
2011/3/28,-0.0035,-0.0015
2011/3/29,0.0074,0.0054
2011/3/30,0.0079,0.0024
2011/3/31,-0.0011,0.0021
2011/4/1,0.0052,0.0001
2011/4/4,0.0009,0.0015
2011/4/5,0.0008,-0.0005
2011/4/6,0.0021,-0.012
2011/4/7,-0.002,-0.0007
2011/4/8,-0.0047,0.001
2011/4/11,-0.0039,-0.0055
2011/4/12,-0.0084,-0.007
2011/4/13,0.0011,0.0092
2011/4/14,0,0.0029
2011/4/15,0.0044,0.0021
2011/4/18,-0.0115,-0.0037
2011/4/19,0.005,0.0035
2011/4/20,0.0145,0.0069
2011/4/21,0.0056,0.0078
2011/4/25,-0.0016,-0.0017
2011/4/26,0.0089,-0.0038
2011/4/27,0.0066,-0.0011
2011/4/28,0.0032,-0.0028
2011/4/29,0.0029,0.0067
2011/5/2,-0.0028,-0.0067
2011/5/3,-0.005,-0.0139
2011/5/4,-0.0074,-0.0086
2011/5/5,-0.0082,-0.0029
2011/5/6,0.0046,0.0055
2011/5/9,0.0055,0.012
2011/5/10,0.0086,0.0006
2011/5/11,-0.0109,-0.0111
2011/5/12,0.0052,-0.0024
2011/5/13,-0.0088,-0.0006
2011/5/16,-0.0076,-0.0073
2011/5/17,-0.0011,-0.0045
2011/5/18,0.0102,0.0117
2011/5/19,0.0022,0.0029
2011/5/20,-0.0073,0.0029
2011/5/23,-0.0129,-0.006
2011/5/24,-0.0014,0.0035
2011/5/25,0.0045,0.0119
2011/5/26,0.0052,0.0052
2011/5/27,0.0049,0.001
2011/5/31,0.0104,0.0025
2011/6/1,-0.0233,-0.0025
2011/6/2,-0.001,0.0007
2011/6/3,-0.011,-0.0016
2011/6/6,-0.0118,-0.0069
2011/6/7,-0.0004,0.0052
2011/6/8,-0.0054,-0.0026
2011/6/9,0.0075,0.0045
2011/6/10,-0.0137,-0.0062
2011/6/13,0.0001,-0.0061
2011/6/14,0.0136,0.0093
2011/6/15,-0.0172,-0.0045
2011/6/16,0.0012,-0.0082
2011/6/17,0.0025,-0.0023
2011/6/20,0.0058,0.005
2011/6/21,0.0152,0.012
2011/6/22,-0.0062,0.0022
2011/6/23,-0.0014,0.0054
2011/6/24,-0.011,-0.0033
2011/6/27,0.0089,0.0022
2011/6/28,0.0136,0.0124
2011/6/29,0.0077,-0.0001
2011/6/30,0.0099,0.0039
2011/7/1,0.0145,0.0035
2011/7/5,-0.0008,0.0121
2011/7/6,0.0018,0.0034
2011/7/7,0.011,-0.0025
2011/7/8,-0.0067,0.0036
2011/7/11,-0.0191,-0.0016
2011/7/12,-0.0045,-0.0058
2011/7/13,0.0045,0.0034
2011/7/14,-0.0082,-0.0019
2011/7/15,0.0058,0.0054
2011/7/18,-0.0094,0.0031
2011/7/19,0.0172,0.0045
2011/7/20,-0.001,-0.006
2011/7/21,0.0129,-0.0051
2011/7/22,0.001,0.0028
2011/7/25,-0.0068,-0.0016
2011/7/26,-0.0047,-0.0057
2011/7/27,-0.0216,-0.0067
2011/7/28,-0.0031,0.0013
2011/7/29,-0.0056,0.0012
2011/8/1,-0.004,0.0002
2011/8/2,-0.0268,-0.0087
2011/8/3,0.0058,-0.0009
2011/8/4,-0.0504,-0.0141
2011/8/5,-0.0036,-0.0053
2011/8/8,-0.0697,-0.0111
2011/8/9,0.0497,0.0161
2011/8/10,-0.043,0.0147
2011/8/11,0.0472,0.0057
2011/8/12,0.0054,0.0117
2011/8/15,0.0225,-0.0023
2011/8/16,-0.0107,-0.0071
2011/8/17,-0.0001,-0.0063
2011/8/18,-0.0465,-0.0201
2011/8/19,-0.0155,-0.0059
2011/8/22,-0.0003,-0.0005
2011/8/23,0.036,0.0216
2011/8/24,0.0135,-0.0032
2011/8/25,-0.0167,-0.0042
2011/8/26,0.0174,0.0134
2011/8/29,0.0311,0.0006
2011/8/30,0.0032,0.007
2011/8/31,0.0042,-0.0034
2011/9/1,-0.0133,0.0062
2011/9/2,-0.0264,0.004
2011/9/6,-0.0071,0.0112
2011/9/7,0.0306,-0.0142
2011/9/8,-0.0118,0.0075
2011/9/9,-0.0265,0.0013
2011/9/12,0.0068,-0.0017
2011/9/13,0.0112,0.0004
2011/9/14,0.0145,0.0005
2011/9/15,0.0164,-0.006
2011/9/16,0.0047,0.0057
2011/9/19,-0.0099,0.0187
2011/9/20,-0.0045,0.0031
2011/9/21,-0.0292,0.0107
2011/9/22,-0.0329,0.0031
2011/9/23,0.0074,-0.009
2011/9/26,0.0228,-0.011
2011/9/27,0.0122,0.0007
2011/9/28,-0.0229,0.0035
2011/9/29,0.0077,-0.0181
2011/9/30,-0.025,0.007
2011/10/3,-0.0318,0.011
2011/10/4,0.0268,-0.0158
2011/10/5,0.0192,-0.0044
2011/10/6,0.0194,-0.0105
2011/10/7,-0.0098,0.0177
2011/10/10,0.0344,-0.0052
2011/10/11,0.0015,-0.0032
2011/10/12,0.0107,-0.0133
2011/10/13,-0.0021,0.009
2011/10/14,0.0172,0.0018
2011/10/17,-0.0206,0.0089
2011/10/18,0.0211,-0.0207
2011/10/19,-0.0138,0.0046
2011/10/20,0.0043,-0.0046
2011/10/21,0.0192,-0.005
2011/10/24,0.0159,-0.0135
2011/10/25,-0.0213,0.01
2011/10/26,0.0112,-0.0069
2011/10/27,0.0354,-0.0264
2011/10/28,-0.0001,-0.0043
2011/10/31,-0.025,0.0225
2011/11/1,-0.0286,0.0175
2011/11/2,0.0172,-0.0089
2011/11/3,0.0197,-0.003
2011/11/4,-0.0053,-0.0009
2011/11/7,0.0048,-0.001
2011/11/8,0.0121,-0.0043
2011/11/9,-0.0378,0.0183
2011/11/10,0.0083,-0.0007
2011/11/11,0.0198,-0.0041
2011/11/14,-0.0092,0.0084
2011/11/15,0.0056,0.0039
2011/11/16,-0.0164,0.003
2011/11/17,-0.0165,0.0121
2011/11/18,-0.0007,-0.0006
2011/11/21,-0.0187,0.0092
2011/11/22,-0.0044,0.0092
2011/11/23,-0.0229,0.0075
2011/11/25,-0.0034,-0.0005
2011/11/28,0.031,-0.004
2011/11/29,0.0018,0.0053
2011/11/30,0.0444,-0.0188
2011/12/1,-0.0022,0.0028
2011/12/2,0.0005,-0.0054
2011/12/5,0.0109,-0.0096
2011/12/6,0.0004,0.0008
2011/12/7,0.0016,-0.0043
2011/12/8,-0.0223,0.0175
2011/12/9,0.0183,-0.0064
2011/12/12,-0.0148,0.0103
2011/12/13,-0.0105,0.0114
2011/12/14,-0.0121,0.002
2011/12/15,0.004,0.0033
2011/12/16,0.0045,0.0035
2011/12/19,-0.0131,0.0181
2011/12/20,0.031,-0.0121
2011/12/21,0.002,-0.001
2011/12/22,0.0083,-0.018
2011/12/23,0.0084,0.0038
2011/12/27,0.0004,0.0102
2011/12/28,-0.0134,0.0087
2011/12/29,0.011,-0.0064
2011/12/30,-0.004,-0.0066
2012/1/3,0.015,-0.0261
2012/1/4,0,0.0012
2012/1/5,0.0039,-0.0059
2012/1/6,-0.0019,-0.0007
2012/1/9,0.0028,-0.0034
2012/1/10,0.0097,-0.0113
2012/1/11,0.0013,-0.0128
2012/1/12,0.0031,-0.0054
2012/1/13,-0.0052,0.0105
2012/1/17,0.0036,0.0077
2012/1/18,0.0122,-0.0172
2012/1/19,0.0051,-0.0114
2012/1/20,0.0003,-0.006
2012/1/23,0.0002,-0.0044
2012/1/24,0,-0.0029
2012/1/25,0.0091,-0.0009
2012/1/26,-0.0059,0.0026
2012/1/27,0.0001,-0.0061
2012/1/30,-0.0031,0.0074
2012/1/31,-0.0005,0.0023
2012/2/1,0.011,-0.0079
2012/2/2,0.0017,-0.0052
2012/2/3,0.0158,-0.0147
2012/2/6,-0.0005,-0.0029
2012/2/7,0.0016,0.0032
2012/2/8,0.0025,-0.0045
2012/2/9,0.0015,0.0027
2012/2/10,-0.0075,0.01
2012/2/13,0.0075,0.0023
2012/2/14,-0.0009,0.0062
2012/2/15,-0.005,-0.0046
2012/2/16,0.0127,-0.0096
2012/2/17,0.0016,-0.0015
2012/2/21,-0.0005,0.0018
2012/2/22,-0.0039,0.0057
2012/2/23,0.0056,-0.0015
2012/2/24,0.0015,0.0016
2012/2/27,0.0014,0.0012
2012/2/28,0.0028,0.0024
2012/2/29,-0.0055,0.0068
2012/3/1,0.0064,-0.0032
2012/3/2,-0.0046,0.0035
2012/3/5,-0.004,0.0125
2012/3/6,-0.0162,0.0111
2012/3/7,0.008,-0.0047
2012/3/8,0.0107,-0.0014
2012/3/9,0.0049,-0.0039
2012/3/12,-0.0007,0.0079
2012/3/13,0.0186,-0.0121
2012/3/14,-0.0023,0.0039
2012/3/15,0.0067,-0.0117
2012/3/16,0.0006,-0.009
2012/3/19,0.0041,0.0014
2012/3/20,-0.0039,0.0012
2012/3/21,-0.001,0.003
2012/3/22,-0.0074,0.0124
2012/3/23,0.0039,-0.0051
2012/3/26,0.0145,0.0005
2012/3/27,-0.003,0.005
2012/3/28,-0.0051,0.0052
2012/3/29,-0.0016,0.0011
2012/3/30,0.0028,-0.0017
2012/4/2,0.0077,-0.0002
2012/4/3,-0.0034,0.01
2012/4/4,-0.0111,0.0085
2012/4/5,-0.0003,0.0094
2012/4/9,-0.0121,0.0072
2012/4/10,-0.0185,0.0018
2012/4/11,0.0085,-0.0033
2012/4/12,0.0144,-0.0138
2012/4/13,-0.0125,0.0138
2012/4/16,-0.0009,-0.0003
2012/4/17,0.0155,-0.0044
2012/4/18,-0.0043,0.0057
2012/4/19,-0.0057,-0.0054
2012/4/20,0.0011,0.0108
2012/4/23,-0.0095,0.001
2012/4/24,0.0029,-0.0059
2012/4/25,0.0144,0.0043
2012/4/26,0.0075,0.0002
2012/4/27,0.0035,0.0037
2012/4/30,-0.0049,-0.0025
2012/5/1,0.0048,-0.0057
2012/5/2,-0.0015,0.0117
2012/5/3,-0.0092,0.0094
2012/5/4,-0.0162,0.0026
2012/5/7,0.0004,-0.0001
2012/5/8,-0.0041,0.002
2012/5/9,-0.0062,0.0009
2012/5/10,0.0029,0.008
2012/5/11,-0.0029,0.0056
2012/5/14,-0.0114,0.0028
2012/5/15,-0.0052,0.0116
2012/5/16,-0.0044,0.0088
2012/5/17,-0.0164,-0.0012
2012/5/18,-0.008,0.0062
2012/5/21,0.0169,-0.0063
2012/5/22,0,0.0046
2012/5/23,0.0026,-0.0042
2012/5/24,0.0016,0.0079
2012/5/25,-0.0016,-0.0055
2012/5/29,0.0114,-0.0081
2012/5/30,-0.0147,0.0124
2012/5/31,-0.0023,0.0019
2012/6/1,-0.026,-0.0003
2012/6/4,-0.0005,0.0045
2012/6/5,0.0068,-0.0098
2012/6/6,0.0232,-0.01
2012/6/7,-0.001,0.0041
2012/6/8,0.0085,0.0037
2012/6/11,-0.014,0.0095
2012/6/12,0.0116,-0.0038
2012/6/13,-0.0077,0.0031
2012/6/14,0.0104,0.0005
2012/6/15,0.0107,-0.008
2012/6/18,0.0021,0.0077
2012/6/19,0.0109,-0.0112
2012/6/20,-0.0014,-0.0041
2012/6/21,-0.0226,0.0129
2012/6/22,0.0079,-0.0018
2012/6/25,-0.0162,0.0115
2012/6/26,0.0052,0.0036
2012/6/27,0.0092,-0.0095
2012/6/28,-0.0024,-0.0055
2012/6/29,0.0255,-0.0116
2012/7/2,0.0033,0.0084
2012/7/3,0.0076,-0.013
2012/7/5,-0.0036,0.0065
2012/7/6,-0.0099,0.0113
2012/7/9,-0.0023,0.0109
2012/7/10,-0.0084,0.0098
2012/7/11,-0.0008,-0.0049
2012/7/12,-0.005,0.0089
2012/7/13,0.0162,-0.0027
2012/7/16,-0.0031,0.0029
2012/7/17,0.0067,-0.0018
2012/7/18,0.0071,-0.0034
2012/7/19,0.0027,-0.0038
2012/7/20,-0.0106,0.0024
2012/7/23,-0.0102,0.005
2012/7/24,-0.0099,0.0095
2012/7/25,-0.0001,-0.0013
2012/7/26,0.0153,-0.0066
2012/7/27,0.0196,-0.0096
2012/7/30,-0.0013,0.0004
2012/7/31,-0.0047,-0.0005
2012/8/1,-0.005,-0.0006
2012/8/2,-0.0069,0.0119
2012/8/3,0.0199,-0.0074
2012/8/6,0.0034,-0.0089
2012/8/7,0.0064,-0.014
2012/8/8,0.0009,-0.0014
2012/8/9,0.0012,-0.008
2012/8/10,0.0017,-0.003
2012/8/13,-0.0014,0.0048
2012/8/14,-0.0003,0.0073
2012/8/15,0.0027,-0.0018
2012/8/16,0.0075,-0.0061
2012/8/17,0.0027,0.0008
2012/8/20,-0.0006,-0.0016
2012/8/21,-0.0031,-0.0056
2012/8/22,0,0.0038
2012/8/23,-0.0078,0.0048
2012/8/24,0.0061,0.0023
2012/8/27,-0.0006,0.0059
2012/8/28,0.0001,0.0008
2012/8/29,0.0015,0.0007
2012/8/30,-0.008,0.0041
2012/8/31,0.0052,-0.0044
2012/9/4,0.0008,0.0076
2012/9/5,-0.0005,-0.0042
2012/9/6,0.0207,-0.0064
2012/9/7,0.0045,-0.0138
2012/9/10,-0.0057,-0.0014
2012/9/11,0.0028,-0.0063
2012/9/12,0.0027,-0.0006
2012/9/13,0.0156,-0.0029
2012/9/14,0.0054,-0.0118
2012/9/17,-0.0042,0.0081
2012/9/18,-0.0015,0.0017
2012/9/19,0.0018,0.0042
2012/9/20,-0.0013,0.0022
2012/9/21,0.0004,0.0024
2012/9/24,-0.0026,0.0018
2012/9/25,-0.0111,0.0064
2012/9/26,-0.0057,-0.0036
2012/9/27,0.0099,0.0038
2012/9/28,-0.0046,-0.0008
2012/10/1,0.0026,-0.001
2012/10/2,0.001,0.0009
2012/10/3,0.0036,0.0119
2012/10/4,0.0076,-0.003
2012/10/5,-0.0003,0.0018
2012/10/8,-0.0036,-0.0044
2012/10/9,-0.0105,-0.0041
2012/10/10,-0.0058,0.005
2012/10/11,0.0011,-0.0084
2012/10/12,-0.0034,0.0009
2012/10/15,0.0079,0.0019
2012/10/16,0.01,-0.0028
2012/10/17,0.0049,0.0018
2012/10/18,-0.0031,-0.0027
2012/10/19,-0.0168,0.0028
2012/10/22,0.0001,0.0006
2012/10/23,-0.0129,-0.0025
2012/10/24,-0.0028,0.0098
2012/10/25,0.0027,-0.0058
2012/10/26,-0.0007,0
2012/10/31,0.0014,-0.0016
2012/11/1,0.0119,-0.0084
2012/11/2,-0.0104,0.0004
2012/11/5,0.0028,-0.0012
2012/11/6,0.008,-0.0045
2012/11/7,-0.0231,0.0058
2012/11/8,-0.0124,0.0007
2012/11/9,0.0015,0.0028
2012/11/12,0,0
2012/11/13,-0.004,0.006
2012/11/14,-0.014,-0.0053
2012/11/15,-0.0024,-0.0053
2012/11/16,0.0058,0.0084
2012/11/19,0.0198,0.0018
2012/11/20,0.0011,0.0084
2012/11/21,0.0031,-0.002
2012/11/23,0.0128,-0.0022
2012/11/26,-0.0014,0.001
2012/11/27,-0.0043,-0.0026
2012/11/28,0.0083,-0.0026
2012/11/29,0.0054,0.0004
2012/11/30,0.0002,0.0006
2012/12/3,-0.0046,0.0007
2012/12/4,-0.0016,-0.0052
2012/12/5,0.0017,-0.009
2012/12/6,0.0031,-0.0005
2012/12/7,0.0027,-0.0029
2012/12/10,0.0011,-0.0036
2012/12/11,0.0068,-0.0027
2012/12/12,-0.0002,-0.0019
2012/12/13,-0.0057,-0.002
2012/12/14,-0.0034,-0.0045
2012/12/17,0.0116,0.0074
2012/12/18,0.012,-0.0042
2012/12/19,-0.006,-0.0009
2012/12/20,0.0053,0.0021
2012/12/21,-0.0088,-0.0025
2012/12/24,-0.0024,0.004
2012/12/26,-0.0054,-0.0042
2012/12/27,-0.0011,0.0028
2012/12/28,-0.01,0.0033
2012/12/31,0.0171,0.0021
2013/1/2,0.0262,0.002
2013/1/3,-0.0014,-0.0044
2013/1/4,0.0055,-0.0036
2013/1/7,-0.0031,0.0015
2013/1/8,-0.0027,0.0086
2013/1/9,0.0034,0.0008
2013/1/10,0.0066,-0.002
2013/1/11,0.0002,-0.0018
2013/1/14,-0.0006,-0.0027
2013/1/15,0.0019,-0.0033
2013/1/16,-0.0004,0.0019
2013/1/17,0.0061,-0.0022
2013/1/18,0.0029,0.0004
2013/1/22,0.0048,-0.0021
2013/1/23,0.001,0.0047
2013/1/24,0.0009,-0.0082
2013/1/25,0.0059,-0.0015
2013/1/28,-0.0014,-0.0032
2013/1/29,0.0036,0.001
2013/1/30,-0.0038,0.0013
2013/1/31,-0.0008,-0.0036
2013/2/1,0.0099,0.0035
2013/2/4,-0.0119,0.0001
2013/2/5,0.0107,0.001
2013/2/6,0.0015,-0.0032
2013/2/7,-0.0015,-0.0014
2013/2/8,0.0058,-0.0016
2013/2/11,-0.0008,-0.0004
2013/2/12,0.0016,-0.0001
2013/2/13,0.0014,0.0016
2013/2/14,0.0011,-0.0007
2013/2/15,-0.0011,0.0046
2013/2/19,0.0074,-0.0002
2013/2/20,-0.0136,0.0005
2013/2/21,-0.0066,-0.0007
2013/2/22,0.0094,0.0022
2013/2/25,-0.0182,-0.001
2013/2/26,0.0058,0.0038
2013/2/27,0.0129,0.0053
2013/2/28,-0.0005,0.003
2013/3/1,0.0022,0.0096
2013/3/4,0.0047,0.0125
2013/3/5,0.01,0.0011
2013/3/6,0.0018,-0.0024
2013/3/7,0.0027,-0.0038
2013/3/8,0.0052,-0.0002
2013/3/11,0.003,-0.0023
2013/3/12,-0.0022,-0.0024
2013/3/13,0.002,0.0009
2013/3/14,0.0058,-0.0044
2013/3/15,-0.0019,-0.0059
2013/3/18,-0.005,-0.0001
2013/3/19,-0.0024,0.0034
2013/3/20,0.0076,0.0041
2013/3/21,-0.0085,0.0007
2013/3/22,0.0062,0.0019
2013/3/25,-0.0029,-0.0002
2013/3/26,0.0076,0.0043
2013/3/27,-0.0002,0.0015
2013/3/28,0.0039,0.005
2013/4/1,-0.0057,0.0035
2013/4/2,0.0033,0.0032
2013/4/3,-0.0116,-0.0062
2013/4/4,0.0042,0.0016
2013/4/5,-0.0041,0.0016
2013/4/8,0.007,0.0027
2013/4/9,0.0031,-0.004
2013/4/10,0.0128,-0.0002
2013/4/11,0.0035,0.0048
2013/4/12,-0.0028,0.0024
2013/4/15,-0.0248,-0.0023
2013/4/16,0.0147,0.0076
2013/4/17,-0.0146,0.0031
2013/4/18,-0.0071,-0.0024
2013/4/19,0.0097,0.0125
2013/4/22,0.0045,-0.0005
2013/4/23,0.0111,0.001
2013/4/24,0.0006,-0.009
2013/4/25,0.0049,-0.0023
2013/4/26,-0.002,-0.0007
2013/4/29,0.0067,-0.0059
2013/4/30,0.0029,-0.0078
2013/5/1,-0.0108,-0.0004
2013/5/2,0.0104,0.0039
2013/5/3,0.0112,-0.0035
2013/5/6,0.0023,-0.0005
2013/5/7,0.0054,0.0017
2013/5/8,0.0044,-0.0059
2013/5/9,-0.0031,0.0003
2013/5/10,0.0054,0.0013
2013/5/13,-0.0002,0.0038
2013/5/14,0.011,0.0046
2013/5/15,0.0051,0.005
2013/5/16,-0.005,-0.0078
2013/5/17,0.0104,-0.0007
2013/5/20,-0.0006,-0.01
2013/5/21,0.0016,-0.0001
2013/5/22,-0.0092,0.0009
2013/5/23,-0.0019,0.0009
2013/5/24,-0.0006,0.0017
2013/5/28,0.0077,0.0046
2013/5/29,-0.007,-0.0059
2013/5/30,0.005,0.0016
2013/5/31,-0.0131,-0.003
2013/6/3,0.0048,-0.0034
2013/6/4,-0.0055,-0.0045
2013/6/5,-0.0138,-0.0054
2013/6/6,0.0089,0.0083
2013/6/7,0.013,0.0057
2013/6/10,0.0007,0.0014
2013/6/11,-0.0104,-0.0029
2013/6/12,-0.0082,-0.0037
2013/6/13,0.0147,0.005
2013/6/14,-0.0059,0.0023
2013/6/17,0.0074,0.0028
2013/6/18,0.008,0.0014
2013/6/19,-0.0128,0.0008
2013/6/20,-0.0245,-0.0071
2013/6/21,0.0013,-0.0064
2013/6/24,-0.0119,-0.004
2013/6/25,0.0096,0.0053
2013/6/26,0.0092,0.0064
2013/6/27,0.0077,0.0048
2013/6/28,-0.0033,-0.0041
2013/7/1,0.0071,0.0048
2013/7/2,-0.001,-0.0008
2013/7/3,0.0011,0.0003
2013/7/5,0.0111,0.0058
2013/7/8,0.0053,0.0021
2013/7/9,0.0074,0.0014
2013/7/10,0.0006,-0.0033
2013/7/11,0.0132,0.001
2013/7/12,0.0033,0.0049
2013/7/15,0.002,-0.0012
2013/7/16,-0.0041,-0.0058
2013/7/17,0.003,0.0035
2013/7/18,0.0054,0.0019
2013/7/19,0.0009,0.0007
2013/7/22,0.0022,0.0015
2013/7/23,-0.0015,-0.0028
2013/7/24,-0.0039,0.0007
2013/7/25,0.0042,-0.0002
2013/7/26,0.0002,0.0003
2013/7/29,-0.0037,-0.0042
2013/7/30,0.0012,0.0011
2013/7/31,0.0009,0.0061
2013/8/1,0.014,0.0065
2013/8/2,0.002,0.0047
2013/8/5,-0.0007,-0.001
2013/8/6,-0.0068,-0.0042
2013/8/7,-0.0042,-0.0042
2013/8/8,0.0047,0.0009
2013/8/9,-0.0029,0.0011
2013/8/12,-0.0002,-0.0021
2013/8/13,0.002,-0.0001
2013/8/14,-0.005,-0.0029
2013/8/15,-0.0147,-0.0088
2013/8/16,-0.0026,0.0042
2013/8/19,-0.0062,-0.0018
2013/8/20,0.0053,0.0047
2013/8/21,-0.0059,0.0026
2013/8/22,0.0093,0.0038
2013/8/23,0.0038,-0.0032
2013/8/26,-0.0029,0.001
2013/8/27,-0.0175,-0.0095
2013/8/28,0.003,0.0031
2013/8/29,0.0034,0.0076
2013/8/30,-0.0047,-0.0045
2013/9/3,0.0046,0.0096
2013/9/4,0.0083,0.0047
2013/9/5,0.0019,0.0006
2013/9/6,0.0001,-0.0021
2013/9/9,0.0109,-0.0003
2013/9/10,0.008,0.0071
2013/9/11,0.0028,-0.0002
2013/9/12,-0.0032,0.0006
2013/9/13,0.0029,-0.0003
2013/9/16,0.0049,0.0028
2013/9/17,0.0054,0.0007
2013/9/18,0.011,-0.0047
2013/9/19,-0.0013,0.0008
2013/9/20,-0.0063,0.0031
2013/9/23,-0.0045,-0.0057
2013/9/24,-0.0012,0.006
2013/9/25,-0.0023,0.0024
2013/9/26,0.0042,0.0034
2013/9/27,-0.0039,0.0033
2013/9/30,-0.0049,0.0026
2013/10/1,0.009,0.0047
2013/10/2,-0.001,-0.0013
2013/10/3,-0.0088,-0.0011
2013/10/4,0.0074,0.0052
2013/10/7,-0.0095,-0.0077
2013/10/8,-0.0135,-0.0108
2013/10/9,-0.0005,-0.0023
2013/10/10,0.0223,0.012
2013/10/11,0.0071,0.0024
2013/10/14,0.0044,0.0027
2013/10/15,-0.0073,0.0007
2013/10/16,0.0137,0.0062
2013/10/17,0.007,0.0023
2013/10/18,0.0073,0.0033
2013/10/21,-0.0002,-0.0016
2013/10/22,0.005,-0.0038
2013/10/23,-0.0051,-0.0056
2013/10/24,0.0042,0.0014
2013/10/25,0.0033,-0.0024
2013/10/28,0.0009,-0.0059
2013/10/29,0.0054,0.0028
2013/10/30,-0.0061,-0.0045
2013/10/31,-0.0034,0.0036
2013/11/1,0.002,-0.0005
2013/11/4,0.0047,0.0004
2013/11/5,-0.0023,0.0061
2013/11/6,0.0027,-0.0129
2013/11/7,-0.0146,-0.0116
2013/11/8,0.0145,0.0125
2013/11/11,0.0012,0.0025
2013/11/12,-0.0019,-0.0009
2013/11/13,0.009,0.0064
2013/11/14,0.0043,-0.0008
2013/11/15,0.0043,-0.0005
2013/11/18,-0.005,-0.009
2013/11/19,-0.0027,-0.0051
2013/11/20,-0.0033,0.0008
2013/11/21,0.0097,0.0092
2013/11/22,0.005,0.0049
2013/11/25,-0.0011,-0.0035
2013/11/26,0.0018,0.0061
2013/11/27,0.003,-0.0019
2013/11/29,-0.0002,-0.002
2013/12/2,-0.0031,0.0027
2013/12/3,-0.0034,-0.0063
2013/12/4,-0.0007,0.0003
2013/12/5,-0.0035,0.0028
2013/12/6,0.0102,0.0025
2013/12/9,0.0017,-0.0028
2013/12/10,-0.0034,0.0018
2013/12/11,-0.0116,-0.0046
2013/12/12,-0.0023,0.0062
2013/12/13,0.001,0.0042
2013/12/16,0.0067,-0.0001
2013/12/17,-0.0026,-0.0006
2013/12/18,0.0155,0.0017
2013/12/19,-0.001,-0.0013
2013/12/20,0.0069,0.0038
2013/12/23,0.0062,-0.0013
2013/12/24,0.0034,-0.0019
2013/12/26,0.0044,0.0021
2013/12/27,-0.0005,-0.0088
2013/12/30,0,-0.0006
2013/12/31,0.0044,0.0005
2014/1/2,-0.0088,-0.0007
2014/1/3,0.0003,0.0025
2014/1/6,-0.0034,-0.001
2014/1/7,0.0068,0.0055
2014/1/8,0.0004,0.0064
2014/1/9,0.0002,0.0077
2014/1/10,0.0027,-0.0016
2014/1/13,-0.0132,-0.0052
2014/1/14,0.0115,0.0055
2014/1/15,0.0053,-0.0029
2014/1/16,-0.0007,-0.0005
2014/1/17,-0.0039,0
2014/1/21,0.003,-0.0006
2014/1/22,0.0015,0.0029
2014/1/23,-0.0086,-0.0051
2014/1/24,-0.0219,-0.0099
2014/1/27,-0.0065,-0.0056
2014/1/28,0.0073,0.0084
2014/1/29,-0.0107,-0.0052
2014/1/30,0.0122,0.0126
2014/1/31,-0.0066,0.0011
2014/2/3,-0.0248,-0.0085
2014/2/4,0.0077,0.0046
2014/2/5,-0.0023,-0.001
2014/2/6,0.0121,0.0012
2014/2/7,0.0133,0.0061
2014/2/10,0.0016,-0.0006
2014/2/11,0.0109,0.0004
2014/2/12,0.0011,0.0025
2014/2/13,0.0072,0.0036
2014/2/14,0.0042,-0.003
2014/2/18,0.0027,0.0074
2014/2/19,-0.0074,-0.0033
2014/2/20,0.007,0.005
2014/2/21,-0.0009,0.0023
2014/2/24,0.0065,0.0041
2014/2/25,-0.001,0.0015
2014/2/26,0.0012,-0.0009
2014/2/27,0.0054,0.0007
2014/2/28,0.0015,-0.003
2014/3/3,-0.007,-0.0005
2014/3/4,0.0167,0.0081
2014/3/5,0.0001,0.0033
2014/3/6,0.0016,-0.0052
2014/3/7,0.0004,-0.0021
2014/3/10,-0.0009,-0.0001
2014/3/11,-0.0062,-0.0009
2014/3/12,0.0013,-0.0005
2014/3/13,-0.0121,-0.0033
2014/3/14,-0.0016,-0.0015
2014/3/17,0.009,0.0026
2014/3/18,0.0082,0.0051
2014/3/19,-0.0059,-0.0013
2014/3/20,0.0052,-0.0018
2014/3/21,-0.0037,-0.0114
2014/3/24,-0.0064,-0.0103
2014/3/25,0.003,-0.0026
2014/3/26,-0.0089,-0.0085
2014/3/27,-0.0019,-0.0046
2014/3/28,0.0041,-0.0045
2014/3/31,0.0097,0.007
2014/4/1,0.0087,0.0098
2014/4/2,0.0029,-0.0011
2014/4/3,-0.0031,-0.0106
2014/4/4,-0.0147,-0.0169
2014/4/7,-0.0126,-0.0105
2014/4/8,0.005,-0.0011
2014/4/9,0.012,0.0139
2014/4/10,-0.0224,-0.0188
2014/4/11,-0.0107,-0.0053
2014/4/14,0.007,-0.0019
2014/4/15,0.0059,0.0001
2014/4/16,0.0113,0.0097
2014/4/17,0.0023,0.0027
2014/4/21,0.0036,0.0018
2014/4/22,0.0058,0.0072
2014/4/23,-0.0031,-0.0032
2014/4/24,0.0008,-0.0053
2014/4/25,-0.0105,-0.0129
2014/4/28,0.0011,-0.0114
2014/4/29,0.0056,0.0071
2014/4/30,0.0035,0.0055
2014/5/1,0.0004,0.0009
2014/5/2,-0.0007,0.0012
2014/5/5,0.0013,0.0042
2014/5/6,-0.0103,-0.0041
2014/5/7,0.0045,-0.0017
2014/5/8,-0.0026,-0.0062
2014/5/9,0.0025,-0.0018
2014/5/12,0.012,0.009
2014/5/13,-0.0005,-0.0016
2014/5/14,-0.006,-0.0042
2014/5/15,-0.009,-0.0028
2014/5/16,0.0036,-0.0018
2014/5/19,0.005,0.007
2014/5/20,-0.0078,0.0009
2014/5/21,0.0081,0.0042
2014/5/22,0.0036,0.0006
2014/5/23,0.0049,0.0042
2014/5/27,0.0069,0.0049
2014/5/28,-0.0011,0.0019
2014/5/29,0.0054,0.0027
2014/5/30,0.0006,-0.0002
2014/6/2,0.0006,0.0024
2014/6/3,-0.0005,0.0018
2014/6/4,0.0028,0.0035
2014/6/5,0.0077,-0.0013
2014/6/6,0.0054,-0.0021
2014/6/9,0.0022,-0.0042
2014/6/10,-0.0003,-0.0014
2014/6/11,-0.0034,0.0023
2014/6/12,-0.0068,-0.0027
2014/6/13,0.0031,-0.0009
2014/6/16,0.0013,0.001
2014/6/17,0.0034,-0.0005
2014/6/18,0.0075,0.001
2014/6/19,0.0012,0.0012
2014/6/20,0.0018,0.0037
2014/6/23,-0.0001,-0.0015
2014/6/24,-0.0072,-0.0045
2014/6/25,0.0053,0.0039
2014/6/26,-0.0011,0.0022
2014/6/27,0.0026,-0.0016
2014/6/30,0.0007,0.0013
2014/7/1,0.0074,0.0022
2014/7/2,-0.0003,-0.0007
2014/7/3,0.0059,0.0004
2014/7/7,-0.0062,-0.0015
2014/7/8,-0.0082,-0.0024
2014/7/9,0.0046,0.0032
2014/7/10,-0.0049,0
2014/7/11,0.0012,0.0011
2014/7/14,0.0046,0.0041
2014/7/15,-0.0032,-0.0049
2014/7/16,0.0032,-0.0015
2014/7/17,-0.0121,-0.0054
2014/7/18,0.0112,0.0053
2014/7/21,-0.0025,0.0026
2014/7/22,0.0053,0.0028
2014/7/23,0.0019,-0.002
2014/7/24,0.0005,-0.0015
2014/7/25,-0.0053,-0.0023
2014/7/28,-0.0008,-0.0023
2014/7/29,-0.0033,-0.0023
2014/7/30,0.0012,-0.0013
2014/7/31,-0.0203,-0.0069
2014/8/1,-0.0032,0.003
2014/8/4,0.0074,0.0056
2014/8/5,-0.0084,-0.0032
2014/8/6,0.0002,-0.0056
2014/8/7,-0.0052,0.0009
2014/8/8,0.0113,0.0006
2014/8/11,0.004,0.0001
2014/8/12,-0.0023,-0.0005
2014/8/13,0.0069,0.008
2014/8/14,0.0044,-0.0032
2014/8/15,0,0.004
2014/8/18,0.0093,0.0013
2014/8/19,0.0049,-0.0003
2014/8/20,0.0019,0.0004
2014/8/21,0.0028,-0.004
2014/8/22,-0.001,0.0007
2014/8/25,0.005,0.0027
2014/8/26,0.0019,-0.0023
2014/8/27,0,0.0006
2014/8/28,-0.0019,0.0005
2014/8/29,0.0039,0.0007
2014/9/2,0.0006,0.0029
2014/9/3,-0.0014,-0.0015
2014/9/4,-0.0017,-0.0036
2014/9/5,0.0045,0.003
2014/9/8,-0.0022,0.0015
2014/9/9,-0.0072,0.0014
2014/9/10,0.0045,0
2014/9/11,0.0019,-0.0011
2014/9/12,-0.0055,-0.0039
2014/9/15,-0.0028,-0.0012
2014/9/16,0.007,0.0066
2014/9/17,0.0017,0.0009
2014/9/18,0.005,0.0006
2014/9/19,-0.0018,0.0005
2014/9/22,-0.0097,-0.0005
2014/9/23,-0.0062,0.0026
2014/9/24,0.0081,0.0017
2014/9/25,-0.0162,-0.0024
2014/9/26,0.0085,0.0057
2014/9/29,-0.0022,0.0013
2014/9/30,-0.004,-0.0016
2014/10/1,-0.0139,-0.0035
2014/10/2,0.0015,-0.0026
2014/10/3,0.0108,0.0051
2014/10/6,-0.0026,-0.0034
2014/10/7,-0.0156,0.001
2014/10/8,0.017,0.0028
2014/10/9,-0.0217,0.0004
2014/10/10,-0.013,-0.0038
2014/10/13,-0.0159,-0.0094
2014/10/14,0.0028,-0.0081
2014/10/15,-0.0053,-0.0072
2014/10/16,0.0023,-0.0028
2014/10/17,0.0114,0.0107
2014/10/20,0.0094,0.0005
2014/10/21,0.0198,0.0026
2014/10/22,-0.0085,0.0075
2014/10/23,0.0129,0.0008
2014/10/24,0.0066,0.0106
2014/10/27,-0.0017,0.0035
2014/10/28,0.0137,-0.0029
2014/10/29,-0.0018,0.0024
2014/10/30,0.006,-0.0001
2014/10/31,0.0123,-0.0002
2014/11/3,-0.0001,0.0034
2014/11/4,-0.0035,0.0052
2014/11/5,0.0048,-0.0021
2014/11/6,0.0049,0.0021
2014/11/7,0.0009,-0.009
2014/11/10,0.0033,0.0062
2014/11/11,0.001,-0.0034
2014/11/12,0.0007,-0.0021
2014/11/13,-0.0003,0.0039
2014/11/14,0.0006,-0.0077
2014/11/17,-0.0005,0.0058
2014/11/18,0.0051,0.0065
2014/11/19,-0.0021,-0.0006
2014/11/20,0.0031,-0.0072
2014/11/21,0.0048,-0.0037
2014/11/24,0.004,0.0012
2014/11/25,-0.0008,0.0049
2014/11/26,0.003,0.0097
2014/11/28,-0.0035,0.0121
2014/12/1,-0.009,0.0031
2014/12/2,0.0065,0.008
2014/12/3,0.0046,-0.002
2014/12/4,-0.0017,0.0092
2014/12/5,0.0025,0.0041
2014/12/8,-0.0082,0.0112
2014/12/9,0.0013,-0.004
2014/12/10,-0.0172,0.0066
2014/12/11,0.0049,0.002
2014/12/12,-0.0155,0.0005
2014/12/15,-0.0068,0.0016
2014/12/16,-0.008,-0.006
2014/12/17,0.0215,-0.0066
2014/12/18,0.0236,0.0026
2014/12/19,0.0043,-0.0102
2014/12/22,0.0037,0.0021
2014/12/23,0.0021,-0.0093
2014/12/24,0.0007,0.0074
2014/12/26,0.0039,0.0008
2014/12/29,0.0013,-0.0019
2014/12/30,-0.0048,-0.0008
2014/12/31,-0.0093,-0.0048
2015/1/2,-0.0011,-0.0009
2015/1/5,-0.0184,0.0119
2015/1/6,-0.0104,0.0048
2015/1/7,0.0119,0.0093
2015/1/8,0.0181,0.0012
2015/1/9,-0.0085,0.0004
2015/1/12,-0.0079,0.0092
2015/1/13,-0.0019,0.0033
2015/1/14,-0.006,0.0008
2015/1/15,-0.0108,0.0076
2015/1/16,0.0136,-0.0025
2015/1/20,0.0011,0.0073
2015/1/21,0.0042,-0.01
2015/1/22,0.0158,0.0032
2015/1/23,-0.0047,0.0011
2015/1/26,0.0043,-0.0084
2015/1/27,-0.0121,-0.0042
2015/1/28,-0.0139,0.0121
2015/1/29,0.0098,0.0063
2015/1/30,-0.013,-0.0265
2015/2/2,0.0125,-0.008
2015/2/3,0.0149,-0.0123
2015/2/4,-0.0035,0.0079
2015/2/5,0.011,-0.0072
2015/2/6,-0.002,-0.0082
2015/2/9,-0.0046,-0.0068
2015/2/10,0.0104,0.0123
2015/2/11,0.0003,0.0047
2015/2/12,0.01,-0.0044
2015/2/13,0.0047,-0.0135
2015/2/17,0.0017,0.0001
2015/2/18,0.0003,0.0065
2015/2/19,-0.0001,-0.0055
2015/2/20,0.0061,0.0057
2015/2/23,-0.0008,0.0095
2015/2/24,0.0032,-0.0003
2015/2/25,0.0002,-0.0101
2015/2/26,-0.0008,0.0035
2015/2/27,-0.0036,-0.0021
2015/3/2,0.0062,0.0036
2015/3/3,-0.0043,-0.004
2015/3/4,-0.0041,0.0004
2015/3/5,0.0015,-0.0002
2015/3/6,-0.0129,0.0012
2015/3/9,0.0037,0.0082
2015/3/10,-0.0163,0.0048
2015/3/11,-0.0004,-0.0003
2015/3/12,0.0128,0.0067
2015/3/13,-0.0057,0.0074
2015/3/16,0.0123,0.0064
2015/3/17,-0.002,0.0021
2015/3/18,0.0108,-0.0086
2015/3/19,-0.0036,0.0095
2015/3/20,0.0081,-0.0039
2015/3/23,-0.0019,-0.005
2015/3/24,-0.0051,-0.0031
2015/3/25,-0.0156,-0.0122
2015/3/26,-0.0022,-0.0001
2015/3/27,0.0032,0.0116
2015/3/30,0.0124,0.002
2015/3/31,-0.0075,-0.0023
2015/4/1,-0.0038,-0.0016
2015/4/2,0.0035,-0.0058
2015/4/6,0.0061,-0.0131
2015/4/7,-0.0022,-0.0029
2015/4/8,0.0037,0.0128
2015/4/9,0.0041,-0.0083
2015/4/10,0.0049,0.0033
2015/4/13,-0.0038,0.0005
2015/4/14,0.0011,-0.0119
2015/4/15,0.0057,-0.0175
2015/4/16,-0.0008,0.0058
2015/4/17,-0.0123,0.001
2015/4/20,0.0095,0.0029
2015/4/21,-0.001,0.013
2015/4/22,0.0046,-0.0016
2015/4/23,0.0029,-0.0027
2015/4/24,0.0017,0.0039
2015/4/27,-0.0054,-0.0127
2015/4/28,0.0027,-0.0076
2015/4/29,-0.0038,-0.0119
2015/4/30,-0.0111,-0.0116
2015/5/1,0.0101,0.0104
2015/5/4,0.0032,0.0023
2015/5/5,-0.0119,-0.0043
2015/5/6,-0.0031,0.0041
2015/5/7,0.0039,0.0088
2015/5/8,0.0121,0.0015
2015/5/11,-0.0039,0.0059
2015/5/12,-0.0027,-0.0035
2015/5/13,0.0001,-0.0009
2015/5/14,0.0101,0.0088
2015/5/15,0.0005,-0.0039
2015/5/18,0.0044,0.0074
2015/5/19,-0.0009,0.0088
2015/5/20,-0.0005,-0.0019
2015/5/21,0.0023,-0.0057
2015/5/22,-0.0022,0.0031
2015/5/26,-0.0101,0.0041
2015/5/27,0.0093,0.0082
2015/5/28,-0.0012,0.0024
2015/5/29,-0.0058,0.0014
2015/6/1,0.0017,0.0043
2015/6/2,-0.0002,-0.0088
2015/6/3,0.0039,0.0032
2015/6/4,-0.0088,0.0016
2015/6/5,0.0006,-0.0023
2015/6/8,-0.0066,-0.0003
2015/6/9,0.0002,-0.0003
2015/6/10,0.012,-0.001
2015/6/11,0.0021,0.0045
2015/6/12,-0.0063,0.001
2015/6/15,-0.0045,0.0031
2015/6/16,0.0057,0.0013
2015/6/17,0.0016,0.0016
2015/6/18,0.0099,0.0084
2015/6/19,-0.0043,0.004
2015/6/22,0.0063,0.0018
2015/6/23,0.0012,-0.0027
2015/6/24,-0.0079,0.0001
2015/6/25,-0.0025,0.0091
2015/6/26,-0.0006,0.0001
2015/6/29,-0.0215,0.0029
2015/6/30,0.0034,0.0069
2015/7/1,0.006,0.0164
2015/7/2,-0.0011,-0.0033
2015/7/6,-0.0037,0.0143
2015/7/7,0.0053,-0.004
2015/7/8,-0.0168,0.0058
2015/7/9,0.0029,0.0002
2015/7/10,0.0124,0.0114
2015/7/13,0.0114,0
2015/7/14,0.0047,-0.0029
2015/7/15,-0.0019,0.0135
2015/7/16,0.0078,0.0076
2015/7/17,0.0005,-0.0004
2015/7/20,-0.0001,0.014
2015/7/21,-0.0047,-0.0038
2015/7/22,-0.0018,0.0111
2015/7/23,-0.006,-0.0014
2015/7/24,-0.0108,0.0105
2015/7/27,-0.0074,0.0023
2015/7/28,0.0123,-0.009
2015/7/29,0.0074,-0.0102
2015/7/30,0.0012,0.0024
2015/7/31,-0.0015,0.0123
2015/8/3,-0.0035,0.0103
2015/8/4,-0.0014,0.0027
2015/8/5,0.0036,0.0087
2015/8/6,-0.0088,-0.022
2015/8/7,-0.0036,0.0112
2015/8/10,0.0132,-0.021
2015/8/11,-0.0098,0.0013
2015/8/12,0.0007,-0.0103
2015/8/13,-0.0014,0.0138
2015/8/14,0.0043,0.0021
2015/8/17,0.006,0.0073
2015/8/18,-0.0035,0.0021
2015/8/19,-0.0085,0.0124
2015/8/20,-0.0224,-0.004
2015/8/21,-0.0295,-0.0012
2015/8/24,-0.039,0.0001
2015/8/25,-0.0117,0.0091
2015/8/26,0.0368,0.0047
2015/8/27,0.024,-0.0213
2015/8/28,0.0023,-0.0163
2015/8/31,-0.0074,-0.0182
2015/9/1,-0.0291,0.0087
2015/9/2,0.0181,0.0105
2015/9/3,0.0017,-0.0073
2015/9/4,-0.0139,0.0072
2015/9/8,0.0252,0.0091
2015/9/9,-0.0134,0.0031
2015/9/10,0.0049,0.003
2015/9/11,0.0044,0.0125
2015/9/14,-0.0041,0.0048
2015/9/15,0.0122,-0.0038
2015/9/16,0.0084,-0.0176
2015/9/17,-0.0017,0.0109
2015/9/18,-0.0162,0.013
2015/9/21,0.0036,-0.0011
2015/9/22,-0.0129,0.0039
2015/9/23,-0.0027,0.02
2015/9/24,-0.0036,-0.0056
2015/9/25,-0.0022,-0.0054
2015/9/28,-0.0263,-0.0028
2015/9/29,-0.0007,-0.004
2015/9/30,0.0188,0.0039
2015/10/1,0.0013,0.0064
2015/10/2,0.0148,-0.0222
2015/10/5,0.0193,-0.0204
2015/10/6,-0.0043,-0.0315
2015/10/7,0.0094,-0.0036
2015/10/8,0.0084,-0.0159
2015/10/9,0.0012,0.0041
2015/10/12,0.0006,0.0188
2015/10/13,-0.0074,-0.0022
2015/10/14,-0.006,-0.0074
2015/10/15,0.0156,0.0064
2015/10/16,0.0036,0.008
2015/10/19,0,0.0134
2015/10/20,-0.0015,-0.0106
2015/10/21,-0.0074,0.0043
2015/10/22,0.015,-0.0076
2015/10/23,0.0109,0.01
2015/10/26,-0.002,0.0175
2015/10/27,-0.0042,0.0173
2015/10/28,0.0143,-0.007
2015/10/29,-0.002,-0.0049
2015/10/30,-0.0041,-0.0105
2015/11/2,0.0125,-0.0103
2015/11/3,0.0032,-0.0157
2015/11/4,-0.0026,0.0071
2015/11/5,-0.0008,0.0107
2015/11/6,0.0014,0.0035
2015/11/9,-0.0095,0.0029
2015/11/10,0.0013,0.0092
2015/11/11,-0.0043,0.0142
2015/11/12,-0.0145,0.0068
2015/11/13,-0.0106,-0.0067
2015/11/16,0.0139,-0.0104
2015/11/17,-0.0011,0.0089
2015/11/18,0.0161,-0.0056
2015/11/19,-0.0013,0.0023
2015/11/20,0.0035,0.009
2015/11/23,-0.0001,0.0003
2015/11/24,0.0021,-0.0134
2015/11/25,0.0009,-0.0005
2015/11/27,0.0009,0.0078
2015/11/30,-0.0047,-0.0067
2015/12/1,0.0097,0.0048
2015/12/2,-0.0101,0.0096
2015/12/3,-0.015,-0.0005
2015/12/4,0.0187,0.0197
2015/12/7,-0.0084,0.0069
2015/12/8,-0.0059,0.0108
2015/12/9,-0.0083,-0.0147
2015/12/10,0.003,-0.0055
2015/12/11,-0.0203,0.0044
2015/12/14,0.0029,0.0144
2015/12/15,0.011,0.0002
2015/12/16,0.0147,-0.0018
2015/12/17,-0.0146,0.007
2015/12/18,-0.017,-0.0077
2015/12/21,0.0074,-0.0003
2015/12/22,0.0089,-0.011
2015/12/23,0.013,-0.0192
2015/12/24,-0.0011,0.0008
2015/12/28,-0.0029,0.0142
2015/12/29,0.0105,0.0023
2015/12/30,-0.0074,0.0052
2015/12/31,-0.0092,-0.0097
2016/1/4,-0.0159,-0.0193
2016/1/5,0.0012,0.0064
2016/1/6,-0.0135,0.0191
2016/1/7,-0.0244,0.0089
2016/1/8,-0.0111,-0.0011
2016/1/11,-0.0006,0.0168
2016/1/12,0.0071,0.0103
2016/1/13,-0.0267,0.0012
2016/1/14,0.0165,-0.0058
2016/1/15,-0.0214,0.0037
2016/1/19,-0.002,0.016
2016/1/20,-0.0094,-0.0001
2016/1/21,0.0045,-0.0272
2016/1/22,0.0208,-0.0018
2016/1/25,-0.0171,0.0162
2016/1/26,0.0152,-0.0194
2016/1/27,-0.0111,-0.0045
2016/1/28,0.0049,0.0042
2016/1/29,0.0257,-0.0122
2016/2/1,-0.0004,0.0036
2016/2/2,-0.02,0.0126
2016/2/3,0.0046,-0.0242
2016/2/4,0.0027,-0.0214
2016/2/5,-0.0206,-0.0079
2016/2/8,-0.0151,0.0121
2016/2/9,-0.001,0.0184
2016/2/10,0.0001,0.0077
2016/2/11,-0.0117,0.0056
2016/2/12,0.0198,-0.0127
2016/2/16,0.0178,-0.0137
2016/2/17,0.0175,-0.0239
2016/2/18,-0.0051,0.0008
2016/2/19,0.0006,0.015
2016/2/22,0.0143,-0.017
2016/2/23,-0.0122,0.015
2016/2/24,0.0053,-0.0017
2016/2/25,0.011,0.0051
2016/2/26,-0.0001,-0.0206
2016/2/29,-0.0069,-0.0083
2016/3/1,0.0234,-0.0016
2016/3/2,0.0054,-0.0265
2016/3/3,0.0051,-0.0199
2016/3/4,0.0037,-0.0104
2016/3/7,0.0021,-0.0242
2016/3/8,-0.0127,0.0363
2016/3/9,0.005,-0.0016
2016/3/10,-0.0011,0.0061
2016/3/11,0.0169,-0.0196
2016/3/14,-0.0012,-0.0008
2016/3/15,-0.0036,0.0222
2016/3/16,0.0063,-0.0119
2016/3/17,0.0072,-0.0092
2016/3/18,0.0054,-0.0081
2016/3/21,0.001,-0.0016
2016/3/22,-0.0005,-0.0009
2016/3/23,-0.0086,0.0321
2016/3/24,0,-0.0053
2016/3/28,0.0004,0.0085
2016/3/29,0.0107,-0.0017
2016/3/30,0.0041,0.0006
2016/3/31,-0.0011,-0.0113
2016/4/1,0.0064,0.0116
2016/4/4,-0.0041,0.0052
2016/4/5,-0.0094,0.0018
2016/4/6,0.0114,-0.0144
2016/4/7,-0.0123,0.0028
2016/4/8,0.0029,-0.0067
2016/4/11,-0.0028,0.0006
2016/4/12,0.0099,-0.014
2016/4/13,0.0123,-0.0136
2016/4/14,0.0003,-0.0013
2016/4/15,-0.0004,0.0045
2016/4/18,0.0065,-0.0033
2016/4/19,0.0029,-0.0068
2016/4/20,0.0015,-0.0105
2016/4/21,-0.0047,-0.0104
2016/4/22,0.0012,-0.0126
2016/4/25,-0.0024,0.0157
2016/4/26,0.0029,-0.0085
2016/4/27,0.0021,-0.0065
2016/4/28,-0.0096,0.0073
2016/4/29,-0.005,0.007
2016/5/2,0.0078,0.01
2016/5/3,-0.0105,0.0161
2016/5/4,-0.0066,0.0132
2016/5/5,-0.0008,0.0027
2016/5/6,0.0038,0.0033
2016/5/9,0.0005,0.0097
2016/5/10,0.0126,-0.0065
2016/5/11,-0.0089,0.0041
2016/5/12,-0.0011,0.0132
2016/5/13,-0.0082,0.0006
2016/5/16,0.0099,-0.0077
2016/5/17,-0.0095,-0.0158
2016/5/18,0.001,0.0035
2016/5/19,-0.0033,0.0031
2016/5/20,0.0075,-0.0123
2016/5/23,-0.0018,-0.0022
2016/5/24,0.0143,0.0007
2016/5/25,0.0072,-0.0154
2016/5/26,-0.0004,0.0043
2016/5/27,0.0049,-0.0023
2016/5/31,-0.0001,-0.0062
2016/6/1,0.002,-0.0013
2016/6/2,0.0035,-0.0065
2016/6/3,-0.0038,0.0062
2016/6/6,0.006,-0.0137
2016/6/7,0.0012,0
2016/6/8,0.0037,0.0055
2016/6/9,-0.0027,0.0118
2016/6/10,-0.0105,0.0156
2016/6/13,-0.0084,0.0024
2016/6/14,-0.0019,0.0058
2016/6/15,-0.0011,-0.005
2016/6/16,0.0024,0.0048
2016/6/17,-0.003,-0.01
2016/6/20,0.0071,-0.0032
2016/6/21,0.0021,0.0054
2016/6/22,-0.002,0.0016
2016/6/23,0.0145,-0.0109
2016/6/24,-0.037,0.0201
2016/6/27,-0.0207,0.0281
2016/6/28,0.0176,-0.0153
2016/6/29,0.018,-0.007
2016/6/30,0.0142,0.0071
2016/7/1,0.0024,-0.0103
2016/7/5,-0.0085,0.0188
2016/7/6,0.0062,-0.0042
2016/7/7,0.0002,-0.0057
2016/7/8,0.016,-0.0062
2016/7/11,0.0043,-0.0011
2016/7/12,0.0075,-0.0151
2016/7/13,-0.0005,0.0087
2016/7/14,0.0051,-0.006
2016/7/15,-0.0005,-0.0011
2016/7/18,0.0025,-0.0068
2016/7/19,-0.0022,0.0065
2016/7/20,0.0048,-0.0082
2016/7/21,-0.0038,-0.0034
2016/7/22,0.0048,0.003
2016/7/25,-0.0027,-0.0008
2016/7/26,0.0013,-0.0024
2016/7/27,-0.0014,-0.0092
2016/7/28,0.0018,0.0024
2016/7/29,0.0017,0.0015
2016/8/1,-0.0016,-0.0005
2016/8/2,-0.007,0.0048
2016/8/3,0.0045,-0.0163
2016/8/4,0.0005,0.0057
2016/8/5,0.0093,-0.0126
2016/8/8,-0.0006,-0.0046
2016/8/9,0.0005,0.0043
2016/8/10,-0.0029,0.0084
2016/8/11,0.0054,-0.0071
2016/8/12,-0.0006,-0.0025
2016/8/15,0.0039,-0.0106
2016/8/16,-0.0057,-0.0035
2016/8/17,0.0012,0.0039
2016/8/18,0.0032,0.0002
2016/8/19,-0.0011,-0.0022
2016/8/22,-0.0002,0.0016
2016/8/23,0.0027,-0.0039
2016/8/24,-0.0056,0.0047
2016/8/25,-0.0008,0.0045
2016/8/26,-0.0015,-0.0045
2016/8/29,0.0053,-0.001
2016/8/30,-0.0014,-0.0042
2016/8/31,-0.0024,0.0023
2016/9/1,0.0003,0.0063
2016/9/2,0.0053,0.0003
2016/9/6,0.0026,-0.0016
2016/9/7,0.0009,-0.0064
2016/9/8,-0.0018,-0.0067
2016/9/9,-0.0247,-0.0017
2016/9/12,0.0144,-0.0024
2016/9/13,-0.0148,0.0019
2016/9/14,-0.0008,0.0035
2016/9/15,0.0107,0.001
2016/9/16,-0.0036,0.0011
2016/9/19,0.0005,0.0005
2016/9/20,-0.0002,0.0002
2016/9/21,0.0112,0.0061
2016/9/22,0.007,-0.002
2016/9/23,-0.006,-0.0034
2016/9/26,-0.0088,0.0045
2016/9/27,0.0064,0.0004
2016/9/28,0.0056,0.0025
2016/9/29,-0.0098,0.0041
2016/9/30,0.0088,-0.0032
2016/10/3,-0.0026,-0.0008
2016/10/4,-0.0046,-0.0055
2016/10/5,0.0058,-0.0078
2016/10/6,-0.0006,0.0079
2016/10/7,-0.0038,0.0019
2016/10/10,0.0052,0.0003
2016/10/11,-0.013,0.0005
2016/10/12,0.0006,0.0058
2016/10/13,-0.0042,0.0011
2016/10/14,0.0001,0.0035
2016/10/17,-0.0029,0.0052
2016/10/18,0.006,-0.0029
2016/10/19,0.0025,-0.0036
2016/10/20,-0.0016,-0.0041
2016/10/21,0.0002,-0.0025
2016/10/24,0.0054,0.0044
2016/10/25,-0.0046,0.0005
2016/10/26,-0.0023,-0.0077
2016/10/27,-0.0033,-0.002
2016/10/28,-0.0029,0.0053
2016/10/31,0.0002,0.0083
2016/11/1,-0.0068,-0.0026
2016/11/2,-0.0073,0.0019
2016/11/3,-0.004,0.0086
2016/11/4,-0.0012,-0.0059
2016/11/7,0.0223,-0.0024
2016/11/8,0.004,0.0059
2016/11/9,0.0146,-0.0205
2016/11/10,0.0032,-0.0192
2016/11/11,0.0018,-0.002
2016/11/14,0.0021,-0.0151
2016/11/15,0.008,0.0074
2016/11/16,-0.0012,0.0077
2016/11/17,0.0056,-0.0007
2016/11/18,-0.0016,0.0019
2016/11/21,0.0077,0.0039
2016/11/22,0.0031,0.005
2016/11/23,0.0016,-0.0045
2016/11/25,0.004,0.0005
2016/11/28,-0.0064,0.0064
2016/11/29,0.0011,0.0034
2016/11/30,-0.0025,-0.0074
2016/12/1,-0.0036,-0.0045
2016/12/2,0,0.0044
2016/12/5,0.0075,-0.0024
2016/12/6,0.0048,-0.0047
2016/12/7,0.0126,0.0016
2016/12/8,0.0036,-0.0038
2016/12/9,0.0046,-0.0073
2016/12/12,-0.003,0.0015
2016/12/13,0.006,-0.0014
2016/12/14,-0.0082,0.0005
2016/12/15,0.0046,0.0026
2016/12/16,-0.0022,-0.0079
2016/12/19,0.0022,0.0013
2016/12/20,0.0044,0.0045
2016/12/21,-0.0024,0.003
2016/12/22,-0.003,0.0028
2016/12/23,0.0019,-0.0041
2016/12/27,0.0027,0.0028
2016/12/28,-0.0087,-0.0015
2016/12/29,-0.0004,0.0008
2016/12/30,-0.0052,-0.0029
2017/1/3,0.0083,-0.0061
2017/1/4,0.0079,-0.0039
2017/1/5,-0.0021,-0.0066
2017/1/6,0.0029,-0.0021
2017/1/9,-0.0037,-0.0039
2017/1/10,0.0016,0.007
2017/1/11,0.0031,0.0076
2017/1/12,-0.003,-0.0053
2017/1/13,0.0029,0.0016
2017/1/17,-0.0049,-0.009
2017/1/18,0.0024,0.0051
2017/1/19,-0.0038,0.0035
2017/1/20,0.0033,0.0019
2017/1/23,-0.0029,0.0009
2017/1/24,0.0083,0.0115
2017/1/25,0.0084,0.0049
2017/1/26,-0.001,0.0053
2017/1/27,-0.0012,0.0002
2017/1/30,-0.0068,-0.0069
2017/1/31,0,-0.0067
2017/2/1,0.0004,0.0043
2017/2/2,-0.0002,-0.0053
2017/2/3,0.0082,0.0083
2017/2/6,-0.0027,-0.0027
2017/2/7,-0.0001,-0.0026
2017/2/8,0.0006,-0.0061
2017/2/9,0.0072,0.0047
2017/2/10,0.0038,-0.0034
2017/2/13,0.0049,0.0025
2017/2/14,0.0045,0.001
2017/2/15,0.0054,-0.0026
2017/2/16,-0.0016,-0.0008
2017/2/17,0.002,-0.004
2017/2/21,0.006,0.001
2017/2/22,-0.0015,-0.0003
2017/2/23,-0.0011,-0.0059
2017/2/24,0.0015,-0.006
2017/2/27,0.0022,0.0018
2017/2/28,-0.0042,0.0006
2017/3/1,0.0147,0.0126
2017/3/2,-0.007,-0.0108
2017/3/3,0.0009,0.0062
2017/3/6,-0.0038,0.0009
2017/3/7,-0.0036,0.0014
2017/3/8,-0.0019,-0.007
2017/3/9,0.0004,-0.0016
2017/3/10,0.0034,-0.0021
2017/3/13,0.0013,0.0052
2017/3/14,-0.0036,-0.0014
2017/3/15,0.0086,-0.0006
2017/3/16,-0.0006,-0.0014
2017/3/17,-0.0008,0.0012
2017/3/20,-0.0025,0.0003
2017/3/21,-0.0148,-0.0172
2017/3/22,0.0016,0.0022
2017/3/23,-0.0003,0.0014
2017/3/24,-0.0005,0.0009
2017/3/27,-0.0005,-0.0034
2017/3/28,0.0072,0.0039
2017/3/29,0.0018,-0.0047
2017/3/30,0.0036,0.0071
2017/3/31,-0.0016,-0.0003
2017/4/3,-0.0028,0.0003
2017/4/4,0.0005,0.0039
2017/4/5,-0.0044,-0.0046
2017/4/6,0.0032,0.0004
2017/4/7,-0.0008,-0.0001
2017/4/10,0.0008,-0.009
2017/4/11,-0.0005,0.0018
2017/4/12,-0.0049,-0.006
2017/4/13,-0.0075,-0.0028
2017/4/17,0.0089,0.0051
2017/4/18,-0.0025,-0.0002
2017/4/19,-0.0008,0.0017
2017/4/20,0.0083,0.0043
2017/4/21,-0.0028,0.0018
2017/4/24,0.0118,0.0095
2017/4/25,0.0066,0.0013
2017/4/26,0.0004,-0.0029
2017/4/27,0.0005,0.0023
2017/4/28,-0.003,-0.001
2017/5/1,0.0021,0.0094
2017/5/2,0.0003,-0.0057
2017/5/3,-0.0019,0.0001
2017/5/4,0.0002,-0.0003
2017/5/5,0.0046,-0.0029
2017/5/8,-0.0004,0.0013
2017/5/9,-0.0005,-0.0004
2017/5/10,0.0021,0.0007
2017/5/11,-0.0026,0.0007
2017/5/12,-0.0018,0.0033
2017/5/15,0.0053,0.0008
2017/5/16,-0.0003,0.0084
2017/5/17,-0.0197,-0.0154
2017/5/18,0.004,0.0064
2017/5/19,0.007,-0.0019
2017/5/22,0.0056,0.0034
2017/5/23,0.0018,0.0049
2017/5/24,0.0024,0.0012
2017/5/25,0.0042,0.0058
2017/5/26,0.0006,0.0019
2017/5/30,-0.0019,0.0007
2017/5/31,-0.0002,-0.0003
2017/6/1,0.0095,-0.0048
2017/6/2,0.0035,0.0062
2017/6/5,-0.0017,0.0005
2017/6/6,-0.0028,-0.0003
2017/6/7,0.0015,0.0136
2017/6/8,0.0018,0.0093
2017/6/9,-0.0012,-0.0156
2017/6/12,-0.0011,-0.0117
2017/6/13,0.0055,0.0052
2017/6/14,-0.0017,-0.0023
2017/6/15,-0.003,0.0027
2017/6/16,-0.0003,0.0013
2017/6/19,0.0086,0.0076
2017/6/20,-0.0073,0.0016
2017/6/21,-0.0007,0.0058
2017/6/22,0.0002,-0.0057
2017/6/23,0.0024,-0.0009
2017/6/26,0.0004,-0.0061
2017/6/27,-0.0085,-0.0031
2017/6/28,0.0102,0.0093
2017/6/29,-0.0083,-0.0051
2017/6/30,0.0014,-0.0033
2017/7/3,0.0024,-0.0065
2017/7/5,0.0012,0.0143
2017/7/6,-0.0095,0.0076
2017/7/7,0.007,0.0088
2017/7/10,0.0005,0.0036
2017/7/11,0,0
2017/7/12,0.0072,0.0029
2017/7/13,0.0017,-0.0042
2017/7/14,0.0042,-0.0014
2017/7/17,0,-0.0017
2017/7/18,0.0004,0.0046
2017/7/19,0.0059,-0.0037
2017/7/20,-0.0001,-0.0007
2017/7/21,-0.0008,0.0031
2017/7/24,-0.0003,0.0099
2017/7/25,0.0038,-0.0068
2017/7/26,-0.0006,-0.0019
2017/7/27,-0.0014,-0.0103
2017/7/28,-0.0017,0.0017
2017/7/31,-0.0011,-0.0005
2017/8/1,0.0024,0.0066
2017/8/2,-0.0008,0.0065
2017/8/3,-0.0021,0.0031
2017/8/4,0.0025,0.0007
2017/8/7,0.0016,0.0047
2017/8/8,-0.0024,0.0062
2017/8/9,-0.0014,-0.0024
2017/8/10,-0.0149,-0.005
2017/8/11,0.002,0.0003
2017/8/14,0.0103,0.0114
2017/8/15,-0.0011,0.006
2017/8/16,0.0018,-0.0004
2017/8/17,-0.0159,-0.0056
2017/8/18,-0.0015,0.0019
2017/8/21,0.0006,0.0009
2017/8/22,0.0106,0.0055
2017/8/23,-0.0032,-0.0024
2017/8/24,-0.0014,0.0001
2017/8/25,0.0018,-0.0044
2017/8/28,0.0008,0.0038
2017/8/29,0.001,0.0024
2017/8/30,0.0053,0.0056
2017/8/31,0.0062,-0.0001
2017/9/1,0.0027,-0.0038
2017/9/5,-0.0081,-0.0071
2017/9/6,0.0028,-0.0078
2017/9/7,-0.0007,0.0003
2017/9/8,-0.0016,0.0045
2017/9/11,0.0108,0.0028
2017/9/12,0.0043,-0.0054
2017/9/13,0.0011,-0.0055
2017/9/14,-0.0012,0.0003
2017/9/15,0.0019,-0.0013
2017/9/18,0.0024,0.0049
2017/9/19,0.0015,0.0081
2017/9/20,0.0016,-0.003
2017/9/21,-0.0028,0.001
2017/9/22,0.0012,-0.004
2017/9/25,-0.0025,-0.0142
2017/9/26,0.0005,-0.0003
2017/9/27,0.0063,0.0084
2017/9/28,0.0013,0.0052
2017/9/29,0.0035,0.0038
2017/10/2,0.005,-0.0003
2017/10/3,0.0026,0.0005
2017/10/4,0.0005,0.002
2017/10/5,0.0055,-0.0004
2017/10/6,-0.0008,0.0066
2017/10/9,-0.0022,0.0059
2017/10/10,0.0024,0
2017/10/11,0.0016,0.0038
2017/10/12,-0.0018,0.0068
2017/10/13,0.0004,-0.0006
2017/10/16,0.0017,0.0032
2017/10/17,0.0001,-0.0022
2017/10/18,0.0014,0.0027
2017/10/19,0.0002,-0.0023
2017/10/20,0.0057,0.0016
2017/10/23,-0.0045,0.0039
2017/10/24,0.002,0.0069
2017/10/25,-0.0051,-0.001
2017/10/26,0.002,0.0031
2017/10/27,0.0082,0.01
2017/10/30,-0.0046,-0.0017
2017/10/31,0.0023,0.0041
2017/11/1,0.0005,-0.0054
2017/11/2,0.0006,0.0085
2017/11/3,0.0031,0.0053
2017/11/6,0.0006,-0.0052
2017/11/7,-0.002,-0.0027
2017/11/8,0.0012,-0.0001
2017/11/9,-0.0041,-0.0088
2017/11/10,0.0001,-0.0005
2017/11/13,0.0009,0.0084
2017/11/14,-0.0022,0.0093
2017/11/15,-0.0052,-0.0009
2017/11/16,0.0101,0.0022
2017/11/17,-0.0014,-0.0129
2017/11/20,0.0021,0.0052
2017/11/21,0.0067,0.0091
2017/11/22,-0.0005,-0.0093
2017/11/24,0.0021,0.0052
2017/11/27,-0.0006,0.002
2017/11/28,0.0106,-0.0045
2017/11/29,0.0002,-0.0229
2017/11/30,0.0082,0.0046
2017/12/1,-0.0022,-0.005
2017/12/4,-0.001,-0.0192
2017/12/5,-0.0043,0.0093
2017/12/6,-0.0009,0.0087
2017/12/7,0.0042,0.0067
2017/12/8,0.0051,-0.0049
2017/12/11,0.0026,-0.0031
2017/12/12,0.0007,-0.0061
2017/12/13,0.0002,0.0059
2017/12/14,-0.0047,0.0049
2017/12/15,0.0092,0.0033
2017/12/18,0.0067,-0.0016
2017/12/19,-0.003,-0.0007
2017/12/20,0.0001,-0.0029
2017/12/21,0.0024,-0.0079
2017/12/22,-0.0007,0.0011
2017/12/26,-0.0007,-0.0043
2017/12/27,0.0005,0.0059
2017/12/28,0.0022,-0.0008
2017/12/29,-0.0057,-0.0021
2018/1/2,0.0085,-0.007
2018/1/3,0.0059,0.0017
2018/1/4,0.0042,-0.003
2018/1/5,0.0066,0.0062
2018/1/8,0.0019,0.0014
2018/1/9,0.0015,0.0047
2018/1/10,-0.0007,-0.0023
2018/1/11,0.0087,-0.0033
2018/1/12,0.0066,0.0003
2018/1/16,-0.0049,-0.0018
2018/1/17,0.0095,0.0101
2018/1/18,-0.0018,0.0042
2018/1/19,0.0057,0.0057
2018/1/22,0.0077,-0.004
2018/1/23,0.0022,0.0002
2018/1/24,-0.0013,-0.0015
2018/1/25,0.0007,0.0061
2018/1/26,0.0111,0.0059
2018/1/29,-0.0062,-0.001
2018/1/30,-0.0106,0.0035
2018/1/31,-0.0007,0.0032
2018/2/1,0.0003,-0.0022
2018/2/2,-0.0213,0.0015
2018/2/5,-0.0403,-0.0018
2018/2/6,0.0167,0.0075
2018/2/7,-0.0037,0.0019
2018/2/8,-0.0368,-0.0114
2018/2/9,0.0136,0.0064
2018/2/12,0.0136,0.0052
2018/2/13,0.0031,0.0065
2018/2/14,0.0152,0.0016
2018/2/15,0.0121,0.0035
2018/2/16,0.0003,-0.0016
2018/2/20,-0.0062,0.0034
2018/2/21,-0.0043,0.0079
2018/2/22,0.0001,0.0016
2018/2/23,0.0154,0.0008
2018/2/26,0.0112,0.0011
2018/2/27,-0.0125,0.0028
2018/2/28,-0.011,0.0056
2018/3/1,-0.0118,-0.008
2018/3/2,0.007,-0.0017
2018/3/5,0.0106,-0.0046
2018/3/6,0.0036,0.0036
2018/3/7,0.0005,0.008
2018/3/8,0.0037,-0.0012
2018/3/9,0.017,0.006
2018/3/12,-0.0009,-0.0052
2018/3/13,-0.0067,-0.0011
2018/3/14,-0.0053,0.0033
2018/3/15,-0.0018,0.0032
2018/3/16,0.0025,-0.0046
2018/3/19,-0.0138,0.0046
2018/3/20,0.0015,0.0139
2018/3/21,-0.0006,-0.0034
2018/3/22,-0.0254,-0.0094
2018/3/23,-0.0209,-0.0036
2018/3/26,0.0267,0.0132
2018/3/27,-0.0187,-0.0177
2018/3/28,-0.0035,-0.0113
2018/3/29,0.0141,0.0059
2018/4/2,-0.0229,-0.0009
2018/4/3,0.0124,-0.0014
2018/4/4,0.0117,0.0013
2018/4/5,0.0075,-0.0039
2018/4/6,-0.0219,-0.0055
2018/4/9,0.003,0.0058
2018/4/10,0.0177,0.0038
2018/4/11,-0.0049,-0.0055
2018/4/12,0.0084,0.0124
2018/4/13,-0.0037,-0.0079
2018/4/16,0.0082,0
2018/4/17,0.0109,0.0106
2018/4/18,0.0013,0.0002
2018/4/19,-0.0049,0.0069
2018/4/20,-0.0081,0.0003
2018/4/23,-0.0005,-0.0035
2018/4/24,-0.013,-0.0107
2018/4/25,0.001,-0.0056
2018/4/26,0.0096,0.0092
2018/4/27,0.0001,0.0031
2018/4/30,-0.008,0.0027
2018/5/1,0.0024,0.0035
2018/5/2,-0.0063,0.004
2018/5/3,-0.0025,0.0085
2018/5/4,0.013,-0.0043
2018/5/7,0.0042,0.0027
2018/5/8,0.0007,0.0044
2018/5/9,0.0089,0.0029
2018/5/10,0.0084,-0.002
2018/5/11,0.0019,0.0018
2018/5/14,0.0005,-0.0039
2018/5/15,-0.0055,-0.0005
2018/5/16,0.0049,-0.0003
2018/5/17,0.0002,0.0019
2018/5/18,-0.0023,0.0062
2018/5/21,0.0072,0.0025
2018/5/22,-0.0042,-0.0021
2018/5/23,0.0029,0.0044
2018/5/24,-0.0016,0.0013
2018/5/25,-0.0021,-0.0055
2018/5/29,-0.0103,-0.0006
2018/5/30,0.0131,0.0025
2018/5/31,-0.007,0.0037
2018/6/1,0.0106,0.0058
2018/6/4,0.0048,0.0017
2018/6/5,0.0016,0.0029
2018/6/6,0.0086,0
2018/6/7,-0.0014,-0.0092
2018/6/8,0.0031,-0.0013
2018/6/11,0.0012,-0.0063
2018/6/12,0.0023,0.0014
2018/6/13,-0.0033,0.0023
2018/6/14,0.0027,-0.0026
2018/6/15,-0.0008,-0.009
2018/6/18,-0.0009,0.0072
2018/6/19,-0.0038,-0.0066
2018/6/20,0.0023,0.0031
2018/6/21,-0.0073,-0.0033
2018/6/22,0.0011,-0.0063
2018/6/25,-0.0148,-0.0114
2018/6/26,0.0027,0.0045
2018/6/27,-0.0102,-0.0029
2018/6/28,0.0058,0.0045
2018/6/29,0.0007,0.0001
2018/7/2,0.0036,0.0055
2018/7/3,-0.0044,-0.0065
2018/7/5,0.0087,-0.0032
2018/7/6,0.0087,0.0008
2018/7/9,0.0093,0.0046
2018/7/10,0.0021,-0.0018
2018/7/11,-0.0069,0.0001
2018/7/12,0.0086,0.0056
2018/7/13,0.0008,0.0021
2018/7/16,-0.0016,0.0039
2018/7/17,0.0048,0.0038
2018/7/18,0.0027,0.0039
2018/7/19,-0.0034,-0.001
2018/7/20,-0.001,0.0026
2018/7/23,0.0015,0.0038
2018/7/24,0.0022,-0.0036
2018/7/25,0.0083,0.0109
2018/7/26,-0.002,-0.0097
2018/7/27,-0.0082,-0.0135
2018/7/30,-0.007,-0.014
2018/7/31,0.0051,0.0005
2018/8/1,-0.0013,0.0103
2018/8/2,0.0067,0.0084
2018/8/3,0.0031,-0.0081
2018/8/6,0.0046,0.0039
2018/8/7,0.0029,0.0033
2018/8/8,-0.0004,0.0041
2018/8/9,-0.0005,0.0011
2018/8/10,-0.006,0.0071
2018/8/13,-0.0046,0
2018/8/14,0.0069,0.004
2018/8/15,-0.0091,-0.0107
2018/8/16,0.0086,-0.0035
2018/8/17,0.003,-0.0032
2018/8/20,0.0025,0.0012
2018/8/21,0.0033,0.0014
2018/8/22,0.0005,0.0096
2018/8/23,-0.0019,0.0063
2018/8/24,0.0062,0.0031
2018/8/27,0.0074,0.0003
2018/8/28,-0.0001,0.002
2018/8/29,0.0056,0.0044
2018/8/30,-0.0041,0.003
2018/8/31,0.0008,0.0031
2018/9/4,-0.0011,0.0073
2018/9/5,-0.0041,-0.0147
2018/9/6,-0.0044,0.0005
2018/9/7,-0.0018,-0.0023
2018/9/10,0.0023,-0.0004
2018/9/11,0.0037,0.0084
2018/9/12,0.0003,-0.0086
2018/9/13,0.0045,0.0016
2018/9/14,0.0012,-0.0012
2018/9/17,-0.0071,-0.0126
2018/9/18,0.0057,0.003
2018/9/19,0.0006,-0.0115
2018/9/20,0.0077,-0.002
2018/9/21,-0.0013,-0.0033
2018/9/24,-0.0031,0.0134
2018/9/25,-0.0005,0.0122
2018/9/26,-0.004,0.001
2018/9/27,0.0027,0.0021
2018/9/28,-0.0003,0.0029
2018/10/1,0.0016,-0.0014
2018/10/2,-0.0021,-0.0108
2018/10/3,0.002,0.0014
2018/10/4,-0.0093,-0.0082
2018/10/5,-0.0064,0.0008
2018/10/8,-0.0017,-0.0125
2018/10/9,-0.0018,0.0043
2018/10/10,-0.0333,-0.0154
2018/10/11,-0.0196,0.0042
2018/10/12,0.0138,0.0174
2018/10/15,-0.0048,-0.0097
2018/10/16,0.0224,0.0097
2018/10/17,-0.0008,-0.0018
2018/10/18,-0.0154,-0.0012
2018/10/19,-0.0025,-0.0057
2018/10/22,-0.0038,0.0129
2018/10/23,-0.0062,-0.0039
2018/10/24,-0.0333,-0.0039
2018/10/25,0.0193,0.0103
2018/10/26,-0.0165,-0.0012
2018/10/29,-0.0077,-0.0107
2018/10/30,0.0166,0.0007
2018/10/31,0.0122,0.0079
2018/11/1,0.0129,-0.0099
2018/11/2,-0.0053,-0.0005
2018/11/5,0.004,-0.0014
2018/11/6,0.0058,-0.001
2018/11/7,0.0211,0.0165
2018/11/8,-0.0028,0.0037
2018/11/9,-0.0104,0.0006
2018/11/12,-0.0206,-0.0023
2018/11/13,-0.0013,-0.0087
2018/11/14,-0.0077,-0.0064
2018/11/15,0.0118,0.0051
2018/11/16,0.0015,0.0009
2018/11/19,-0.0188,-0.01
2018/11/20,-0.0185,-0.0068
2018/11/21,0.0051,-0.0022
2018/11/23,-0.0055,0.0003
2018/11/26,0.0162,0.0009
2018/11/27,0.0011,0.0054
2018/11/28,0.0242,0.0102
2018/11/29,-0.0022,0.0026
2018/11/30,0.0078,-0.0023
2018/12/3,0.0113,0.002
2018/12/4,-0.0345,0.007
2018/12/6,-0.0016,0.0053
2018/12/7,-0.0236,-0.0053
2018/12/10,0.001,0.0078
2018/12/11,-0.0008,0.0073
2018/12/12,0.0068,-0.0007
2018/12/13,-0.0026,0.005
2018/12/14,-0.0189,-0.0052
2018/12/17,-0.0213,-0.0092
2018/12/18,-0.0003,0.0032
2018/12/19,-0.0158,0.0068
2018/12/20,-0.0162,-0.0046
2018/12/21,-0.0217,0.0044
2018/12/24,-0.0255,-0.0021
2018/12/26,0.0506,0.0001
2018/12/27,0.0078,0.0029
2018/12/28,-0.0003,0.0011
2018/12/31,0.009,0.0062
2019/1/2,0.0023,-0.0232
2019/1/3,-0.0245,-0.0073
2019/1/4,0.0355,-0.0104
2019/1/7,0.0094,-0.0081
2019/1/8,0.0101,0.0016
2019/1/9,0.0056,-0.0085
2019/1/10,0.0042,-0.003
2019/1/11,-0.0001,-0.0022
2019/1/14,-0.006,-0.0057
2019/1/15,0.0106,0.0113
2019/1/16,0.0028,-0.0075
2019/1/17,0.0075,-0.0021
2019/1/18,0.0129,-0.0084
2019/1/22,-0.0153,0.0099
2019/1/23,0.0015,0.0109
2019/1/24,0.0023,-0.0103
2019/1/25,0.009,-0.0133
2019/1/28,-0.008,-0.0009
2019/1/29,-0.0019,-0.0026
2019/1/30,0.0151,0.0005
2019/1/31,0.0092,0.0035
2019/2/1,0.0014,-0.0055
2019/2/4,0.0072,-0.002
2019/2/5,0.0043,0.0008
2019/2/6,-0.0022,-0.0029
2019/2/7,-0.0093,0.0073
2019/2/8,0.0009,0.0073
2019/2/11,0.0014,-0.0013
2019/2/12,0.0136,-0.0053
2019/2/13,0.0028,-0.0045
2019/2/14,-0.0021,0.0006
2019/2/15,0.0113,-0.0051
2019/2/19,0.0019,-0.0044
2019/2/20,0.0019,-0.0039
2019/2/21,-0.0037,0.0045
2019/2/22,0.0065,0.0024
2019/2/25,0.0015,-0.0068
2019/2/26,-0.0016,0.0023
2019/2/27,0.0009,0.0051
2019/2/28,-0.0031,0.007
2019/3/1,0.0072,-0.0026
2019/3/4,-0.0052,-0.0052
2019/3/5,-0.0017,0.0047
2019/3/6,-0.0084,0.0079
2019/3/7,-0.0082,0.0051
2019/3/8,-0.0022,0.0018
2019/3/11,0.0149,-0.0037
2019/3/12,0.0025,-0.0006
2019/3/13,0.0068,-0.0019
2019/3/14,-0.001,0.002
2019/3/15,0.0048,-0.0018
2019/3/18,0.0046,-0.0061
2019/3/19,-0.0009,0.0044
2019/3/20,-0.0039,0.005
2019/3/21,0.0111,0.0003
2019/3/22,-0.0217,0.0104
2019/3/25,-0.0005,0.0066
2019/3/26,0.0076,-0.0046
2019/3/27,-0.005,-0.004
2019/3/28,0.004,-0.0017
2019/3/29,0.0066,-0.0001
2019/4/1,0.0119,-0.0092
2019/4/2,-0.0005,0.0023
2019/4/3,0.0027,-0.0012
2019/4/4,0.0019,-0.013
2019/4/5,0.0052,-0.0068
2019/4/8,0.0008,-0.0018
2019/4/9,-0.0065,0.0096
2019/4/10,0.0048,-0.0016
2019/4/11,0,-0.0008
2019/4/12,0.0065,-0.0109
2019/4/15,-0.0009,0.0083
2019/4/16,0.0013,-0.0089
2019/4/17,-0.0032,-0.008
2019/4/18,0.0011,-0.0006
2019/4/22,0.0011,0.0021
2019/4/23,0.0097,0.0027
2019/4/24,-0.0023,0.0042
2019/4/25,-0.0014,0.0138
2019/4/26,0.0053,0.002
2019/4/29,0.0018,-0.0044
2019/4/30,-0.0004,0.0037
2019/5/1,-0.0083,0.0047
2019/5/2,-0.0016,0.0051
2019/5/3,0.0113,-0.0026
2019/5/6,-0.0039,0.0026
2019/5/7,-0.0169,0.004
2019/5/8,-0.0021,0.0017
2019/5/9,-0.0028,0.0061
2019/5/10,0.0035,0.0067
2019/5/13,-0.0267,0.01
2019/5/14,0.0093,-0.0059
2019/5/15,0.0058,0.0046
2019/5/16,0.0091,0.0042
2019/5/17,-0.0073,0.0049
2019/5/20,-0.0065,0.0034
2019/5/21,0.009,-0.0063
2019/5/22,-0.004,0.0137
2019/5/23,-0.0137,0.0122
2019/5/24,0.0023,0.0008
2019/5/28,-0.0078,0.0107
2019/5/29,-0.0071,-0.0041
2019/5/30,0.0014,0.0143
2019/5/31,-0.0137,0.0059
2019/6/3,-0.004,-0.0059
2019/6/4,0.0233,-0.0112
2019/6/5,0.007,0.0176
2019/6/6,0.0055,0.007
2019/6/7,0.0104,0.0036
2019/6/10,0.0053,-0.0033
2019/6/11,-0.0012,-0.0049
2019/6/12,-0.002,0.0144
2019/6/13,0.0052,-0.0146
2019/6/14,-0.0027,0.0094
2019/6/17,0.0015,-0.0026
2019/6/18,0.0104,-0.0095
2019/6/19,0.0032,0.0075
2019/6/20,0.0089,-0.0035
2019/6/21,-0.0021,-0.0013
2019/6/24,-0.0034,0.0076
2019/6/25,-0.0098,-0.0042
2019/6/26,-0.0006,-0.0196
2019/6/27,0.006,-0.0005
2019/6/28,0.0068,-0.0054
2019/7/1,0.0075,0.0037
2019/7/2,0.0014,0.018
2019/7/3,0.0078,0.0026
2019/7/5,-0.001,-0.0026
2019/7/8,-0.0058,0.0059
2019/7/9,0.0018,0.003
2019/7/10,0.004,-0.0013
2019/7/11,0.0019,0.0031
2019/7/12,0.0053,-0.0089
2019/7/15,-0.0004,0.0073
2019/7/16,-0.0032,0.0016
2019/7/17,-0.0064,0.0081
2019/7/18,0.0035,0.0032
2019/7/19,-0.0056,-0.0102
2019/7/22,0.0025,0.0024
2019/7/23,0.0065,-0.0075
2019/7/24,0.0066,-0.0076
2019/7/25,-0.0063,0.0155
2019/7/26,0.0082,0.0026
2019/7/29,-0.0032,0.0039
2019/7/30,-0.0017,-0.0143
2019/7/31,-0.0109,0.001
2019/8/1,-0.0104,0.0254
2019/8/2,-0.0087,0.0032
2019/8/5,-0.0307,0.005
2019/8/6,0.0129,0.0113
2019/8/7,0.0007,0.0042
2019/8/8,0.0197,0.0029
2019/8/9,-0.0078,0.0125
2019/8/12,-0.0132,0.0056
2019/8/13,0.0147,0.0005
2019/8/14,-0.0295,0.0138
2019/8/15,0.0016,0.0123
2019/8/16,0.0155,-0.0109
2019/8/19,0.0114,-0.0121
2019/8/20,-0.0075,0.0037
2019/8/21,0.0085,-0.0006
2019/8/22,-0.001,0.0001
2019/8/23,-0.0266,0.0099
2019/8/26,0.0108,0.0045
2019/8/27,-0.0046,0.0093
2019/8/28,0.0068,-0.0092
2019/8/29,0.0135,-0.0093
2019/8/30,0.0003,-0.0025
2019/9/3,-0.0086,0.0053
2019/9/4,0.0108,-0.0094
2019/9/5,0.0142,-0.0202
2019/9/6,-0.0002,-0.0042
2019/9/9,0.0007,-0.0381
2019/9/10,0.0017,-0.032
2019/9/11,0.0088,-0.0047
2019/9/12,0.0022,0.0098
2019/9/13,-0.0001,-0.0068
2019/9/16,-0.0023,-0.0194
2019/9/17,0.0017,0.0244
2019/9/18,-0.0005,0.0104
2019/9/19,-0.0005,0.0057
2019/9/20,-0.0048,0.0005
2019/9/23,-0.0002,-0.0012
2019/9/24,-0.0101,0.012
2019/9/25,0.0069,-0.0061
2019/9/26,-0.0041,0.0082
2019/9/27,-0.0062,-0.0067
2019/9/30,0.005,0.0028
2019/10/1,-0.0131,0.0118
2019/10/2,-0.0173,0.0081
2019/10/3,0.008,-0.0022
2019/10/4,0.0139,0.0093
2019/10/7,-0.0041,-0.0016
2019/10/8,-0.0161,0.0069
2019/10/9,0.0092,0.0041
2019/10/10,0.0059,-0.0035
2019/10/11,0.0123,-0.012
2019/10/14,-0.0018,0.002
2019/10/15,0.0103,-0.0031
2019/10/16,-0.0024,-0.0019
2019/10/17,0.0037,-0.0008
2019/10/18,-0.0049,0.0047
2019/10/21,0.0071,-0.0044
2019/10/22,-0.0034,-0.0211
2019/10/23,0.0026,-0.0069
2019/10/24,0.0025,0.0107
2019/10/25,0.005,-0.008
2019/10/28,0.0062,-0.001
2019/10/29,-0.0013,-0.001
2019/10/30,0.0027,0.0099
2019/10/31,-0.0038,0.0051
2019/11/1,0.0108,-0.0186
2019/11/4,0.004,-0.0258
2019/11/5,-0.0003,-0.0072
2019/11/6,-0.0005,0.0102
2019/11/7,0.0038,-0.0115
2019/11/8,0.0031,-0.0016
2019/11/11,-0.0019,0.0082
2019/11/12,0.0016,0.0051
2019/11/13,0.0001,0.0105
2019/11/14,0.0007,0.0053
2019/11/15,0.0074,-0.0054
2019/11/18,0.0002,0.0099
2019/11/19,0.0002,0.0052
2019/11/20,-0.0033,0.0001
2019/11/21,-0.0014,-0.0099
2019/11/22,0.0024,-0.0102
2019/11/25,0.0092,-0.0037
2019/11/26,0.0019,0.0094
2019/11/27,0.0044,-0.0022
2019/11/29,-0.0042,-0.0001
2019/12/2,-0.0087,-0.0041
2019/12/3,-0.0066,0.0052
2019/12/4,0.006,-0.0034
2019/12/5,0.0013,0.0056
2019/12/6,0.0091,-0.0077
2019/12/9,-0.0033,-0.0036
2019/12/10,-0.0008,-0.0009
2019/12/11,0.0028,0.0047
2019/12/12,0.009,-0.009
2019/12/13,-0.0003,0.0079
2019/12/16,0.0074,-0.0034
2019/12/17,0.001,-0.0011
2019/12/18,-0.0005,-0.0034
2019/12/19,0.0043,-0.0024
2019/12/20,0.0048,0.0021
2019/12/23,0.001,-0.0066
2019/12/24,0.0001,0.0013
2019/12/26,0.0049,0.0032
2019/12/27,-0.0009,0.0037
2019/12/30,-0.0057,0.0004
2019/12/31,0.0028,-0.0048
2020/1/2,0.0086,0.0078
2020/1/3,-0.0067,0.0001
2020/1/6,0.0036,-0.007
2020/1/7,-0.0019,0
2020/1/8,0.0047,0.0096
2020/1/9,0.0065,0.0075
2020/1/10,-0.0034,0.0022
2020/1/13,0.0073,0.0067
2020/1/14,-0.0006,-0.0094
2020/1/15,0.0016,0.0015
2020/1/16,0.0088,0.0016
2020/1/17,0.0028,0.009
2020/1/21,-0.0032,0.0086
2020/1/22,0.0008,0.0068
2020/1/23,0.0008,0.0033
2020/1/24,-0.0097,0.005
2020/1/27,-0.0156,0.0049
2020/1/28,0.0102,0.0084
2020/1/29,-0.001,0.006
2020/1/30,0.0034,0.0049
2020/1/31,-0.0174,-0.0023
2020/2/3,0.0084,0.0036
2020/2/4,0.0157,-0.0003
2020/2/5,0.0097,-0.018
2020/2/6,0.0027,0.0046
2020/2/7,-0.0055,0.0037
2020/2/10,0.0073,0.01
2020/2/11,0.0028,-0.0102
2020/2/12,0.0066,-0.0044
2020/2/13,-0.0009,0.0069
2020/2/14,0.0015,0.0055
2020/2/18,-0.0019,0.0022
2020/2/19,0.006,-0.0006
2020/2/20,-0.0035,-0.0056
2020/2/21,-0.0112,-0.0021
2020/2/24,-0.0338,0.006
2020/2/25,-0.0309,0.0075
2020/2/26,-0.0052,0.0117
2020/2/27,-0.0422,-0.0016
2020/2/28,-0.0078,-0.0046
2020/3/2,0.0431,0.0205
2020/3/3,-0.0279,0.0084
2020/3/4,0.0402,0.0109
2020/3/5,-0.0338,0.0047
2020/3/6,-0.0178,0.0055
2020/3/9,-0.0779,0.0358
2020/3/10,0.0474,0.0034
2020/3/11,-0.0505,0.0032
2020/3/12,-0.0963,0.0011
2020/3/13,0.0896,-0.0113
2020/3/16,-0.12,-0.0214
2020/3/17,0.0587,0.0119
2020/3/18,-0.0556,-0.0188
2020/3/19,0.0131,0.0019
2020/3/20,-0.0415,-0.0084
2020/3/23,-0.0256,0.0145
2020/3/24,0.0934,0.0017
2020/3/25,0.0118,-0.0016
2020/3/26,0.0602,0.0043
2020/3/27,-0.0347,0.0103
2020/3/30,0.0316,0.0196
2020/3/31,-0.0144,-0.0114
2020/4/1,-0.0451,0.0023
2020/4/2,0.0209,-0.0091
2020/4/3,-0.0164,-0.0026
2020/4/6,0.0706,-0.0032
2020/4/7,-0.0011,-0.0179
2020/4/8,0.034,-0.0208
2020/4/9,0.016,-0.0067
2020/4/13,-0.0092,0.0089
2020/4/14,0.0302,0.0208
2020/4/15,-0.0215,0.0232
2020/4/16,0.0062,0.0387
2020/4/17,0.0272,-0.056
2020/4/20,-0.0156,0.0148
2020/4/21,-0.0308,-0.0039
2020/4/22,0.0231,0.0046
2020/4/23,0.0013,-0.024
2020/4/24,0.0144,0.0034
2020/4/27,0.0173,-0.0237
2020/4/28,-0.0045,-0.0336
2020/4/29,0.0292,-0.0478
2020/4/30,-0.0118,0.008
2020/5/1,-0.0291,0.0291
2020/5/4,0.0053,0.0013
2020/5/5,0.0095,0.0227
2020/5/6,-0.0052,0.0215
2020/5/7,0.0133,-0.0214
2020/5/8,0.019,-0.0339
2020/5/11,0.0007,0.0247
2020/5/12,-0.0206,0.0095
2020/5/13,-0.0189,0.0323
2020/5/14,0.0114,-0.01
2020/5/15,0.0057,0.0063
2020/5/18,0.0324,-0.0618
2020/5/19,-0.0101,0.0114
2020/5/20,0.018,-0.0147
2020/5/21,-0.007,-0.0115
2020/5/22,0.0027,0.0084
2020/5/26,0.0123,-0.0472
2020/5/27,0.0154,-0.0253
2020/5/28,-0.0041,0.0209
2020/5/29,0.006,0.0241
2020/6/1,0.0052,-0.0197
2020/6/2,0.0081,-0.0132
2020/6/3,0.0141,-0.048
2020/6/4,-0.0034,-0.0344
2020/6/5,0.025,-0.0505
2020/6/8,0.0139,-0.0509
2020/6/9,-0.0085,0.0436
2020/6/10,-0.0057,0.0601
2020/6/11,-0.0591,0.0511
2020/6/12,0.0129,-0.0393
2020/6/15,0.0109,0.0068
2020/6/16,0.0186,-0.0087
2020/6/17,-0.004,0.0287
2020/6/18,0.0019,-0.0005
2020/6/19,-0.0045,0.0121
2020/6/22,0.0071,0.0151
2020/6/23,0.0042,0.0032
2020/6/24,-0.0261,0.0297
2020/6/25,0.0112,-0.005
2020/6/26,-0.0244,0.0132
2020/6/29,0.0151,-0.0263
2020/6/30,0.0158,0.0115
2020/7/1,0.0041,0.0209
2020/7/2,0.005,0.002
2020/7/6,0.0165,-0.0011
2020/7/7,-0.0103,0.0262
2020/7/8,0.0091,0.0075
2020/7/9,-0.0053,0.0299
2020/7/10,0.0111,-0.0268
2020/7/13,-0.012,-0.013
2020/7/14,0.0135,0.007
2020/7/15,0.0114,-0.0345
2020/7/16,-0.0037,0.0042
2020/7/17,0.003,0.0183
2020/7/20,0.0101,0.0295
2020/7/21,0.0016,-0.037
2020/7/22,0.0049,0.0058
2020/7/23,-0.012,-0.0181
2020/7/24,-0.0075,0
2020/7/27,0.0088,0.0222
2020/7/28,-0.0081,-0.0084
2020/7/29,0.0135,-0.0082
2020/7/30,-0.0029,0.0238
2020/7/31,0.0061,0.0117
