Date,SPY Flows,IVV
1/2/2009,950.057,-46.6733
1/5/2009,-672.142,-27.8744
1/6/2009,369.06,93.6379
1/7/2009,-1228.79,-13.6325
1/8/2009,-1128.36,0
1/9/2009,1099.9,0
1/12/2009,805.244,0
1/13/2009,-2564.03,0
1/14/2009,-2170.91,16.9004
1/15/2009,1013.06,0
1/16/2009,-1790.49,217.404
1/20/2009,-2489.73,-12.1156
1/21/2009,-348.979,16.8585
1/22/2009,915.159,0
1/23/2009,-512.071,0
1/26/2009,1620.09,0
1/27/2009,334.322,16.967
1/28/2009,1985.89,-8.7691
1/29/2009,-169.196,16.9583
1/30/2009,-116.553,0
2/2/2009,-1739.36,-8.281
2/3/2009,-570.768,-25.2391
2/4/2009,-875.418,0
2/5/2009,-953.315,-16.9866
2/6/2009,-979.27,-13.0883
2/9/2009,-178.714,-26.2134
2/10/2009,-3216.99,-16.6212
2/11/2009,-673.018,29.3292
2/12/2009,-3367.51,0
2/13/2009,-252.976,-12.4695
2/17/2009,-2775.78,0
2/18/2009,455.027,150.692
2/19/2009,-172.129,-7.8418
2/20/2009,1489.33,-73.6612
2/23/2009,-620.012,-7.4854
2/24/2009,217.5,7.7843
2/25/2009,-103.778,-7.7036
2/26/2009,601.701,-75.8491
2/27/2009,0,0
3/2/2009,31.7188,-7.0631
3/3/2009,507.838,14.035
3/4/2009,-928.847,0
3/5/2009,-2325.5,79.1482
3/6/2009,330.239,241.229
3/9/2009,439.445,-10.2368
3/10/2009,47.0823,0
3/11/2009,119.839,3.6391
3/12/2009,-1250.86,-22.724
3/13/2009,-34.2743,19.0831
3/16/2009,-303.594,102.689
3/17/2009,-563.905,78.5051
3/18/2009,6867.27,40.0704
3/19/2009,-6328.9,75.1481
3/20/2009,-5222.74,0
3/23/2009,2952.89,-8.304
3/24/2009,-1063.87,0
3/25/2009,-366.171,0
3/26/2009,649.484,0
3/27/2009,-1831.72,12.2689
3/30/2009,208.707,0
3/31/2009,1312.56,79.9962
4/1/2009,-957.278,0
4/2/2009,-1222.66,66.9352
4/3/2009,379.215,0
4/6/2009,543.224,150.811
4/7/2009,-212.246,8.1849
4/8/2009,-338.646,4.1407
4/9/2009,128.601,-25.7866
4/13/2009,-1435.49,0
4/14/2009,-1191.97,0
4/15/2009,-571.47,29.9306
4/16/2009,-3087.97,0
4/17/2009,-330.784,13.0904
4/20/2009,1583.31,0
4/21/2009,-93.6068,-8.5327
4/22/2009,1317.63,-50.8106
4/23/2009,959.636,0
4/24/2009,238.507,39.1305
4/27/2009,-1034.6,0
4/28/2009,64.2207,-8.5858
4/29/2009,65.6135,0
4/30/2009,-626.778,17.5286
5/1/2009,1309.39,0
5/4/2009,-903.931,0
5/5/2009,-362.06,-54.4558
5/6/2009,-879.732,101.606
5/7/2009,640.926,150.406
5/8/2009,218.772,0
5/11/2009,-455.646,0
5/12/2009,1015.14,22.8223
5/13/2009,119.669,0
5/14/2009,1442.01,-8.9812
5/15/2009,-823.629,0
5/18/2009,2057.73,0
5/19/2009,-901.983,22.8397
5/20/2009,-199.433,0
5/21/2009,-931.768,-8.9397
5/22/2009,-431.804,49.1008
5/26/2009,685.23,87.0339
5/27/2009,-1017.58,13.4844
5/28/2009,-291.348,0
5/29/2009,-1121.14,74.0264
6/1/2009,695.679,0
6/2/2009,-308.235,204.487
6/3/2009,280.689,-84.4422
6/4/2009,686.212,199.329
6/5/2009,-580.665,203.574
6/8/2009,306.611,0
6/9/2009,672.196,156.661
6/10/2009,599.133,-127.737
6/11/2009,-123.433,47.6113
6/12/2009,-209.185,0
6/15/2009,64.9862,41.8934
6/16/2009,-320.814,36.7661
6/17/2009,-695.677,110.164
6/18/2009,-609.284,-9.2591
6/19/2009,271.643,69.6544
6/22/2009,883.984,36.0206
6/23/2009,-80.5505,-354.634
6/24/2009,220.707,63.2573
6/25/2009,-13.8045,27.6911
6/26/2009,-408.945,23.0467
6/29/2009,83.4568,9.3029
6/30/2009,-1940.16,13.8353
7/1/2009,831.253,-315.012
7/2/2009,-941.565,-89.9569
7/6/2009,-220.267,9.018
7/7/2009,207.118,92.8383
7/8/2009,-1206.16,0
7/9/2009,265.062,-257.044
7/10/2009,351.991,0
7/13/2009,-302.168,4.5246
7/14/2009,1541.5,-336.575
7/15/2009,-1633.85,-309.073
7/16/2009,-2533.22,9.4462
7/17/2009,555.389,0
7/20/2009,1056.82,-4.7759
7/21/2009,372.661,-268.404
7/22/2009,1681.19,52.703
7/23/2009,2995.82,14.709
7/24/2009,-622.55,186.868
7/27/2009,-1165.22,152.898
7/28/2009,-524.7,54.1136
7/29/2009,488.202,-470.172
7/30/2009,1837.9,0
7/31/2009,-17.5087,9.9207
8/3/2009,758.003,95.6832
8/4/2009,-1329.27,0
8/5/2009,-416.837,5.0386
8/6/2009,-1403.52,40.085
8/7/2009,1093.33,-10.1566
8/10/2009,1094.75,5.0615
8/11/2009,692.616,0
8/12/2009,15.122,288.304
8/13/2009,-604.139,-10.1867
8/14/2009,402.692,60.5972
8/17/2009,289.858,59.1409
8/18/2009,-1588.31,99.5846
8/19/2009,-29.987,0
8/20/2009,510.335,304.141
8/21/2009,1137.6,0
8/24/2009,195.496,5.1617
8/25/2009,1015.91,31.0415
8/26/2009,-397.17,0
8/27/2009,367.272,0
8/28/2009,-1099.78,5.1803
8/31/2009,-1198.54,0
9/1/2009,30.0548,0
9/2/2009,-2247.37,0
9/3/2009,-1576.56,-30.3184
9/4/2009,867.506,0
9/8/2009,-211.102,-5.1658
9/9/2009,-326.893,0
9/10/2009,36.6963,0
9/11/2009,-1125.89,0
9/14/2009,-1396.5,497.012
9/15/2009,-42.2866,0
9/16/2009,4073.59,0
9/17/2009,-1642.89,0
9/18/2009,170.88,0
9/21/2009,989.887,-745.809
9/22/2009,-964.276,43.208
9/23/2009,-153.793,63.846
9/24/2009,-1502.54,0
9/25/2009,1702.24,10.4781
9/28/2009,0,149.316
9/29/2009,599.321,0
9/30/2009,925.157,53.0383
10/1/2009,-2570.09,-67.1771
10/2/2009,692.213,36.0105
10/5/2009,-749.348,-10.4409
10/6/2009,-89.6819,-21.1695
10/7/2009,-269.903,-37.1676
10/8/2009,-2516.56,0
10/9/2009,-343.159,26.8968
10/12/2009,958.59,0
10/13/2009,161.12,145.482
10/14/2009,169.414,10.9645
10/15/2009,976.801,-44.043
10/16/2009,2209.98,-16.3838
10/19/2009,1263.7,77.1717
10/20/2009,-131.047,-219.118
10/21/2009,-221.92,5.429
10/22/2009,-1176.18,-10.9757
10/23/2009,-237.779,-97.5897
10/26/2009,-416.586,5.3585
10/27/2009,-718.643,165.554
10/28/2009,-67.8575,10.4745
10/29/2009,197.5,-21.4217
10/30/2009,375.783,-5.2038
11/2/2009,-543.068,5.2373
11/3/2009,293.128,-26.2565
11/4/2009,1043.11,-5.2574
11/5/2009,1592.2,64.3215
11/6/2009,342.846,-32.2462
11/9/2009,1648.61,32.97
11/10/2009,706.679,43.9689
11/11/2009,627.629,44.1876
11/12/2009,207.102,0
11/13/2009,-1441.55,5.4994
11/16/2009,572.82,50.2155
11/17/2009,1230.32,0
11/18/2009,-3099.87,-39.0854
11/19/2009,-3931.45,-66.104
11/20/2009,-678.797,-49.428
11/23/2009,787.909,-11.1345
11/24/2009,1114.76,38.9505
11/25/2009,802.317,-95.0302
11/27/2009,-865.402,-32.9715
11/30/2009,659.819,0
12/1/2009,701.173,50.2478
12/2/2009,111.349,-33.513
12/3/2009,993.793,38.7729
12/4/2009,27.7567,16.7097
12/7/2009,-880.535,0
12/8/2009,-657.851,27.4996
12/9/2009,71.5376,-259.47
12/10/2009,702.968,161.046
12/11/2009,477.848,139.366
12/14/2009,-374.871,78.5891
12/15/2009,484.084,16.7483
12/16/2009,5297.59,83.8314
12/17/2009,4095.98,-88.37
12/18/2009,55.0774,338.872
12/21/2009,-1157.67,-22.4538
12/22/2009,491.539,45.0685
12/23/2009,1192.75,-384.072
12/24/2009,-562.911,0
12/28/2009,-157.82,-33.9306
12/29/2009,-501.085,0
12/30/2009,489.98,79.0959
12/31/2009,657.91,95.0835
1/4/2010,-3416.09,-45.4639
1/5/2010,-1204.76,0
1/6/2010,-1353.83,5.7065
1/7/2010,-725.358,0
1/8/2010,-1729.8,-34.4744
1/11/2010,476.24,138.135
1/12/2010,238.726,-153.946
1/13/2010,-722.209,34.4982
1/14/2010,-3637.12,0
1/15/2010,-2051.87,-85.5254
1/19/2010,103.59,40.4085
1/20/2010,-791.571,-57.1256
1/21/2010,-2128.69,-89.6749
1/22/2010,-764.894,0
1/25/2010,444.595,5.5063
1/26/2010,-267.828,60.3129
1/27/2010,-878.832,-16.529
1/28/2010,1688.21,10.8897
1/29/2010,564.38,-16.1752
2/1/2010,365.261,65.6244
2/2/2010,-204.327,-44.3172
2/3/2010,-730.682,11.0233
2/4/2010,409.884,26.7
2/5/2010,-1099.74,128.531
2/8/2010,-1307.41,-10.6204
2/9/2010,793.604,59.171
2/10/2010,-353.204,0
2/11/2010,0,0
2/12/2010,404.273,-16.2217
2/16/2010,3248.84,44.0431
2/17/2010,578.763,-99.5396
2/18/2010,1653.5,72.3673
2/19/2010,172.406,16.7383
2/22/2010,727.811,61.3135
2/23/2010,-1855.21,38.5472
2/24/2010,-105.319,0
2/25/2010,-1764.99,0
2/26/2010,-587.326,5.5593
3/1/2010,291.043,0
3/2/2010,622.708,0
3/3/2010,-95.4219,-33.7906
3/4/2010,-833.871,-22.6111
3/5/2010,1342.56,0
3/8/2010,399.912,-22.9294
3/9/2010,-812.667,74.6479
3/10/2010,-1391.39,0
3/11/2010,912.386,-5.7943
3/12/2010,-1148.91,0
3/15/2010,-502.518,57.9546
3/16/2010,902.241,-23.3618
3/17/2010,2037.44,52.8706
3/18/2010,-1615.4,240.784
3/19/2010,249.366,-46.7442
3/22/2010,3427.34,0
3/23/2010,-70.4598,-5.9141
3/24/2010,1156.14,-505.95
3/25/2010,378.893,29.2417
3/26/2010,1330.01,46.8207
3/29/2010,-762.788,47.0963
3/30/2010,-1537.55,-41.2153
3/31/2010,-789.665,-134.977
4/1/2010,-624.644,17.736
4/5/2010,279.166,0
4/6/2010,-321.289,137.29
4/7/2010,-2047.43,17.8115
4/8/2010,-2493.79,-65.5272
4/9/2010,29.886,-47.9729
4/12/2010,-269.453,-18.023
4/13/2010,-59.9238,-120.237
4/14/2010,-1042.18,-36.4737
4/15/2010,2122.49,0
4/16/2010,-1050.11,-149.652
4/19/2010,-209.774,24.0539
4/20/2010,271.882,121.231
4/21/2010,181.073,36.3311
4/22/2010,586.829,12.1395
4/23/2010,-1261.21,-30.5623
4/26/2010,879.673,152.156
4/27/2010,-1084.28,-41.6097
4/28/2010,846.932,-77.7853
4/29/2010,1522.56,54.5521
4/30/2010,-338.668,-5.9609
5/3/2010,1179.79,66.4261
5/4/2010,-2350.42,-58.9489
5/5/2010,1442.34,70.2989
5/6/2010,2356.72,0
5/7/2010,1213.23,33.4982
5/10/2010,4142.28,273.927
5/11/2010,729.677,-203.338
5/12/2010,305.365,265.11
5/13/2010,-667.192,-5.8206
5/14/2010,-2157.61,-114.222
5/17/2010,-495.922,-17.1547
5/18/2010,281.028,-5.6387
5/19/2010,-145.4,106.591
5/20/2010,-4364.95,-64.7082
5/21/2010,747.498,38.312
5/24/2010,-2466.81,70.2391
5/25/2010,-409.482,118.905
5/26/2010,610.877,-43.0021
5/27/2010,2928.57,-222.147
5/28/2010,235.115,-43.8813
6/1/2010,-876.058,-37.741
6/2/2010,1179.95,-60.8453
6/3/2010,-276.814,0
6/4/2010,-2983.43,-80.4515
6/7/2010,-648.819,111.118
6/8/2010,3680.01,26.75
6/9/2010,227.992,319.116
6/10/2010,7209.82,164.258
6/11/2010,-2100.2,11.003
6/14/2010,4444.73,0
6/15/2010,739.439,-67.4466
6/16/2010,-2077.17,-39.3231
6/17/2010,-3111.72,0
6/18/2010,-156.453,61.9614
6/21/2010,1530.64,101.001
6/22/2010,646.324,71.7836
6/23/2010,333.122,-142.5
6/24/2010,-3807.33,-21.5548
6/25/2010,2073.34,-37.83
6/28/2010,924.571,221.164
6/29/2010,-3948.39,31.3644
6/30/2010,-1335.64,-377.784
7/1/2010,-4688.22,-46.4307
7/2/2010,-148.389,-46.2145
7/6/2010,-715.043,0
7/7/2010,3481.85,69.2443
7/8/2010,2432.4,0
7/9/2010,172.683,27.0761
7/12/2010,-583.236,65.031
7/13/2010,-1332.53,154.084
7/14/2010,-921.132,0
7/15/2010,741.073,-11.0181
7/16/2010,-917.025,10.7014
7/19/2010,-289.629,0
7/20/2010,330.906,5.4425
7/21/2010,-2844.06,-26.8746
7/22/2010,3154.47,38.4712
7/23/2010,380.98,-105.277
7/26/2010,965.883,-5.6032
7/27/2010,1215.86,33.5821
7/28/2010,-188.331,-16.6768
7/29/2010,-849.615,-38.7541
7/30/2010,-182.066,-193.787
8/2/2010,1584.42,22.6334
8/3/2010,-970.82,11.2635
8/4/2010,1609.53,0
8/5/2010,535.856,0
8/6/2010,-927.355,-174.844
8/9/2010,-644.226,-11.3428
8/10/2010,-410.091,-11.2737
8/11/2010,-1261.84,71.2599
8/12/2010,-3602.74,-158.135
8/13/2010,-719.836,-32.5876
8/16/2010,-32.4848,32.593
8/17/2010,827.571,0
8/18/2010,686.176,-5.5089
8/19/2010,-1030.81,-37.9106
8/20/2010,-1295.9,0
8/23/2010,-1419.24,0
8/24/2010,1704.9,10.5937
8/25/2010,323.067,5.3148
8/26/2010,1597.77,0
8/27/2010,667.998,26.8129
8/30/2010,-3718.32,253.677
8/31/2010,-890.465,0
9/1/2010,3428.28,-5.4437
9/2/2010,-383.175,87.8887
9/3/2010,2684.29,27.8278
9/7/2010,-109.661,44.0187
9/8/2010,397.394,-105.238
9/9/2010,-61.0044,0
9/10/2010,1109.01,0
9/13/2010,6916.1,11.3142
9/14/2010,-152.077,90.4438
9/15/2010,1746.63,79.4186
9/16/2010,-1582.39,-28.3582
9/17/2010,-2790.46,-17.0283
9/20/2010,622.552,-5.763
9/21/2010,1766.07,0
9/22/2010,-425.266,-137.304
9/23/2010,-1715.06,-51.0624
9/24/2010,1699.71,46.093
9/27/2010,-325.462,5.7294
9/28/2010,229.539,0
9/29/2010,-1774.52,0
9/30/2010,176.906,0
10/1/2010,-636.242,-184.04
10/4/2010,-1558.05,-51.3489
10/5/2010,3343.52,-46.5955
10/6/2010,-11.6118,-23.293
10/7/2010,-845.955,-34.8829
10/8/2010,1130.94,11.6993
10/11/2010,-524.739,0
10/12/2010,1392.93,58.7242
10/13/2010,-218.107,0
10/14/2010,29.3673,11.7873
10/15/2010,-706.235,0
10/18/2010,1304.15,0
10/19/2010,-3354.49,-105.365
10/20/2010,300.699,0
10/21/2010,425.299,65.1952
10/22/2010,41.4434,-83.1721
10/25/2010,1821.63,0
10/26/2010,-1234.21,-29.7686
10/27/2010,-230.824,-71.2626
10/28/2010,-924.402,0
10/29/2010,473.841,0
11/1/2010,5.9272,-23.7943
11/2/2010,1505.58,0
11/3/2010,1169.53,-96.2859
11/4/2010,1858.66,-18.4034
11/5/2010,1810.81,18.4765
11/8/2010,-202.159,86.0554
11/9/2010,-559.262,12.1995
11/10/2010,415.254,18.381
11/11/2010,-1149.27,-42.7077
11/12/2010,-1802.83,78.3847
11/15/2010,-2160.9,0
11/16/2010,-431.224,17.7818
11/17/2010,-1625.07,0
11/18/2010,2909.92,36.1186
11/19/2010,-138.348,-42.248
11/22/2010,-840.866,-84.3686
11/23/2010,-1355.89,0
11/24/2010,1802.77,30.1472
11/26/2010,-2171.59,0
11/29/2010,-1537.51,0
11/30/2010,-467.968,0
12/1/2010,1561.41,24.2895
12/2/2010,1734.61,0
12/3/2010,1266,-30.832
12/6/2010,-1608.13,-129.331
12/7/2010,-945.733,0
12/8/2010,1337.87,30.9308
12/9/2010,-538.473,37.2626
12/10/2010,-1544.12,74.97
12/13/2010,-186.827,156.221
12/14/2010,292.969,50.0381
12/15/2010,8254.33,37.337
12/16/2010,4754.84,688.748
12/17/2010,-4112.67,43.865
12/20/2010,12.4538,-18.8472
12/21/2010,288.286,126.427
12/22/2010,-1691.75,0
12/23/2010,-326.517,31.5141
12/27/2010,-75.3917,94.5991
12/28/2010,-490.452,126.231
12/29/2010,-56.6511,37.9143
12/30/2010,-1049.75,-82.0264
12/31/2010,207.398,18.9264
1/3/2011,921.616,216.918
1/4/2011,2501,-133.805
1/5/2011,344.539,236.961
1/6/2011,-2273.85,25.5723
1/7/2011,-680.257,38.2888
1/10/2011,317.44,114.706
1/11/2011,974.975,127.925
1/12/2011,1826.24,174.27
1/13/2011,-834.524,45.1026
1/14/2011,497.949,25.9639
1/18/2011,142.475,-32.5003
1/19/2011,-442.383,-238.104
1/20/2011,1568.74,0
1/21/2011,-1617.48,-154.626
1/24/2011,271.159,0
1/25/2011,-477.903,181.499
1/26/2011,389.133,0
1/27/2011,-650.038,0
1/28/2011,-1525.93,108.944
1/31/2011,-70.7664,38.7428
2/1/2011,889.538,65.6502
2/2/2011,-1898.51,-19.6442
2/3/2011,-1275.37,-19.6931
2/4/2011,-459.144,0
2/7/2011,0,46.3716
2/8/2011,444.201,66.5442
2/9/2011,165.303,0
2/10/2011,1224.27,26.5686
2/11/2011,1523.97,26.7203
2/14/2011,-1134.26,0
2/15/2011,192.891,133.522
2/16/2011,-1626.64,0
2/17/2011,-1618.35,-26.962
2/18/2011,-1769.46,-33.7654
2/22/2011,-1673.95,19.8457
2/23/2011,1323.18,0
2/24/2011,4300.4,0
2/25/2011,6.6145,26.5623
2/28/2011,432.448,-106.846
3/1/2011,-2370.63,19.7202
3/2/2011,918.442,-171.201
3/3/2011,593.901,0
3/4/2011,-3921.43,0
3/7/2011,-374.441,13.186
3/8/2011,3301.14,66.5354
3/9/2011,-582.626,-186.073
3/10/2011,-3365.09,-19.5601
3/11/2011,994.698,-13.1376
3/14/2011,-774.073,-39.1739
3/15/2011,3505.63,-367.99
3/16/2011,-1084.92,-63.3059
3/17/2011,2869.99,-153.97
3/18/2011,-3010.48,-38.656
3/21/2011,-1524.56,58.8538
3/22/2011,265.074,-32.5848
3/23/2011,-343.663,0
3/24/2011,307.604,-395.815
3/25/2011,-393.917,26.3504
3/28/2011,549.97,19.7079
3/29/2011,646.286,0
3/30/2011,-1620.06,139.906
3/31/2011,-218.7,0
4/1/2011,6.6588,46.7819
4/4/2011,266.542,147.093
4/5/2011,-353.11,133.699
4/6/2011,988.592,0
4/7/2011,-260.122,0
4/8/2011,-1175.81,59.9916
4/11/2011,1258.67,46.5281
4/12/2011,78.875,79.1467
4/13/2011,690.385,46.1807
4/14/2011,-164.393,0
4/15/2011,1465.52,105.982
4/18/2011,-1945.6,45.8579
4/19/2011,-1188.52,-13.1782
4/20/2011,2269.42,33.3887
4/21/2011,-1297.93,-46.9905
4/25/2011,-106.874,0
4/26/2011,-363.945,0
4/27/2011,2774.2,-54.4482
4/28/2011,61.2689,0
4/29/2011,-852.887,547.701
5/2/2011,-156.659,20.5039
5/3/2011,1724.19,40.8653
5/4/2011,-1112.58,33.8286
5/5/2011,-1724,-20.1134
5/6/2011,1086.76,20.1925
5/9/2011,491.932,0
5/10/2011,1399.42,13.6334
5/11/2011,-947.753,80.9333
5/12/2011,1371.3,20.3334
5/13/2011,-676.802,0
5/16/2011,-326.34,0
5/17/2011,99.8876,-541.219
5/18/2011,409.844,-20.2239
5/19/2011,-1353.52,0
5/20/2011,-2312.07,26.8199
5/23/2011,-330.152,0
5/24/2011,778.519,-26.4793
5/25/2011,-509.662,-6.6418
5/26/2011,-1329.34,0
5/27/2011,-640.796,-53.5804
5/31/2011,1200.69,20.3044
6/1/2011,-178.009,-46.308
6/2/2011,1297.31,-6.606
6/3/2011,-1493.49,-6.5441
6/6/2011,-451.643,-84.1566
6/7/2011,-1643.77,-45.2719
6/8/2011,995.204,-38.6519
6/9/2011,1319.43,0
6/10/2011,-841.875,-12.7986
6/13/2011,7820.71,0
6/14/2011,2269.11,0
6/15/2011,-978.317,12.7478
6/16/2011,3685.25,44.701
6/17/2011,-5552.3,-6.4056
6/20/2011,2401.53,19.3183
6/21/2011,-770.338,-13.0521
6/22/2011,-1086.98,-71.3329
6/23/2011,-1455.89,19.3079
6/24/2011,-1609.96,31.8041
6/27/2011,-345.417,141.221
6/28/2011,829.542,0
6/29/2011,-699.275,-19.6756
6/30/2011,-132.026,13.2496
7/1/2011,113.855,0
7/5/2011,1524.95,6.7121
7/6/2011,261.208,114.255
7/7/2011,2828.96,54.3322
7/8/2011,-403.245,-20.2338
7/11/2011,-547.755,6.6229
7/12/2011,236.527,-65.9321
7/13/2011,-777.757,0
7/14/2011,-733.277,0
7/15/2011,-743.915,-112.307
7/18/2011,-659.549,0
7/19/2011,949.014,19.9781
7/20/2011,-1379.65,-26.6241
7/21/2011,3038.89,107.947
7/22/2011,733.501,33.7645
7/25/2011,-1806.71,0
7/26/2011,219.909,60.1859
7/27/2011,-1384.19,0
7/28/2011,1972.15,32.6578
7/29/2011,-1306.29,272.558
8/1/2011,-2228.28,6.4631
8/2/2011,-640.136,188.929
8/3/2011,-1268.2,-50.6509
8/4/2011,-985.428,-36.177
8/5/2011,1026.9,36.1563
8/8/2011,549.473,-157.529
8/9/2011,-1303.61,282.832
8/10/2011,-5059.88,-129.605
8/11/2011,3719.5,76.6533
8/12/2011,-1063.24,-243.024
8/15/2011,1919.31,-6.057
8/16/2011,2193.94,11.9985
8/17/2011,849.919,-12.0131
8/18/2011,-3666.4,-34.4369
8/19/2011,2112.84,101.764
8/22/2011,473.401,84.8237
8/23/2011,2704.29,157.905
8/24/2011,1836.51,-17.7763
8/25/2011,-825.546,-29.169
8/26/2011,690.544,0
8/29/2011,1268.44,0
8/30/2011,2409.52,48.8477
8/31/2011,-1828.45,0
9/1/2011,-1522.94,0
9/2/2011,-5037.24,-47.2938
9/6/2011,-1830.44,-105.624
9/7/2011,4259.47,30.1859
9/8/2011,1327.48,41.8127
9/9/2011,260.761,93.0282
9/12/2011,6418.72,-163.939
9/13/2011,64.791,0
9/14/2011,-1014.76,17.9688
9/15/2011,479.716,0
9/16/2011,-5127.85,-245.14
9/19/2011,-1022.74,0
9/20/2011,1225.29,0
9/21/2011,-979.45,0
9/22/2011,-1958.56,-62.6338
9/23/2011,812.139,34.3763
9/26/2011,1127.48,-40.8192
9/27/2011,229.083,64.8285
9/28/2011,-241.672,-34.6396
9/29/2011,348.056,29.101
9/30/2011,-367.656,-90.8021
10/3/2011,-1472.84,-5.5147
10/4/2011,-185.458,-16.9175
10/5/2011,343.381,40.1969
10/6/2011,-367.165,0
10/7/2011,1185.05,40.6024
10/10/2011,5.9762,23.9902
10/11/2011,-311.012,-12.0027
10/12/2011,374.505,-242.423
10/13/2011,523.987,-42.3004
10/14/2011,998.749,-6.1482
10/17/2011,-3190.76,-30.1456
10/18/2011,631.532,578.288
10/19/2011,-1610.62,315.914
10/20/2011,85.1582,24.4118
10/21/2011,700.239,304.669
10/24/2011,1154.88,-44.0845
10/25/2011,-3247.69,-24.6862
10/26/2011,2548.4,68.603
10/27/2011,2282.15,-32.252
10/28/2011,1131.89,19.3586
10/31/2011,-2678.36,-37.7602
11/1/2011,-3292.82,-1186.91
11/2/2011,483.316,68.3881
11/3/2011,2083.49,38.0101
11/4/2011,-1135.6,-25.1806
11/7/2011,151.536,-12.6713
11/8/2011,2396.85,-269.36
11/9/2011,-1582.74,-37.0748
11/10/2011,111.822,87.264
11/11/2011,2482.44,0
11/14/2011,-784.158,-50.3556
11/15/2011,1859.86,0
11/16/2011,-2356.78,-62.2287
11/17/2011,-1646.57,-61.1864
11/18/2011,1298.54,0
11/21/2011,-209.423,0
11/22/2011,-935.618,-41.8524
11/23/2011,-1352.21,-70.1679
11/25/2011,-81.3946,0
11/28/2011,640.257,12.0073
11/29/2011,323.939,36.1125
11/30/2011,3179.19,62.7941
12/1/2011,1655.33,0
12/2/2011,1086.68,-50.1322
12/5/2011,1640.46,0
12/6/2011,-461.105,19.0151
12/7/2011,588.78,-152.461
12/8/2011,-1741.64,-18.6572
12/9/2011,983.107,31.6175
12/12/2011,-4793.24,-18.6882
12/13/2011,-2437.93,49.4139
12/14/2011,5801.54,122.15
12/15/2011,293.171,73.5343
12/16/2011,-3781.21,36.8858
12/19/2011,-1053.07,12.1502
12/20/2011,5584.35,93.8617
12/21/2011,55.8922,0
12/22/2011,551.143,31.4224
12/23/2011,1308.14,19.0248
12/27/2011,1775.94,19.0251
12/28/2011,-1429.57,-18.7924
12/29/2011,195.596,56.9828
12/30/2011,-923.591,-25.2185
1/3/2012,1065.49,249.687
1/4/2012,-1091.43,70.4531
1/5/2012,6.3999,44.964
1/6/2012,-1954.59,-25.6385
1/9/2012,38.4111,179.88
1/10/2012,1162.62,45.3701
1/11/2012,-38.7683,0
1/12/2012,-226.693,116.986
1/13/2012,560.7,-161.679
1/17/2012,536.824,12.9808
1/18/2012,778.309,170.639
1/19/2012,1308.01,85.7415
1/20/2012,927.41,-19.7996
1/23/2012,-868.633,0
1/24/2012,-1058.41,-26.3864
1/25/2012,523.844,0
1/26/2012,-929.647,0
1/27/2012,1132.28,-39.6351
1/30/2012,-1536.6,59.3034
1/31/2012,-1338.99,-79.0365
2/1/2012,-483.496,-159.509
2/2/2012,-159.147,-19.9613
2/3/2012,-100.926,0
2/6/2012,-820.535,-26.9962
2/7/2012,754.809,-40.5777
2/8/2012,-445.908,0
2/9/2012,-764.59,-6.7904
2/10/2012,-396.475,0
2/13/2012,-426.309,0
2/14/2012,608.547,27.1409
2/15/2012,-814.051,114.771
2/16/2012,-2272.03,34.132
2/17/2012,-872.776,0
2/21/2012,-675.536,-20.544
2/22/2012,340.056,34.1252
2/23/2012,1530.23,-267.361
2/24/2012,848.606,-418.933
2/27/2012,788.144,-13.7539
2/28/2012,1162.28,34.5085
2/29/2012,-1547.23,-75.5733
3/1/2012,-716.399,172.821
3/2/2012,-20.6028,13.7824
3/5/2012,-567.756,-61.7821
3/6/2012,107.781,223.065
3/7/2012,-1119.39,40.849
3/8/2012,650.863,27.5016
3/9/2012,2420.31,41.4028
3/12/2012,-440.158,0
3/13/2012,2941.64,-14.0593
3/14/2012,3344.01,42.1266
3/15/2012,1914.19,14.1246
3/16/2012,-7554.72,-56.5661
3/19/2012,1218.34,-21.2958
3/20/2012,294.905,49.5427
3/21/2012,1226.5,63.5824
3/22/2012,-1489.11,42.0861
3/23/2012,1654.25,21.1093
3/26/2012,2052.3,21.3048
3/27/2012,-494.037,-42.4962
3/28/2012,899.141,-14.0975
3/29/2012,-1507.87,-49.2683
3/30/2012,91.5135,183.669
4/2/2012,-7.0994,0
4/3/2012,-1088.13,70.9089
4/4/2012,594.489,0
4/5/2012,-839.047,-28.0672
4/9/2012,-2302,55.4991
4/10/2012,489.241,-177.301
4/11/2012,82.1639,130.547
4/12/2012,-1443.69,0
4/13/2012,-123.375,-55.0302
4/16/2012,321.993,0
4/17/2012,932.227,0
4/18/2012,-228.654,62.5802
4/19/2012,-1108.97,110.601
4/20/2012,-1793.01,145.337
4/23/2012,-266.702,-75.4913
4/24/2012,2278.7,27.5515
4/25/2012,1955.18,0
4/26/2012,1022.69,56.2382
4/27/2012,-400.232,49.3259
4/30/2012,97.9173,14.0399
5/1/2012,1174.7,-141.184
5/2/2012,-975.409,-323.948
5/3/2012,-1901.43,-34.9485
5/4/2012,-1206.1,-27.5082
5/7/2012,1000.89,-61.916
5/8/2012,962.615,-61.6614
5/9/2012,-1126.02,13.615
5/10/2012,-34.0117,0
5/11/2012,-772.919,-34.0196
5/14/2012,502.92,13.4587
5/15/2012,-1587.09,26.7656
5/16/2012,146.108,273.238
5/17/2012,1413.19,157.552
5/18/2012,-1207.96,-45.6142
5/21/2012,79.1826,-66.2076
5/22/2012,-39.6073,-6.6245
5/23/2012,1547.41,-6.6339
5/24/2012,2490.25,0
5/25/2012,-469.223,19.893
5/29/2012,-80.1883,26.8215
5/30/2012,-401.941,6.6117
5/31/2012,841.594,184.732
6/1/2012,-1956.26,-283.153
6/4/2012,0,199.52
6/5/2012,-1496.76,97.0981
6/6/2012,455.498,185.476
6/7/2012,1907.69,26.4968
6/8/2012,1257.67,20.0322
6/11/2012,1655.93,79.1244
6/12/2012,1136.7,33.3529
6/13/2012,1947.99,-92.7678
6/14/2012,1775.41,113.866
6/15/2012,-2703.58,-142.109
6/18/2012,362.79,-67.7694
6/19/2012,-203.536,6.812
6/20/2012,-243.84,-95.2052
6/21/2012,-1000.17,-86.4518
6/22/2012,-727.153,227.724
6/25/2012,-597.458,13.1821
6/26/2012,-1154.44,119.217
6/27/2012,1657.74,-20.0536
6/28/2012,690.962,-126.737
6/29/2012,3643.09,252.962
7/2/2012,921.601,472.924
7/3/2012,-137.413,-13.7973
7/5/2012,-1559.2,-82.3906
7/6/2012,-1057.13,-204.109
7/9/2012,703.607,101.888
7/10/2012,-570.403,-20.2133
7/11/2012,201.339,114.548
7/12/2012,-787.994,-67.0448
7/13/2012,2063.56,122.673
7/16/2012,419.879,67.9938
7/17/2012,307.008,123.297
7/18/2012,-206.067,62.0682
7/19/2012,-743.924,27.6634
7/20/2012,-2475.35,27.3857
7/23/2012,-1980.27,-61.07
7/24/2012,-636.273,6.7247
7/25/2012,569.144,-6.7228
7/26/2012,1027.78,82.0046
7/27/2012,2427.75,55.7152
7/30/2012,686.389,104.42
7/31/2012,1256.44,-374.291
8/1/2012,-929.423,-27.6489
8/2/2012,-2480.61,-41.1666
8/3/2012,-724.276,881.05
8/6/2012,1382.14,-763.983
8/7/2012,-1059.43,-70.445
8/8/2012,-42.1342,-42.3073
8/9/2012,-962.916,0
8/10/2012,-1345.41,0
8/13/2012,35.1829,0
8/14/2012,-781.094,-28.2644
8/15/2012,-859.784,0
8/16/2012,1440.85,0
8/17/2012,-1358.19,-28.5607
8/20/2012,-1173.31,-21.4198
8/21/2012,2926.63,0
8/22/2012,453.653,0
8/23/2012,-140.628,0
8/24/2012,1507.53,28.4262
8/27/2012,863.046,0
8/28/2012,848.268,0
8/29/2012,-1033.17,-28.4216
8/30/2012,-2148.87,-21.1544
8/31/2012,-1446.89,0
9/4/2012,-1409.98,-453.04
9/5/2012,-619.891,-381.939
9/6/2012,4622.15,0
9/7/2012,664.026,-195.698
9/10/2012,0,0
9/11/2012,604.499,0
9/12/2012,331.808,0
9/13/2012,2888.51,44.1758
9/14/2012,1037.77,162.62
9/17/2012,374.213,0
9/18/2012,842.759,139.833
9/19/2012,660.339,243.159
9/20/2012,-1481.51,44.1939
9/21/2012,2166.51,44.1904
9/24/2012,873.402,-279.242
9/25/2012,655.455,245.905
9/26/2012,1468.39,-7.1929
9/27/2012,-1764.72,0
9/28/2012,-194.407,245.803
10/1/2012,-346.529,913.374
10/2/2012,563.642,195.913
10/3/2012,573.071,14.5667
10/4/2012,504.123,36.68
10/5/2012,-1446.63,44.0164
10/8/2012,334.93,7.3115
10/9/2012,-641.621,28.9536
10/10/2012,-1046.11,-21.5826
10/11/2012,28.664,-79.1674
10/12/2012,-1164.89,0
10/15/2012,-158.499,-21.7018
10/16/2012,283.85,0
10/17/2012,1988.03,66.0528
10/18/2012,1800.98,168.394
10/19/2012,-6977.25,86.4009
10/22/2012,-516.537,72.035
10/23/2012,-1831.31,7.0978
10/24/2012,-1578.97,-56.6191
10/25/2012,728.229,21.2961
10/26/2012,0,418.548
10/30/2012,0,#N/A
10/31/2012,-925.766,149.004
11/1/2012,1528.92,-638.486
11/2/2012,-1592.47,-170.556
11/5/2012,-28.3767,-92.5981
11/6/2012,1823.12,-14.3589
11/7/2012,-803.456,0
11/8/2012,-1504.55,-6.9299
11/9/2012,-864.194,27.7656
11/12/2012,781.329,0
11/13/2012,-702.69,-83.0027
11/14/2012,-1488.45,-20.4717
11/15/2012,-2571.98,-27.2516
11/16/2012,109.119,-13.6927
11/19/2012,166.91,-48.8819
11/20/2012,1002.24,27.9536
11/21/2012,976.663,35.025
11/23/2012,1010.67,7.0974
11/26/2012,1424.81,0
11/27/2012,203.508,98.6506
11/28/2012,2115.26,85.2489
11/29/2012,795.828,92.7606
11/30/2012,-554.322,14.2739
12/3/2012,-650.783,49.7197
12/4/2012,1468.85,141.82
12/5/2012,1252.29,0
12/6/2012,-660.313,99.8217
12/7/2012,1673.51,64.3586
12/10/2012,-206.597,693.937
12/11/2012,1785.42,302.443
12/12/2012,2202.75,115.288
12/13/2012,-492.098,35.81
12/14/2012,-554.008,64.1921
12/17/2012,1394.2,115.48
12/18/2012,1613.67,-21.9028
12/19/2012,-1918.97,-57.5871
12/20/2012,3954,152.03
12/21/2012,1149.02,172.14
12/24/2012,434.333,64.3991
12/26/2012,233.848,0
12/27/2012,594.617,85.3689
12/28/2012,-672.123,91.4671
12/31/2012,3531.47,186.043
1/2/2013,3358.97,-14.6779
1/3/2013,-1063.88,29.2958
1/4/2013,-973.849,7.3572
1/7/2013,0,36.6775
1/8/2013,-2569.2,29.2598
1/9/2013,-1452.23,-14.6689
1/10/2013,1919.14,0
1/11/2013,-2963.43,-22.1706
1/14/2013,-462.838,0
1/15/2013,-1235.62,-81.307
1/16/2013,-1611.23,110.91
1/17/2013,1065.42,89.2283
1/18/2013,-1826.29,0
1/22/2013,-1961.2,-29.9775
1/23/2013,1082.92,-75.06
1/24/2013,2404.92,-292.753
1/25/2013,15.0241,-30.1875
1/28/2013,1109.34,0
1/29/2013,-60.2678,53.0026
1/30/2013,-2064.36,30.1798
1/31/2013,846.136,-150.51
2/1/2013,1187.44,0
2/4/2013,-336.43,-15.0289
2/5/2013,-2606.43,83.5235
2/6/2013,-1829.51,15.1946
2/7/2013,-1102.21,22.7639
2/8/2013,-1169.16,-22.8929
2/11/2013,1874.16,22.8794
2/12/2013,-76.0012,15.2756
2/13/2013,441.266,61.1734
2/14/2013,68.5304,0
2/15/2013,-1757.21,160.556
2/19/2013,551.79,-30.8139
2/20/2013,348.19,0
2/21/2013,180.566,30.2478
2/22/2013,1457.35,-22.8884
2/25/2013,-1482.92,37.445
2/26/2013,-1199.74,45.2165
2/27/2013,2430.48,0
2/28/2013,796.847,15.2559
3/1/2013,-1247.5,863.941
3/4/2013,-1085.12,291.858
3/5/2013,2252.71,147.337
3/6/2013,1135.61,15.5286
3/7/2013,1207.44,54.4609
3/8/2013,1415.04,54.7036
3/11/2013,1014.11,54.8915
3/12/2013,-918.344,-31.2915
3/13/2013,1964.43,-23.5079
3/14/2013,-3621.6,-86.6726
3/15/2013,2968.57,-23.6024
3/18/2013,-2944.49,109.529
3/19/2013,834.836,85.8555
3/20/2013,-552.508,54.9976
3/21/2013,-2585.37,23.3798
3/22/2013,-1033.79,141.263
3/25/2013,650.738,116.775
3/26/2013,523.258,141.263
3/27/2013,-124.897,47.0591
3/28/2013,838.581,228.391
4/1/2013,468.155,-15.682
4/2/2013,-541.166,47.2919
4/3/2013,1210.83,101.393
4/4/2013,-771.569,-70.4854
4/5/2013,54.3267,-31.1891
4/8/2013,328.08,0
4/9/2013,-423.316,0
4/10/2013,650.684,-63.7959
4/11/2013,692.857,24.0129
4/12/2013,166.769,-39.9025
4/15/2013,372.453,-233.925
4/16/2013,-1959.67,31.6331
4/17/2013,-977.453,-179.296
4/18/2013,708.935,38.7175
4/19/2013,-2207.86,-195.312
4/22/2013,-960.694,0
4/23/2013,686.574,71.3764
4/24/2013,812.95,87.2446
4/25/2013,-364.534,0
4/26/2013,577.455,0
4/29/2013,509.91,0
4/30/2013,-1980.81,-16.055
5/1/2013,284.877,214.718
5/2/2013,15.9725,-32.114
5/3/2013,815.378,0
5/6/2013,2944.2,65.036
5/7/2013,1325.38,236.971
5/8/2013,-114.357,98.509
5/9/2013,1009.6,57.2785
5/10/2013,-629.637,16.437
5/13/2013,294.422,32.873
5/14/2013,1412.9,124.56
5/15/2013,855.645,0
5/16/2013,-479.431,0
5/17/2013,300.638,-109.114
5/20/2013,-1468.78,-50.323
5/21/2013,384.554,0
5/22/2013,-1459.38,-33.338
5/23/2013,-223.268,-24.9305
5/24/2013,206.613,0
5/28/2013,499.013,-267.489
5/29/2013,-611.212,-49.807
5/30/2013,-132.668,-50.0011
5/31/2013,-956.25,-16.429
6/3/2013,370,33.056
6/4/2013,-1341.1,24.6545
6/5/2013,-1000.33,0
6/6/2013,675.33,0
6/7/2013,2315.57,0
6/10/2013,-172.998,0
6/11/2013,-603.465,57.373
6/12/2013,347.825,0
6/13/2013,2052.25,0
6/14/2013,-359.081,0
6/17/2013,-781.13,33.058
6/18/2013,1168.36,91.6115
6/19/2013,-16.3402,-16.427
6/20/2013,-2598.23,208.237
6/21/2013,-2631.19,0
6/24/2013,2324.4,-15.867
6/25/2013,55.4919,240.27
6/26/2013,-1032.72,185.08
6/27/2013,-346.395,170.046
6/28/2013,8.0194,161.26
7/1/2013,-1588.93,-1062.08
7/2/2013,1830.29,-162.09
7/3/2013,1315.33,-24.3335
7/5/2013,1931.98,-163.88
7/8/2013,795.104,0
7/9/2013,1420.07,141.084
7/10/2013,437.671,24.902
7/11/2013,3750.03,151.46
7/12/2013,-948.785,202.574
7/15/2013,1303.21,126.788
7/16/2013,1951.77,117.891
7/17/2013,1402.92,50.6761
7/18/2013,1376.35,-42.4425
7/19/2013,-3975.07,51.0129
7/22/2013,703.41,0
7/23/2013,-786.7,187.1
7/24/2013,-58.9963,0
7/25/2013,2129.1,-33.9761
7/26/2013,-837.118,0
7/29/2013,867.746,67.755
7/30/2013,724.816,0
7/31/2013,505.694,25.4231
8/1/2013,571.807,94.3779
8/2/2013,25.65,197.672
8/5/2013,529.276,0
8/6/2013,-865.803,0
8/7/2013,-465.232,255.12
8/8/2013,1138.12,34.1581
8/9/2013,-770.299,0
8/12/2013,169.105,0
8/13/2013,-1891.15,153.467
8/14/2013,-675.077,-84.835
8/15/2013,-3211.44,-16.728
8/16/2013,-6252.77,16.674
8/19/2013,-964.625,-49.723
8/20/2013,736.591,-332.78
8/21/2013,1464.77,-157.17
8/22/2013,-290.491,0
8/23/2013,-375.01,58.6435
8/26/2013,564.403,-116.811
8/27/2013,-2663.07,-82.11
8/28/2013,-352.285,32.944
8/29/2013,-1018.04,33.007
8/30/2013,-1710.61,-32.905
9/3/2013,73.9753,0
9/4/2013,-571.839,0
9/5/2013,431.476,0
9/6/2013,-1568.52,-41.7125
9/9/2013,4702.3,-33.7081
9/10/2013,844.327,42.4425
9/11/2013,2032.82,323.588
9/12/2013,-1258.15,42.445
9/13/2013,-220.134,34.0521
9/16/2013,3542.13,136.966
9/17/2013,1804.17,206.33
9/18/2013,4240.54,60.9116
9/19/2013,-3507.68,191.115
9/20/2013,1553.5,0
9/23/2013,-1138.38,248.918
9/24/2013,-1347.41,-93.7234
9/25/2013,-1157.85,-186.946
9/26/2013,0,-264.381
9/27/2013,-76.0267,0
9/30/2013,-1142.11,118.206
10/1/2013,1591.52,0
10/2/2013,2724.59,-93.5804
10/3/2013,-1090.12,-151.757
10/4/2013,-1528.53,0
10/7/2013,-1130.37,-75.7686
10/8/2013,-2498.29,-49.903
10/9/2013,-629.129,58.2569
10/10/2013,3468.53,212.65
10/11/2013,876.821,-179.747
10/14/2013,1675.32,-60.1625
10/15/2013,-611.078,85.335
10/16/2013,5146.03,-86.525
10/17/2013,753.736,-17.4241
10/18/2013,-1351.67,0
10/21/2013,-462.235,-78.9223
10/22/2013,-1271.83,-79.3777
10/23/2013,157.144,122.894
10/24/2013,0,-61.6501
10/25/2013,-519.014,0
10/28/2013,308.299,0
10/29/2013,1373.01,0
10/30/2013,-1084.33,159.56
10/31/2013,-412.795,-70.6509
11/1/2013,-4386.45,1868.82
11/4/2013,1122.62,791.079
11/5/2013,167.501,53.1848
11/6/2013,1745.04,0
11/7/2013,-1127.93,228.595
11/8/2013,1302.53,80.1867
11/11/2013,-443.356,98.0848
11/12/2013,115.001,0
11/13/2013,-160.567,0
11/14/2013,618.614,0
11/15/2013,-4195.46,27.1594
11/18/2013,385.73,117.265
11/19/2013,1835.52,0
11/20/2013,-1052.77,161.486
11/21/2013,2266.64,0
11/22/2013,235.044,-190.909
11/25/2013,1309.21,-127.115
11/26/2013,1977.86,0
11/27/2013,353.177,-91.065
11/29/2013,-1113.03,0
12/2/2013,1615.44,-90.755
12/3/2013,-305.887,-45.235
12/4/2013,-2830.97,0
12/5/2013,1610.76,-503.914
12/6/2013,2615.31,163.808
12/9/2013,1196.74,264.395
12/10/2013,695.899,36.3507
12/11/2013,-428.966,17.9741
12/12/2013,454.18,-89.55
12/13/2013,-293.848,-44.77
12/16/2013,609.326,-117.142
12/17/2013,-1768.76,359.32
12/18/2013,2615.47,45.665
12/19/2013,-3031.89,-36.5182
12/20/2013,5252.66,403.614
12/23/2013,802.708,697.298
12/24/2013,393.41,294.497
12/26/2013,119.509,970.883
12/27/2013,-579.049,628.659
12/30/2013,303.28,-1848.8
12/31/2013,1531.7,9.2844
1/2/2014,-603.686,-92
1/3/2014,310.897,-101.176
1/6/2014,-1149.26,-100.917
1/7/2014,-587.308,27.6904
1/8/2014,-137.661,0
1/9/2014,-560.013,175.458
1/10/2014,469.285,0
1/13/2014,-1263.1,283.338
1/14/2014,9.1829,-157.064
1/15/2014,-535.501,0
1/16/2014,-1088.05,-241.135
1/17/2014,101.031,0
1/21/2014,-1446.04,0
1/22/2014,-1437.83,-27.8119
1/23/2014,-1479.89,-147.019
1/24/2014,-5322.07,-206.93
1/27/2014,-275.942,-241.746
1/28/2014,823.943,-18.0116
1/29/2014,-2890.19,-196.186
1/30/2014,986.234,-180.36
1/31/2014,-4177.81,0
2/3/2014,-3386.18,-2469.05
2/4/2014,-1342.07,-741.092
2/5/2014,-761.817,-35.2268
2/6/2014,-230.62,62.4516
2/7/2014,-1294.15,54.2378
2/10/2014,2736.45,0
2/11/2014,3149.04,-18.3111
2/12/2014,910.325,192.3
2/13/2014,439.524,331.612
2/14/2014,1361.82,0
2/18/2014,-460.675,-74.1469
2/19/2014,-1611.11,0
2/20/2014,1096.06,0
2/21/2014,-1627.37,-9.2524
2/24/2014,1729.94,0
2/25/2014,766.824,83.6483
2/26/2014,-231.018,-111.553
2/27/2014,37.1525,0
2/28/2014,93.134,-103.062
3/3/2014,-2228.13,0
3/4/2014,2421.6,2710
3/5/2014,-1051.38,349.423
3/6/2014,28.2081,0
3/7/2014,1675.11,132.547
3/10/2014,583.226,85.1783
3/11/2014,-561.582,94.16
3/12/2014,580.633,-47.1075
3/13/2014,-148.11,0
3/14/2014,-627.728,0
3/17/2014,-242.306,9.3732
3/18/2014,1595.74,0
3/19/2014,-1819.24,140.782
3/20/2014,206.48,-103.865
3/21/2014,4667.82,-18.8301
3/24/2014,-2614.63,215.486
3/25/2014,-27.945,103.062
3/26/2014,-1035.84,186.09
3/27/2014,-1717.26,-37.1486
3/28/2014,-1270.77,0
3/31/2014,168.296,451.487
4/1/2014,3945.24,331.537
4/2/2014,236.109,-85.5158
4/3/2014,-66.0431,104.404
4/4/2014,93.1582,84.3446
4/7/2014,2580.43,203.974
4/8/2014,-27.7532,279.27
4/9/2014,168.383,159.997
4/10/2014,-2115.94,101.363
4/11/2014,-3275.71,-82.1532
4/14/2014,-759.33,82.8281
4/15/2014,939.447,370.64
4/16/2014,837.613,0
4/17/2014,1267.49,0
4/21/2014,-1440.68,0
4/22/2014,-704.494,0
4/23/2014,-937.367,47.1525
4/24/2014,-525.831,56.6855
4/25/2014,-558.841,46.8525
4/28/2014,1644.65,0
4/29/2014,929.534,-37.7863
4/30/2014,-2081.29,0
5/1/2014,-2034.04,0
5/2/2014,-620.681,0
5/5/2014,-150.755,56.8805
5/6/2014,-298.814,46.9725
5/7/2014,300.614,85.06
5/8/2014,-375.352,160.498
5/9/2014,1767.14,56.7397
5/12/2014,66.4296,257.811
5/13/2014,351.393,0
5/14/2014,-586.17,0
5/15/2014,-1114.78,0
5/16/2014,-2849.02,-113.521
5/19/2014,443.65,0
5/20/2014,-84.4101,-1207.74
5/21/2014,-642.979,-76.1068
5/22/2014,2379.27,-371.965
5/23/2014,-1189.91,0
5/27/2014,1302.34,125.26
5/28/2014,1052.35,0
5/29/2014,327.053,48.395
5/30/2014,1060.05,0
6/2/2014,-800.507,-97.045
6/3/2014,-327.8,38.8024
6/4/2014,202.886,0
6/5/2014,1118.33,0
6/6/2014,-244.268,0
6/9/2014,-283.632,108.26
6/10/2014,655.117,157.43
6/11/2014,-419.011,0
6/12/2014,-29.0408,48.695
6/13/2014,834.962,0
6/16/2014,942.556,0
6/17/2014,983.552,-97.99
6/18/2014,1128.49,19.7512
6/19/2014,-1876.92,-158.228
6/20/2014,1851.61,148.59
6/23/2014,-137.14,0
6/24/2014,1060.94,39.1864
6/25/2014,635.779,-157.502
6/26/2014,-537.423,0
6/27/2014,-48.9521,0
6/30/2014,538.294,39.3964
7/1/2014,404.026,-1160.41
7/2/2014,-749.462,-158.798
7/3/2014,148.729,0
7/7/2014,-128.403,-159.046
7/8/2014,2727.23,227.089
7/9/2014,985.622,357.1
7/10/2014,265.014,0
7/11/2014,688.154,197.88
7/14/2014,-1056.97,109.366
7/15/2014,3214.13,0
7/16/2014,-3772.57,1056.34
7/17/2014,-1350.45,0
7/18/2014,-3084.42,0
7/21/2014,-937.021,109.195
7/22/2014,1179.6,29.9359
7/23/2014,69.5183,0
7/24/2014,-29.8104,129.992
7/25/2014,49.436,19.9032
7/28/2014,1216.48,-59.7276
7/29/2014,6114.23,0
7/30/2014,256.047,0
7/31/2014,-1100.35,67.9992
8/1/2014,-1944.22,1065.51
8/4/2014,-8559.76,360.973
8/5/2014,-2640.31,67.6387
8/6/2014,825.967,0
8/7/2014,-1700.48,0
8/8/2014,1739.37,291.75
8/11/2014,2461.65,0
8/12/2014,0,165.541
8/13/2014,1451.75,0
8/14/2014,1849.53,0
8/15/2014,-2798.91,98.495
8/18/2014,1006.77,-1023.2
8/19/2014,2440.64,-49.93
8/20/2014,596.785,0
8/21/2014,-1785.69,140.576
8/22/2014,1155.05,0
8/25/2014,-130.058,100.705
8/26/2014,570.881,-60.4897
8/27/2014,-510.919,30.2554
8/28/2014,490.126,0
8/29/2014,772.792,-40.4105
9/2/2014,591.85,-807.76
9/3/2014,-521.325,-312.819
9/4/2014,-650.671,0
9/5/2014,452.729,0
9/8/2014,461.462,-50.4875
9/9/2014,-269.099,-60.1927
9/10/2014,1150.41,0
9/11/2014,300.451,-131.045
9/12/2014,189.163,220.452
9/15/2014,397.954,-40.0564
9/16/2014,3648.39,726.373
9/17/2014,1284.62,646.53
9/18/2014,463.986,416.271
9/19/2014,1846.38,182.663
9/22/2014,1841.56,100.665
9/23/2014,1573.77,90.0879
9/24/2014,2902.88,0
9/25/2014,-3012.99,19.7592
9/26/2014,-1326.63,-59.7966
9/29/2014,-948.076,69.5882
9/30/2014,-462.891,-29.7408
10/1/2014,-1992.47,1193.59
10/2/2014,-145.804,362.003
10/3/2014,-678.18,-49.4675
10/6/2014,1089.3,167.936
10/7/2014,-2155.38,321.056
10/8/2014,2114.99,0
10/9/2014,703.345,446.112
10/10/2014,2238.52,0
10/13/2014,-1002.48,0
10/14/2014,-1210.52,236.125
10/15/2014,-1964.17,833.882
10/16/2014,-1824.86,-777.792
10/17/2014,-3536.28,0
10/20/2014,-1103.89,28.7343
10/21/2014,2648.76,478.561
10/22/2014,2408.19,0
10/23/2014,2954.59,333.729
10/24/2014,1001.63,217.454
10/27/2014,627.534,197.4
10/28/2014,109.14,139.827
10/29/2014,-673.845,109.723
10/30/2014,1396.04,100.375
10/31/2014,4398.56,111.714
11/3/2014,847.33,0
11/4/2014,1096.41,-91.132
11/5/2014,-1103.03,61.1257
11/6/2014,1849.26,0
11/7/2014,1575.74,0
11/10/2014,1866.28,153.998
11/11/2014,1398.14,606.133
11/12/2014,91.8002,0
11/13/2014,-1235.09,0
11/14/2014,-296.119,0
11/17/2014,-1798.52,0
11/18/2014,184.922,837.706
11/19/2014,82.0599,20.649
11/20/2014,1397.95,0
11/21/2014,-1798.1,-208.07
11/24/2014,663.271,0
11/25/2014,1273.43,166.764
11/26/2014,-436.145,-104.545
11/28/2014,-766.542,0
12/1/2014,3076.29,41.4262
12/2/2014,-890.486,291.877
12/3/2014,-1081.19,125.587
12/4/2014,488.051,0
12/5/2014,-239.224,-20.9379
12/8/2014,-702.29,-20.7953
12/9/2014,154.88,-62.3708
12/10/2014,-1655.75,71.5797
12/11/2014,234.755,0
12/12/2014,-4137.36,-101.08
12/15/2014,-3133.42,0
12/16/2014,1790.94,-627.416
12/17/2014,2029.2,-223.576
12/18/2014,6895.72,-291.423
12/19/2014,12611.3,62.7304
12/22/2014,1814.66,31.4961
12/23/2014,1817.92,178.758
12/24/2014,-747.857,52.2975
12/26/2014,-1021.29,272.848
12/29/2014,1001.46,-42.0206
12/30/2014,31.1515,73.1828
12/31/2014,-1325.49,1117.47
1/2/2015,-2116.24,-62.0645
1/5/2015,-2400.42,-650.018
1/6/2015,-1469.43,-181.187
1/7/2015,-1891.6,0
1/8/2015,205.931,-51.8425
1/9/2015,-2205.36,-10.279
1/12/2015,-496.243,122.371
1/13/2015,-2171.98,244.154
1/14/2015,-1315.74,131.481
1/15/2015,-1960.37,260.55
1/16/2015,-3882.59,111.708
1/20/2015,696.93,162.742
1/21/2015,-71.0413,-51.1025
1/22/2015,-546.14,-705.601
1/23/2015,-245.937,0
1/26/2015,-369.879,144.854
1/27/2015,-2513.92,-316.452
1/28/2015,-2770.27,0
1/29/2015,-1231.82,-355.88
1/30/2015,498.298,-511.834
2/2/2015,111.045,0
2/3/2015,1249.42,-20.6273
2/4/2015,-1540.45,0
2/5/2015,2041.07,72.6683
2/6/2015,1746.92,372.543
2/9/2015,347.933,-20.605
2/10/2015,-682.617,239.555
2/11/2015,806.993,0
2/12/2015,-532.854,-452.445
2/13/2015,-1028.16,-105.655
2/17/2015,178.673,-31.7572
2/18/2015,-1292.34,-21.1568
2/19/2015,-2477.37,-222.005
2/20/2015,1911.85,-329.76
2/23/2015,-506.852,-53.1725
2/24/2015,148.235,-95.9786
2/25/2015,867.781,-10.6549
2/26/2015,-10.5662,202.223
2/27/2015,-1327.76,10.6159
3/2/2015,-752.78,395.069
3/3/2015,232.211,-170.076
3/4/2015,-210.213,0
3/5/2015,-978.701,-180.167
3/6/2015,-1463.06,-73.1379
3/9/2015,791.772,0
3/10/2015,-1444.22,-20.6293
3/11/2015,-163.592,-92.6665
3/12/2015,1108.04,-62.5655
3/13/2015,-771.98,-207.3
3/16/2015,5247.25,157.583
3/17/2015,20.7898,52.3525
3/18/2015,2893.93,0
3/19/2015,-2293.48,0
3/20/2015,2156.57,138.338
3/23/2015,357.053,0
3/24/2015,720.218,-52.7925
3/25/2015,-3939.63,-20.7113
3/26/2015,-2668.14,92.977
3/27/2015,-2541.2,-62.1458
3/30/2015,416.599,73.3928
3/31/2015,-1744.84,-145.505
4/1/2015,-1676.44,0
4/2/2015,-722.49,-93.517
4/6/2015,-935.051,62.7514
4/7/2015,-1150.87,104.375
4/8/2015,-1996.79,-62.8144
4/9/2015,-1974.35,-63.0964
4/10/2015,-462.023,-10.5749
4/13/2015,752.649,0
4/14/2015,471.171,168.652
4/15/2015,1862.8,0
4/16/2015,-1219.9,0
4/17/2015,-2786.53,-62.8058
4/20/2015,262.34,95.0786
4/21/2015,1655.57,52.7425
4/22/2015,-789.889,-53.0125
4/23/2015,3600.15,0
4/24/2015,-751.271,0
4/27/2015,-1464.73,-21.2183
4/28/2015,-190.223,-42.5566
4/29/2015,-3927.27,-95.3916
4/30/2015,-2042.88,115.415
5/1/2015,1949.26,-84.8587
5/4/2015,517.793,0
5/5/2015,-1691.85,0
5/6/2015,280.821,-20.9423
5/7/2015,1357.55,0
5/8/2015,2931.51,63.9279
5/11/2015,-1727.15,296.855
5/12/2015,840.077,0
5/13/2015,-525.004,-73.9948
5/14/2015,859.741,-74.7998
5/15/2015,-95.6131,-85.5587
5/18/2015,-3335.4,85.8227
5/19/2015,1022.54,32.1692
5/20/2015,-191.575,0
5/21/2015,-106.69,0
5/22/2015,31.9412,0
5/26/2015,-1738.49,127.285
5/27/2015,2094.93,-64.2334
5/28/2015,393.044,0
5/29/2015,95.0058,-127.525
6/1/2015,486.613,-181.051
6/2/2015,-1088.56,-138.312
6/3/2015,-1281.73,-159.968
6/4/2015,-934.682,-21.1463
6/5/2015,83.9045,-105.575
6/8/2015,312.646,-167.853
6/9/2015,2596.1,52.4775
6/10/2015,1899.32,95.6031
6/11/2015,-137.455,-244.811
6/12/2015,-241.508,-116.273
6/15/2015,1024.3,-21.0443
6/16/2015,494.025,-211.64
6/17/2015,568.739,63.6154
6/18/2015,-382.937,0
6/19/2015,-2084.85,-149.131
6/22/2015,-31.7731,85.7387
6/23/2015,625.475,-53.625
6/24/2015,641.938,0
6/25/2015,-2067.08,-21.1143
6/26/2015,-199.307,0
6/29/2015,-2557.9,258.375
6/30/2015,-1751.1,62.1818
7/1/2015,964.821,365.348
7/2/2015,-145.187,0
7/6/2015,3719.36,72.7634
7/7/2015,2203.59,251.007
7/8/2015,-40.9008,-82.2987
7/9/2015,3586.68,309.33
7/10/2015,1639.07,-41.7545
7/13/2015,220.274,0
7/14/2015,-1148.43,84.8107
7/15/2015,505.371,0
7/16/2015,636.773,181.544
7/17/2015,-1487.44,106.905
7/20/2015,872.035,0
7/21/2015,-4701.85,-159.81
7/22/2015,-295.83,-138.182
7/23/2015,872.029,-84.5587
7/24/2015,-51.9714,135.94
7/27/2015,-1550.16,0
7/28/2015,-20.919,0
7/29/2015,305.657,74.2258
7/30/2015,-1707.64,0
7/31/2015,220.872,-63.4869
8/3/2015,-52.4411,0
8/4/2015,177.9,105.28
8/5/2015,273.034,95.0876
8/6/2015,1521.78,0
8/7/2015,-2026.75,83.6467
8/10/2015,736.86,0
8/11/2015,-1115.81,0
8/12/2015,1242.41,0
8/13/2015,-83.4344,0
8/14/2015,-136.093,157.988
8/17/2015,-105.256,0
8/18/2015,-1428.01,21.1283
8/19/2015,781.074,0
8/20/2015,183.524,-123.073
8/21/2015,-1392.18,99.31
8/24/2015,-3917.93,-9.5377
8/25/2015,5278.43,84.7001
8/26/2015,505.604,156.468
8/27/2015,-866.458,20.0372
8/28/2015,1415.24,-140.352
8/31/2015,2530.42,-228.665
9/1/2015,3616.93,-57.8945
9/2/2015,-2852.9,-58.9566
9/3/2015,-1741.21,-177.092
9/4/2015,-5462.19,125.949
9/8/2015,29.6178,-188.72
9/9/2015,-1227.15,-254.681
9/10/2015,-1135.78,29.5428
9/11/2015,7161.95,0
9/14/2015,3782.19,-98.55
9/15/2015,2609.88,-139.744
9/16/2015,-90.0904,70.4781
9/17/2015,1158.37,-120.535
9/18/2015,-5160.52,0
9/21/2015,-3622.99,0
9/22/2015,242.443,0
9/23/2015,1432.4,0
9/24/2015,2314.99,48.765
9/25/2015,829.151,-29.0882
9/28/2015,1653.83,264.563
9/29/2015,-216.397,122.992
9/30/2015,-1620.47,-48.2075
10/1/2015,-3804.82,0
10/2/2015,1686.11,137.203
10/5/2015,0,0
10/6/2015,1542.73,179.006
10/7/2015,2124.16,160.454
10/8/2015,482.906,-161.87
10/9/2015,-1117.55,192.362
10/12/2015,80.6507,10.1407
10/13/2015,-2232.89,-161.108
10/14/2015,1285.65,10.0257
10/15/2015,1962.23,10.169
10/16/2015,-3170.11,0
10/19/2015,1138.31,-30.6618
10/20/2015,-1674.64,0
10/21/2015,-464.212,-71.0407
10/22/2015,2339.16,-92.86
10/23/2015,-726.075,323.365
10/26/2015,1842.8,41.6402
10/27/2015,-557.623,31.1586
10/28/2015,846.403,31.5242
10/29/2015,-2705.47,115.552
10/30/2015,1341.03,0
11/2/2015,-1041.36,42.3166
11/3/2015,400.801,233.366
11/4/2015,-904.203,21.1418
11/5/2015,-567.234,0
11/6/2015,630.107,0
11/9/2015,-31.1954,20.9203
11/10/2015,-635.591,-157.17
11/11/2015,1505.95,-20.8903
11/12/2015,-2253.43,-103
11/13/2015,-1509.12,10.1887
11/16/2015,1480.39,-341.169
11/17/2015,-862.586,30.9782
11/18/2015,1346.14,94.4467
11/19/2015,-896.466,283.042
11/20/2015,837.207,231.54
11/23/2015,1034.82,31.5347
11/24/2015,-334.895,0
11/25/2015,1088.38,0
11/27/2015,-83.7819,-21.0683
11/30/2015,10.4233,-41.9362
12/1/2015,1707.06,127.171
12/2/2015,-1261.37,83.8667
12/3/2015,-390.475,92.9977
12/4/2015,1038.08,-253.088
12/7/2015,374.899,31.4162
12/8/2015,-1407.23,83.2427
12/9/2015,-1858.53,702.133
12/10/2015,-1070.4,-103.5
12/11/2015,-1706.02,-81.2028
12/14/2015,2850.26,0
12/15/2015,984.037,30.9227
12/16/2015,5158.05,52.2925
12/17/2015,-788.877,309.075
12/18/2015,-3231.05,-161.91
12/21/2015,1381.28,-10.197
12/22/2015,3326.29,-30.8765
12/23/2015,3645.94,229.208
12/24/2015,606.686,51.7125
12/28/2015,-2000.78,299.283
12/29/2015,342.25,62.5325
12/30/2015,-2111.01,0
12/31/2015,-499.841,-92.2552
1/4/2016,-3636.99,70.6706
1/5/2016,312.079,-111.279
1/6/2016,874.609,0
1/7/2016,-3871.69,29.2518
1/8/2016,-1708.5,-356.885
1/11/2016,2843.52,0
1/12/2016,-3204.56,-9.7266
1/13/2016,226.582,-28.4598
1/14/2016,2994.73,19.2922
1/15/2016,-403.843,-9.441
1/19/2016,4049.93,-84.979
1/20/2016,510.864,102.672
1/21/2016,1381.86,300.241
1/22/2016,180.996,0
1/25/2016,-121.908,0
1/26/2016,1521.54,95.565
1/27/2016,-1627.41,0
1/28/2016,1466.26,66.5432
1/29/2016,-1570.38,-126.651
2/1/2016,29.0737,-584.25
2/2/2016,-1540.39,-305.771
2/3/2016,-372.808,-230.57
2/4/2016,47.8777,-67.3657
2/5/2016,-770.743,-56.6737
2/8/2016,722.87,186.26
2/9/2016,3427.45,-130.328
2/10/2016,1751.03,-83.7911
2/11/2016,-366.11,0
2/12/2016,-858.517,140.67
2/16/2016,-673.684,28.6068
2/17/2016,694.457,29.0823
2/18/2016,-422.445,-48.2475
2/19/2016,-3898.45,-19.3022
2/22/2016,457.799,0
2/23/2016,-48.1,0
2/24/2016,-1565.41,-9.7096
2/25/2016,791.738,29.4723
2/26/2016,526.9,284.42
2/29/2016,-29.0305,-97.285
3/1/2016,-941.406,-29.8879
3/2/2016,1413.14,130.05
3/3/2016,-2057.4,80.3148
3/4/2016,320.649,-40.2945
3/7/2016,601.791,30.2463
3/8/2016,-69.432,-49.855
3/9/2016,1675.13,0
3/10/2016,-259.3,-50.1275
3/11/2016,1906.04,30.5825
3/14/2016,921.498,223.955
3/15/2016,-1091.67,304.845
3/16/2016,823.366,30.662
3/17/2016,-2967.17,308.595
3/18/2016,-2729.77,-165.316
3/21/2016,3407.91,41.3705
3/22/2016,1268.09,237.692
3/23/2016,467.415,-30.6378
3/24/2016,253.933,30.6258
3/28/2016,-1412.65,40.8605
3/29/2016,574.249,123.673
3/30/2016,885.81,20.7063
3/31/2016,-2569.78,41.3285
4/1/2016,1727.49,207.94
4/4/2016,1784.18,0
4/5/2016,-735.017,71.8248
4/6/2016,1104.19,103.72
4/7/2016,-856.488,-358.697
4/8/2016,327.188,-51.385
4/11/2016,50.9839,-92.239
4/12/2016,710.39,-10.3455
4/13/2016,218.403,0
4/14/2016,301.692,-115.025
4/15/2016,-4593.61,114.91
4/18/2016,1087.93,84.1147
4/19/2016,104.93,0
4/20/2016,1743.25,-73.8898
4/21/2016,835.787,10.4984
4/22/2016,1086.57,126.019
4/25/2016,-1407.9,-20.9663
4/26/2016,971.698,0
4/27/2016,-209.325,-10.5174
4/28/2016,-1400.01,-72.9658
4/29/2016,0,82.9667
5/2/2016,-3192.35,-41.8042
5/3/2016,-1597.85,-51.8075
5/4/2016,-563.735,20.6063
5/5/2016,-1086.47,-61.8158
5/6/2016,-185.095,31.0082
5/9/2016,-1327.58,0
5/10/2016,3240.51,0
5/11/2016,567.911,0
5/12/2016,423.317,0
5/13/2016,563.11,82.333
5/16/2016,940.88,41.5662
5/17/2016,-1536.82,102.98
5/18/2016,-1988.32,0
5/19/2016,-469.729,-10.261
5/20/2016,-595.884,123.925
5/23/2016,51.2653,0
5/24/2016,654.743,41.7842
5/25/2016,3045.51,0
5/26/2016,-481.396,84.1547
5/27/2016,-893.459,137.37
5/31/2016,-1239.16,-105.565
6/1/2016,115.662,0
6/2/2016,326.914,0
6/3/2016,-2944.26,0
6/6/2016,1986.54,159.337
6/7/2016,444.372,63.8164
6/8/2016,-42.4721,32.0207
6/9/2016,264.992,0
6/10/2016,252.076,0
6/13/2016,750.346,83.8027
6/14/2016,197.654,125.491
6/15/2016,-31.1478,0
6/16/2016,375.087,167.58
6/17/2016,-1725.35,-146.156
6/20/2016,2047.11,-62.9974
6/21/2016,948.262,20.9539
6/22/2016,93.633,0
6/23/2016,1117.49,-106.02
6/24/2016,-6077.97,-500.85
6/27/2016,-489.021,562.042
6/28/2016,-2336.65,-480.2
6/29/2016,1467.35,41.5705
6/30/2016,1937.6,273.855
7/1/2016,881.645,95.0021
7/5/2016,312.739,241.131
7/6/2016,251.619,158.153
7/7/2016,2021.85,21.0723
7/8/2016,3169.37,0
7/11/2016,2433.22,85.8627
7/12/2016,429.866,32.4227
7/13/2016,-881.429,194.594
7/14/2016,-118.86,358.626
7/15/2016,496.595,-195.434
7/18/2016,-887.371,108.835
7/19/2016,334.996,-65.215
7/20/2016,271.345,229.24
7/21/2016,-270.371,21.7487
7/22/2016,1401.45,240.384
7/25/2016,292.44,108.935
7/26/2016,130.029,98.0802
7/27/2016,649.355,-32.6522
7/28/2016,411.943,54.515
7/29/2016,-314.9,54.605
8/1/2016,-791.66,250.86
8/2/2016,-851.32,0
8/3/2016,-108.131,0
8/4/2016,-540.907,87.0427
8/5/2016,567.373,87.7907
8/8/2016,250.756,142.544
8/9/2016,1417.89,43.8807
8/10/2016,-805.1,0
8/11/2016,1858.52,65.9703
8/12/2016,873.939,0
8/15/2016,-635.436,22.0403
8/16/2016,-839.157,87.6867
8/17/2016,-873.679,186.729
8/18/2016,-372.139,22.0183
8/19/2016,-1672.42,10.9913
8/22/2016,65.5469,0
8/23/2016,1072.76,66.064
8/24/2016,206.897,-54.765
8/25/2016,-598.137,-43.7547
8/26/2016,445.2,-76.4483
8/29/2016,775.051,0
8/30/2016,1689,-65.7573
8/31/2016,-511.037,76.5533
9/1/2016,1609.16,0
9/2/2016,1179.21,307.495
9/6/2016,164.262,187.256
9/7/2016,-930.937,99.14
9/8/2016,393.423,164.88
9/9/2016,-3571.66,-107.225
9/12/2016,3580.76,21.7623
9/13/2016,-2846.63,246.616
9/14/2016,-522.146,64.3029
9/15/2016,-322.948,97.439
9/16/2016,-4534.94,-204.93
9/19/2016,3126.43,0
9/20/2016,-800.531,0
9/21/2016,-53.9512,0
9/22/2016,314.955,285.425
9/23/2016,1554.94,21.8313
9/26/2016,-149.887,-10.7644
9/27/2016,2230.6,162.555
9/28/2016,97.5057,0
9/29/2016,-1663.85,0
9/30/2016,64.9318,0
10/3/2016,614.815,-86.7853
10/4/2016,1041.19,226.688
10/5/2016,-1401.99,0
10/6/2016,-949.517,141.062
10/7/2016,-1279.86,151.427
10/10/2016,1415.38,369.423
10/11/2016,394.799,-32.1902
10/12/2016,-598.279,161.153
10/13/2016,-937.255,85.6867
10/14/2016,809.61,-32.1377
10/17/2016,679.726,-42.7246
10/18/2016,-160.288,171.948
10/19/2016,160.662,0
10/20/2016,406.477,-43.0326
10/21/2016,-2759.55,225.89
10/24/2016,1644.27,108.075
10/25/2016,1852.22,86.1347
10/26/2016,566.463,161.227
10/27/2016,63.9387,107.165
10/28/2016,-584.322,0
10/31/2016,-1147.26,170.917
11/1/2016,-569.753,31.8302
11/2/2016,-828.209,263.562
11/3/2016,897.949,125.995
11/4/2016,-469.082,62.8988
11/7/2016,3398.94,332.178
11/8/2016,3413.34,398.158
11/9/2016,4197.93,54.405
11/10/2016,3447.69,457.927
11/11/2016,-411.419,141.543
11/14/2016,-519.706,337.525
11/15/2016,425.499,307.215
11/16/2016,-664.657,120.542
11/17/2016,-2879.2,-176.156
11/18/2016,-1977.09,-109.85
11/21/2016,3114.24,232.411
11/22/2016,-2690.97,244.014
11/23/2016,551.895,222.02
11/25/2016,-3778.62,22.2836
11/28/2016,3428.57,388.062
11/29/2016,-839.155,210.995
11/30/2016,143.19,553.9
12/1/2016,812.273,11.0395
12/2/2016,2778.16,154.609
12/5/2016,-1203.97,0
12/6/2016,1939.59,111.47
12/7/2016,887.239,90.368
12/8/2016,1992.33,215.109
12/9/2016,1426.64,193.613
12/12/2016,4184.8,250.283
12/13/2016,-170.786,274.872
12/14/2016,-11.2945,340.83
12/15/2016,-4875.64,171.083
12/16/2016,2025.47,0
12/19/2016,-766.708,536.2
12/20/2016,3033.17,-160.321
12/21/2016,1930.65,-11.3585
12/22/2016,-3144.5,34.017
12/23/2016,688.431,261.142
12/27/2016,1131.12,-113.795
12/28/2016,605.803,33.8595
12/29/2016,448.628,-282.1
12/30/2016,491.213,22.464
1/3/2017,1576.29,305.843
1/4/2017,-249.176,-91.16
1/5/2017,-1086.48,-68.319
1/6/2017,-2294.88,-228.6
1/9/2017,441.509,-91.116
1/10/2017,-1335.85,34.1685
1/11/2017,-1793.91,0
1/12/2017,1631.48,0
1/13/2017,-1918.24,68.517
1/17/2017,-237.652,204.939
1/18/2017,136.063,79.8525
1/19/2017,-1491.32,0
1/20/2017,-2924.75,125.455
1/23/2017,667.056,147.869
1/24/2017,1672.89,57.2475
1/25/2017,1743.68,34.6245
1/26/2017,2636.57,-103.797
1/27/2017,1340.11,34.5705
1/30/2017,-637.595,0
1/31/2017,-1228.56,274.668
2/1/2017,-2037.28,-435.119
2/2/2017,-1901.9,-137.496
2/3/2017,1043.97,0
2/6/2017,-1064.66,138.216
2/7/2017,916.088,115.21
2/8/2017,-1272.34,34.5975
2/9/2017,-161.426,0
2/10/2017,1365.5,58.215
2/13/2017,174.533,35.121
2/14/2017,3084.96,199.878
2/15/2017,-129.199,153.634
2/16/2017,-1161.9,200.753
2/17/2017,-2022.06,11.829
2/21/2017,1774.05,214.2
2/22/2017,165.415,142.662
2/23/2017,-212.788,190.32
2/24/2017,1823.65,131.071
2/27/2017,-142.267,-23.858
2/28/2017,2897.23,23.798
3/1/2017,8200.3,120.635
3/2/2017,-3158.7,35.982
3/3/2017,-4341.01,0
3/6/2017,1794.97,382.752
3/7/2017,-367.467,1562.44
3/8/2017,1951.94,404.719
3/9/2017,-295.987,178.695
3/10/2017,249.454,131.472
3/13/2017,1057.89,23.921
3/14/2017,23.6939,309.933
3/15/2017,1493.25,48.084
3/16/2017,-4603.84,192.024
3/17/2017,-3640.93,0
3/20/2017,544.464,-11.962
3/21/2017,2864.11,106.335
3/22/2017,983.869,248.587
3/23/2017,-760.528,201.025
3/24/2017,222.118,35.2905
3/27/2017,934.281,-35.2545
3/28/2017,1635.09,224.903
3/29/2017,-1024.72,11.852
3/30/2017,-70.8793,118.87
3/31/2017,-1013.64,0
4/3/2017,-4483.47,236.83
4/4/2017,-423.938,355.5
4/5/2017,-2042.98,0
4/6/2017,1353.25,118.415
4/7/2017,47.0305,11.8315
4/10/2017,-1447.26,1290.61
4/11/2017,575.8,82.775
4/12/2017,11.7071,306.306
4/13/2017,-209.292,23.401
4/17/2017,-1032,59.0075
4/18/2017,-93.5494,152.977
4/19/2017,-1097.47,70.494
4/20/2017,588.187,153.894
4/21/2017,-3365.92,59.01
4/24/2017,6484.79,429.48
4/25/2017,202.764,2676.56
4/26/2017,95.3731,311.922
4/27/2017,-238.589,-36.015
4/28/2017,-428.642,-59.91
5/1/2017,1061.54,-564.141
5/2/2017,-4406.43,1189.68
5/3/2017,-3006.07,-96.032
5/4/2017,-35.8093,204.196
5/5/2017,-1450.2,12.061
5/8/2017,-71.9219,0
5/9/2017,2047.77,96.408
5/10/2017,-791.56,0
5/11/2017,-682.36,60.2325
5/12/2017,-1135.6,0
5/15/2017,480.484,0
5/16/2017,-84.0439,289.968
5/17/2017,-955.179,-94.928
5/18/2017,532.615,190.56
5/19/2017,-2192.51,371.721
5/22/2017,1569.03,-144.636
5/23/2017,-491.979,-24.151
5/24/2017,914.256,0
5/25/2017,1691.85,145.932
5/26/2017,2345.44,145.998
5/30/2017,422.703,60.7675
5/31/2017,1581.63,0
6/1/2017,-620.467,48.974
6/2/2017,-4127.34,0
6/5/2017,-97.5732,147.294
6/6/2017,887.886,0
6/7/2017,134.04,2194.9
6/8/2017,3668.57,0
6/9/2017,694.131,502.475
6/12/2017,352.834,183.667
6/13/2017,574.547,1611.69
6/14/2017,1221.32,221.247
6/15/2017,-5204.36,171.724
6/16/2017,1322.44,147.234
6/19/2017,-1003.17,-420.648
6/20/2017,4107.37,-2433.32
6/21/2017,133.605,0
6/22/2017,-1651.1,73.668
6/23/2017,352.619,-24.594
6/26/2017,-851.426,0
6/27/2017,-325.758,230.774
6/28/2017,-572.166,49.02
6/29/2017,48.2778,60.75
6/30/2017,-386.833,328.577
7/3/2017,-1272.33,170.779
7/5/2017,327.71,97.748
7/6/2017,0,169.519
7/7/2017,508.416,60.93
7/10/2017,-60.5817,-24.395
7/11/2017,-641.669,-24.376
7/12/2017,-865.937,343.798
7/13/2017,171.072,12.3015
7/14/2017,-319.189,346.052
7/17/2017,-12.2762,24.718
7/18/2017,-2591.88,1904.44
7/19/2017,1198.01,-12.434
7/20/2017,-259.341,-12.433
7/21/2017,3283.79,-111.856
7/24/2017,1270.22,223.479
7/25/2017,321.574,311.3
7/26/2017,-729.93,-186.833
7/27/2017,1273.18,224.001
7/28/2017,-197.516,198.856
7/31/2017,1677.67,111.775
8/1/2017,-2992.56,199.192
8/2/2017,-841.456,0
8/3/2017,1407.87,0
8/4/2017,-569.164,124.57
8/7/2017,-1202.2,0
8/8/2017,704.834,0
8/9/2017,346.148,12.446
8/10/2017,-231.58,-49.082
8/11/2017,-1305.9,12.287
8/14/2017,-850.591,111.699
8/15/2017,1750.02,-111.667
8/16/2017,728.355,0
8/17/2017,-2224.5,0
8/18/2017,-740.157,-36.6465
8/21/2017,911.105,-146.754
8/22/2017,3361.63,-49.406
8/23/2017,1467.31,0
8/24/2017,402.684,0
8/25/2017,672.33,12.307
8/28/2017,183.459,0
8/29/2017,1040.61,616.275
8/30/2017,-1340.9,1300.48
8/31/2017,-5456.2,174.398
9/1/2017,-619.913,24.966
9/5/2017,4072.95,681.395
9/6/2017,629.513,0
9/7/2017,691.26,0
9/8/2017,-727.239,161.336
9/11/2017,523.286,-125.45
9/12/2017,1212.66,0
9/13/2017,-2739.97,50.39
9/14/2017,-1412.68,0
9/15/2017,-4923.4,163.963
9/18/2017,1635.27,0
9/19/2017,4411.4,0
9/20/2017,1438.05,-1771.49
9/21/2017,-1782.8,454.158
9/22/2017,-1933.7,-50.494
9/25/2017,-174.268,-113.359
9/26/2017,-112.046,50.134
9/27/2017,-1175.04,453.042
9/28/2017,-1552.23,0
9/29/2017,1884.69,442.715
10/2/2017,-441.468,0
10/3/2017,-594.13,114.534
10/4/2017,-12.6576,50.972
10/5/2017,-152.774,320.425
10/6/2017,-2735.1,601.953
10/9/2017,1028.57,153.408
10/10/2017,980.066,12.814
10/11/2017,12.7512,166.888
10/12/2017,3360.93,179.438
10/13/2017,344.039,0
10/16/2017,867.999,115.659
10/17/2017,613.114,12.86
10/18/2017,-1035.44,25.74
10/19/2017,754.517,206
10/20/2017,3535,-232.956
10/23/2017,640.193,51.562
10/24/2017,859.265,51.648
10/25/2017,-1263.75,1400.81
10/26/2017,-575.16,0
10/27/2017,-966.314,-25.944
10/30/2017,-1310.1,284.493
10/31/2017,-1015.67,0
11/1/2017,849.886,-12.9645
11/2/2017,-824.38,194.528
11/3/2017,659.014,-104.08
11/6/2017,-3014.84,0
11/7/2017,-2056.94,442.85
11/8/2017,-906.891,391.32
11/9/2017,-116.191,38.9955
11/10/2017,425.801,-38.973
11/13/2017,-1343.26,78.027
11/14/2017,683.074,103.808
11/15/2017,-1102.53,271.058
11/16/2017,-762.813,52.07
11/17/2017,-812.457,155.808
11/20/2017,2892.5,390.03
11/21/2017,1195.75,327.15
11/22/2017,-207.818,-26.155
11/24/2017,559.676,78.63
11/27/2017,-273.256,0
11/28/2017,-1353.47,0
11/29/2017,1234.92,370.37
11/30/2017,2610.12,0
12/1/2017,952.06,133.14
12/4/2017,1492.68,545.32
12/5/2017,-776.494,92.757
12/6/2017,355.312,92.75
12/7/2017,6177.76,0
12/8/2017,-743.34,654.91
12/11/2017,2703.2,187.719
12/12/2017,2947.52,0
12/13/2017,-1093.18,13.424
12/14/2017,-8206.85,1069.72
12/15/2017,6252.41,-809.55
12/18/2017,6956.36,-1804.15
12/19/2017,280.567,121.122
12/20/2017,-2002.65,-390.007
12/21/2017,1819.34,80.85
12/22/2017,1631.3,390.601
12/26/2017,1068.62,-107.644
12/27/2017,-1082.91,0
12/28/2017,-482.264,13.494
12/29/2017,-6144.02,-40.275
1/2/2018,-1048.21,703.924
1/3/2018,-1677.03,395.096
1/4/2018,-624.76,-68.4075
1/5/2018,-1559.18,-13.7775
1/8/2018,2438.59,0
1/9/2018,-1152.64,2266.97
1/10/2018,3618.61,179.497
1/11/2018,2898.89,13.906
1/12/2018,-1598.18,97.9965
1/16/2018,-235.425,-41.8515
1/17/2018,6709.77,42.246
1/18/2018,-1116.59,-112.48
1/19/2018,3168.24,-84.735
1/22/2018,2458.95,0
1/23/2018,2450.21,28.536
1/24/2018,-750.224,228.16
1/25/2018,382.419,-28.537
1/26/2018,-3066.91,2194.5
1/29/2018,4299.24,387.221
1/30/2018,4140.07,226.976
1/31/2018,84.5341,752.255
2/1/2018,-2225.07,453.984
2/2/2018,-1847.23,708.212
2/5/2018,-5328.25,532.68
2/6/2018,-7991.11,271.03
2/7/2018,-66.9317,-107.872
2/8/2018,-7886.69,-298.54
2/9/2018,-2367.99,237.204
2/12/2018,7242.55,307.315
2/13/2018,-997.505,428.72
2/14/2018,-808.903,-122.224
2/15/2018,518.592,0
2/16/2018,-3235.84,-247.581
2/20/2018,-665.163,41.025
2/21/2018,2119.61,231.2
2/22/2018,-108.119,340.363
2/23/2018,-2979.72,207.502
2/26/2018,5029.63,97.986
2/27/2018,2112.88,469.948
2/28/2018,27.1394,218.72
3/1/2018,-3173.8,94.43
3/2/2018,-2705.54,108.476
3/5/2018,-2082.09,-54.836
3/6/2018,-2510.67,192.444
3/7/2018,-2277.76,755.7
3/8/2018,3110.71,-358.93
3/9/2018,2857.92,449.456
3/12/2018,2659.37,98.1925
3/13/2018,1978.54,-27.878
3/14/2018,165.129,83.178
3/15/2018,-5500.35,-110.824
3/16/2018,1769.84,-513.449
3/19/2018,-1176.68,-2024.64
3/20/2018,1408.71,-4000.55
3/21/2018,1108.78,54.708
3/22/2018,-3242.77,-4817.55
3/23/2018,-7924.14,25.987
3/26/2018,1776.34,-173.504
3/27/2018,2970.21,262.32
3/28/2018,-1390.09,-65.4
3/29/2018,-2634.17,66.3025
4/2/2018,-2201.93,207.432
4/3/2018,-1356.13,-26.257
4/4/2018,-514.467,132.81
4/5/2018,1089.27,0
4/6/2018,-2091.86,117.733
4/9/2018,4368.43,236.322
4/10/2018,609.883,-774.213
4/11/2018,290.084,-132.755
4/12/2018,-66.48,26.773
4/13/2018,556.825,-133.485
4/16/2018,-133.655,-67.285
4/17/2018,-337.691,68.0025
4/18/2018,689.463,204.173
4/19/2018,-591.503,0
4/20/2018,1252.95,-13.4205
4/23/2018,1146.38,1838.68
4/24/2018,-2301.63,-198.63
4/25/2018,-1330.8,225.522
4/26/2018,1531.05,40.2135
4/27/2018,906.367,26.841
4/30/2018,-79.3222,-266.22
5/1/2018,477.146,333.625
5/2/2018,-592.141,-808.158
5/3/2018,-4818.87,3410.76
5/4/2018,2021.7,-26.784
5/7/2018,-306.976,282.209
5/8/2018,547.081,1531.59
5/9/2018,215.583,40.6995
5/10/2018,2298.89,-27.394
5/11/2018,463.445,13.725
5/14/2018,518.449,-151.118
5/15/2018,1612.56,109.156
5/16/2018,1102.38,-13.7035
5/17/2018,-1006.54,54.782
5/18/2018,-922.568,68.305
5/21/2018,683.369,165.144
5/22/2018,190.748,178.347
5/23/2018,1353.25,123.876
5/24/2018,859.456,302.203
5/25/2018,-1592.55,0
5/29/2018,-1089.86,-108.384
5/30/2018,-109.022,233.283
5/31/2018,-595.638,-95.417
6/1/2018,-766.359,-633.88
6/4/2018,2268.15,235.314
6/5/2018,-1802.15,0
6/6/2018,-1096.1,41.9145
6/7/2018,332.815,97.748
6/8/2018,-1043.32,84.051
6/11/2018,626.66,-2902.86
6/12/2018,697.522,-154.533
6/13/2018,-13.895,167.91
6/14/2018,-2006.4,-112.248
6/15/2018,1926.31,14.0185
6/18/2018,1922.24,181.857
6/19/2018,371.901,55.732
6/20/2018,551.902,-725.764
6/21/2018,-1494.55,0
6/22/2018,-82.4228,0
6/25/2018,-270.978,68.5275
6/26/2018,-2919.4,13.6715
6/27/2018,-242.314,13.554
6/28/2018,108.373,0
6/29/2018,-1762.5,163.806
7/2/2018,244.794,-13.693
7/3/2018,811.934,258.885
7/5/2018,-1215.02,54.984
7/6/2018,-220.294,-83.181
7/9/2018,1250.42,-125.91
7/10/2018,-1185.07,-322.897
7/11/2018,2297.97,236.963
7/12/2018,-1284.81,-28.125
7/13/2018,-1384.05,-154.852
7/16/2018,782.13,0
7/17/2018,-42.0664,0
7/18/2018,-674.513,353.762
7/19/2018,825.904,-592.032
7/20/2018,-1314.64,-197.162
7/23/2018,980.785,-70.545
7/24/2018,2097.72,28.354
7/25/2018,994.461,-14.306
7/26/2018,-793.163,128.367
7/27/2018,1153.81,-240.873
7/30/2018,1245.22,-535.382
7/31/2018,1968.38,0
8/1/2018,-2991.61,-14.1435
8/2/2018,-3571.23,113.716
8/3/2018,-312.019,-57.13
8/6/2018,-298.915,71.67
8/7/2018,827.904,287.5
8/8/2018,4110.01,517.374
8/9/2018,627.175,574.18
8/10/2018,-1231.66,71.2825
8/13/2018,-1043.45,127.8
8/14/2018,-1334.02,214.373
8/15/2018,-84.5201,198.597
8/16/2018,1647.44,214.538
8/17/2018,-1453.52,229.616
8/20/2018,657.118,86.319
8/21/2018,400.823,72.0825
8/22/2018,-1388.05,0
8/23/2018,-442.881,402.85
8/24/2018,-1135.6,144.77
8/27/2018,2259.85,72.9475
8/28/2018,1637.39,-14.5935
8/29/2018,495.506,-58.712
8/30/2018,-4701.78,3522.34
8/31/2018,-841.874,-190.047
9/4/2018,-4086.84,0
9/5/2018,3136.08,-378.43
9/6/2018,-576.145,-246.611
9/7/2018,-1077.97,622.446
9/10/2018,1137.6,0
9/11/2018,-1011.82,87.348
9/12/2018,-563.931,160.198
9/13/2018,-654.282,14.644
9/14/2018,989.105,0
9/17/2018,3905.62,14.569
9/18/2018,-974.385,0
9/19/2018,5402.21,571.974
9/20/2018,2524.17,236.504
9/21/2018,-2497.3,-177.318
9/24/2018,-58.211,-471.184
9/25/2018,-828.482,44.1195
9/26/2018,1231.39,175.128
9/27/2018,-43.5887,0
9/28/2018,-944.441,-73.1875
10/1/2018,947.862,176.292
10/2/2018,568.505,381.823
10/3/2018,-466.803,279.224
10/4/2018,2749.65,379.067
10/5/2018,-1957.3,72.495
10/8/2018,1453.01,-14.4935
10/9/2018,934.045,-72.385
10/10/2018,2473.89,-28.002
10/11/2018,-6615.7,-27.427
10/12/2018,-2430.05,-69.5475
10/15/2018,-3445.22,96.7925
10/16/2018,-2257.39,353.137
10/17/2018,3294.24,-42.3675
10/18/2018,1160.69,55.682
10/19/2018,-690.651,0
10/22/2018,563.916,166.272
10/23/2018,-1039.6,316.951
10/24/2018,1935.54,2070.03
10/25/2018,-1796,13.6035
10/26/2018,-3861.57,200.52
10/29/2018,4455.91,0
10/30/2018,2062.16,553.09
10/31/2018,-1461.9,-218.184
11/1/2018,-2626.42,289.401
11/2/2018,353.448,273.9
11/5/2018,328.092,-110.18
11/6/2018,1059.28,41.5785
11/7/2018,2177.48,-1457.86
11/8/2018,-504.733,522.644
11/9/2018,-1556.12,83.988
11/12/2018,-258.804,137.22
11/13/2018,326.438,383.67
11/14/2018,1161.21,217.632
11/15/2018,436.782,275.01
11/16/2018,-1436.45,-68.9125
11/19/2018,699.61,257.517
11/20/2018,2179.92,266.16
11/21/2018,-1192.75,13.3495
11/23/2018,-1514.17,318.312
11/26/2018,-655.227,40.4115
11/27/2018,1770.85,-54.058
11/28/2018,4034.64,-27.652
11/29/2018,2492.76,-331.176
11/30/2018,-3549.29,-153.054
12/3/2018,279.218,225.064
12/4/2018,-3648.12,0
12/6/2018,-3090.41,-54.382
12/7/2018,1582.08,-916.354
12/10/2018,132.072,-718.416
12/11/2018,726.171,133
12/12/2018,2070.81,280.812
12/13/2018,-1712.37,133.72
12/14/2018,1458.64,39.3555
12/17/2018,2130.1,804.793
12/18/2018,-242.382,459.936
12/19/2018,-1557.78,25.161
12/20/2018,-593.566,544.83
12/21/2018,6983.75,278.932
12/24/2018,2858.62,0
12/26/2018,-873.05,297.24
12/27/2018,-1252.68,512.172
12/28/2018,-2899.11,411.262
12/31/2018,-3286.45,12.57
1/2/2019,-1351.3,276.892
1/3/2019,-1000.86,147.33
1/4/2019,2095.61,88.893
1/7/2019,-1411.1,-63.94
1/8/2019,487.763,77.475
1/9/2019,-1985.44,0
1/10/2019,2201.59,0
1/11/2019,-1281.91,-39.078
1/14/2019,-850.221,-116.631
1/15/2019,-898.399,0
1/16/2019,-756.871,91.8925
1/17/2019,-3392.62,0
1/18/2019,1225.73,-67.015
1/22/2019,1418.6,-237.852
1/23/2019,724.026,13.243
1/24/2019,39.5478,-159.138
1/25/2019,-2419.64,-6901.24
1/28/2019,-2347.9,0
1/29/2019,2239.14,-212.008
1/30/2019,-1471.51,80.748
1/31/2019,485.821,122.189
2/1/2019,-729.478,231.039
2/4/2019,911.227,0
2/5/2019,-177.639,82.485
2/6/2019,-327.25,-192.052
2/7/2019,-202.65,-299.013
2/8/2019,0,40.8165
2/11/2019,852.582,0
2/12/2019,932.147,82.749
2/13/2019,261.259,373.532
2/14/2019,-2222.45,-124.222
2/15/2019,-429.927,223.256
2/19/2019,1722.4,181.681
2/20/2019,-1294.34,182.039
2/21/2019,707.362,-139.55
2/22/2019,348.969,-98.315
2/25/2019,3214.9,-14.064
2/26/2019,-1019.59,-84.318
2/27/2019,-488.655,-56.192
2/28/2019,1030.55,-98.084
3/1/2019,-224.363,197.533
3/4/2019,1466.72,168.66
3/5/2019,-1800,84.237
3/6/2019,-2550.86,265.022
3/7/2019,-1732.99,-193.739
3/8/2019,-1207.88,-151.91
3/11/2019,-97.4857,4119.82
3/12/2019,2737.75,-28.11
3/13/2019,2053.6,127.381
3/14/2019,-2797.61,2390.67
3/15/2019,-1758.4,0
3/18/2019,3995.8,85.62
3/19/2019,2033.02,-328.187
3/20/2019,-309.699,0
3/21/2019,341.534,257.868
3/22/2019,-1759.16,70.2775
3/25/2019,-97.6561,126.405
3/26/2019,-1208.39,-70.7275
3/27/2019,1020.98,225.28
3/28/2019,407.111,0
3/29/2019,2501.59,-156.513
4/1/2019,-1358.19,71.965
4/2/2019,214.463,1209.1
4/3/2019,1533.12,230.8
4/4/2019,703.707,0
4/5/2019,-692.538,479.325
4/8/2019,-115.546,0
4/9/2019,2139.65,187.941
4/10/2019,1354.64,145.08
4/11/2019,1916.76,232.144
4/12/2019,377.217,87.639
4/15/2019,-768.477,72.9875
4/16/2019,2234.06,160.655
4/17/2019,-1621.25,0
4/18/2019,-1928.3,145.965
4/22/2019,-43.5404,233.784
4/23/2019,-849.253,0
4/24/2019,-891.226,-367.738
4/25/2019,-993.133,0
4/26/2019,-102.715,0
4/29/2019,-58.7594,-118.316
4/30/2019,3999.52,-103.628
5/1/2019,-160.535,29.386
5/2/2019,-3990.45,29.325
5/3/2019,-485.269,-236.88
5/6/2019,-131.766,-29.48
5/7/2019,-2606.31,43.491
5/8/2019,-2170.9,28.948
5/9/2019,-1706.27,216.532
5/10/2019,-921.369,144.94
5/13/2019,505.814,169.734
5/14/2019,-1699.72,42.78
5/15/2019,-1011.73,172.152
5/16/2019,100.661,43.4325
5/17/2019,1973.11,14.3945
5/20/2019,1590.62,185.867
5/21/2019,-544.256,475.843
5/22/2019,999.762,57.516
5/23/2019,-1679.58,56.836
5/24/2019,-325.108,99.6135
5/28/2019,-560.689,0
5/29/2019,-2477.95,406.406
5/30/2019,-1130.11,154.5
5/31/2019,-151.483,180.219
6/3/2019,-411.999,-27.649
6/4/2019,350.676,211.822
6/5/2019,664.702,85.431
6/6/2019,2732.7,-28.66
6/7/2019,1193.77,304.111
6/10/2019,1170.41,0
6/11/2019,-2181.22,0
6/12/2019,879.377,-29.031
6/13/2019,159.271,0
6/14/2019,1778.31,0
6/17/2019,-622.264,246.202
6/18/2019,482.183,160.859
6/19/2019,-1846.52,1349.36
6/20/2019,-4083.28,399.802
6/21/2019,264.692,0
6/24/2019,2833.17,-44.292
6/25/2019,2268.28,43.8705
6/26/2019,-1510.33,-6893.8
6/27/2019,-947.706,0
6/28/2019,586.582,176.988
7/1/2019,-88.6636,118.896
7/2/2019,370.525,134.154
7/3/2019,373.456,0
7/5/2019,1759.7,0
7/8/2019,1706.69,373.15
7/9/2019,-163.5,0
7/10/2019,29.8615,405.459
7/11/2019,1107.4,301.02
7/12/2019,1548.65,105.854
7/15/2019,857.166,635.25
7/16/2019,734.379,105.514
7/17/2019,-297.796,0
7/18/2019,-956.455,195.397
7/19/2019,-1856.62,0
7/22/2019,-1578.9,0
7/23/2019,-749.872,0
7/24/2019,241.093,530.425
7/25/2019,-164.881,331.661
7/26/2019,1434.49,-182.244
7/29/2019,527.641,45.4875
7/30/2019,255.648,-90.75
7/31/2019,-1011.49,374.012
8/1/2019,-515.989,-400.342
8/2/2019,-3132.21,3474.16
8/5/2019,-5283.12,-299.943
8/6/2019,-3438.64,101.29
8/7/2019,1655.89,-14.4815
8/8/2019,895.02,0
8/9/2019,1020.45,29.323
8/12/2019,-691.502,14.489
8/13/2019,3172.33,176.442
8/14/2019,-2399.1,85.662
8/15/2019,-2334.29,-214.718
8/16/2019,592.06,-116.188
8/19/2019,1008.48,205.8
8/20/2019,-72.5064,247.945
8/21/2019,-570.222,-58.824
8/22/2019,160.755,-1249.37
8/23/2019,-540.97,386.573
8/26/2019,115.149,72.3825
8/27/2019,516.517,14.43
8/28/2019,-129.976,-116.2
8/29/2019,453.432,0
8/30/2019,-190.295,176.676
9/3/2019,-1468.38,190.092
9/4/2019,661.35,-73.9125
9/5/2019,1355.04,-74.89
9/6/2019,953.889,-224.888
9/9/2019,3562.12,374.8
9/10/2019,1148.06,164.972
9/11/2019,285.341,0
9/12/2019,135.569,151.525
9/13/2019,5525.72,-90.873
9/16/2019,-6154.04,2415.76
9/17/2019,-30.0969,-105.963
9/18/2019,1866.65,-90.855
9/19/2019,-4335.78,-499.752
9/20/2019,-14.9129,-180.846
9/23/2019,2430.56,-30.138
9/24/2019,2617.3,-118.956
9/25/2019,1413.42,-14.961
9/26/2019,-282.013,0
9/27/2019,-1771.92,148.48
9/30/2019,727.217,14.924
10/1/2019,58.6391,44.2245
10/2/2019,-3181.79,275.073
10/3/2019,-2641.83,102.175
10/4/2019,1604.68,384.904
10/7/2019,952.637,250.546
10/8/2019,-1529.4,116.072
10/9/2019,524.31,248.974
10/10/2019,586.314,0
10/11/2019,2045.08,-29.805
10/14/2019,-562.355,29.763
10/15/2019,553.005,-165.33
10/16/2019,-581.77,-315.021
10/17/2019,-284.229,0
10/18/2019,-2279.86,359.64
10/21/2019,930.237,-558.256
10/22/2019,2167.86,-586.346
10/23/2019,-644.732,196.014
10/24/2019,510.767,0
10/25/2019,-1191.63,-91.011
10/28/2019,530.88,289.816
10/29/2019,-1682.26,45.723
10/30/2019,-547.414,-259.956
10/31/2019,-712.566,-228.697
11/1/2019,2097.27,92.37
11/4/2019,-322.673,216.328
11/5/2019,675.28,-46.3005
11/6/2019,-568.287,-61.782
11/7/2019,-1171.02,-61.98
11/8/2019,648.913,0
11/11/2019,-971.458,77.535
11/12/2019,-556.015,46.596
11/13/2019,139.107,279.783
11/14/2019,-1980.56,15.5605
11/15/2019,-748.538,-580.271
11/18/2019,-62.4103,0
11/19/2019,779.713,31.366
11/20/2019,1103.26,-62.508
11/21/2019,915.407,0
11/22/2019,699.708,-31.274
11/25/2019,1707.73,-267.861
11/26/2019,-314.038,-110.541
11/27/2019,2601.89,0
11/29/2019,1963.67,0
12/2/2019,2834.6,156.63
12/3/2019,-1346.07,-46.6785
12/4/2019,-934.271,-31.319
12/5/2019,311.975,31.375
12/6/2019,330.569,332.461
12/9/2019,1224.06,347.226
12/10/2019,-956.263,331.086
12/11/2019,880.432,-94.872
12/12/2019,2664.23,-239.25
12/13/2019,1316.57,-478.62
12/16/2019,-1677.44,4502.55
12/17/2019,-383.54,-5190.74
12/18/2019,-1853.13,1085.69
12/19/2019,-5022.76,320.77
12/20/2019,11153.7,-854.28
12/23/2019,-2698.46,0
12/24/2019,16.0602,-241.958
12/26/2019,500.465,-210.788
12/27/2019,2292.54,-81.0775
12/30/2019,224.747,-48.3705
12/31/2019,4572.92,-97.032
1/2/2020,1071.76,-81.5475
1/3/2020,-1273.92,-307.733
1/6/2020,-2346.47,-276.31
1/7/2020,16.1388,-81.0475
1/8/2020,1427.21,309.5
1/9/2020,2661.88,0
1/10/2020,-1774.94,310.755
1/13/2020,-16.3973,197.634
1/14/2020,-376.603,328.93
1/15/2020,-1837.34,477.847
1/16/2020,479.733,-382.156
1/17/2020,-531.41,-400.32
1/21/2020,-977.199,299.457
1/22/2020,-1855.62,599.094
1/23/2020,1376.81,333.24
1/24/2020,16.4384,214.649
1/27/2020,-679.556,113.764
1/28/2020,-179.771,147.74
1/29/2020,261.263,377.246
1/30/2020,524.239,0
1/31/2020,997.822,32.331
2/3/2020,-3728.44,48.849
2/4/2020,164.532,6809.12
2/5/2020,1730.41,417.837
2/6/2020,-484.2,285.116
2/7/2020,-564.726,367.059
2/10/2020,652.609,-336.18
2/11/2020,2782.56,-808.224
2/12/2020,-759.198,660.953
2/13/2020,-1027.78,-524.675
2/14/2020,574.001,-576.606
2/18/2020,-1986.43,0
2/19/2020,456.736,-135.944
2/20/2020,185.378,-16.929
2/21/2020,-5920.01,1289.87
2/24/2020,-3465.91,161.925
2/25/2020,-6222.31,-329.752
2/26/2020,-3115.03,-500.576
2/27/2020,-2308.31,-59.82
2/28/2020,-4948.75,59.338
3/2/2020,2688.38,-108.623
3/3/2020,4129.91,120.656
3/4/2020,219.104,94.314
3/5/2020,-1179.69,592.39
3/6/2020,-2869.44,253.827
3/9/2020,1704.22,96.5895
3/10/2020,1600.64,130.315
3/11/2020,2345.97,537.167
3/12/2020,3180.07,398.912
3/13/2020,407.23,-722.284
3/16/2020,7532.18,-311.909
3/17/2020,-6549.93,-254.29
3/18/2020,3688.87,-3291.42
3/19/2020,-1714.37,-2701.31
3/20/2020,4582.18,-81.1335
3/23/2020,-4726.63,-427.538
3/24/2020,1329.26,-332.316
3/25/2020,-172.702,24.747
3/26/2020,-1048.52,801.906
3/27/2020,-3115.52,431.902
3/30/2020,1047.3,-157.572
3/31/2020,-1649.01,-284.284
4/1/2020,-3681.99,1037.53
4/2/2020,5668.84,0
4/3/2020,570.786,87.1255
4/6/2020,4196.69,-53.288
4/7/2020,106.076,598.545
4/8/2020,-1988.53,0
4/9/2020,-4257.7,-125.622
4/13/2020,-2396.65,-207.263
4/14/2020,4741.53,156.657
4/15/2020,-1763.35,97.503
4/16/2020,-1452.4,-84.06
4/17/2020,2007.54,-244.562
4/20/2020,1732.26,-339.084
4/21/2020,-1624.62,-123.26
4/22/2020,-2597.55,-308.22
4/23/2020,-600.233,-238.059
4/24/2020,-1542.7,-227.184
4/27/2020,2154.2,-57.632
4/28/2020,-2028.62,114.66
4/29/2020,-953.273,44.142
4/30/2020,-1583.92,-262.422
5/1/2020,-748.662,-566.86
5/4/2020,-2581.8,-113.852
5/5/2020,1488.64,-157.966
5/6/2020,298.52,-99.827
5/7/2020,158.218,14.4305
5/8/2020,2121.1,-278.863
5/11/2020,-819.337,-73.3975
5/12/2020,1863.35,-287.6
5/13/2020,-1464.81,-395.64
5/14/2020,-1581.71,443.176
5/15/2020,443.512,229.656
5/18/2020,309.919,-533.07
5/19/2020,-1372.87,-527.526
5/20/2020,14.8503,29.801
5/21/2020,58.9441,340.066
5/22/2020,162.503,118.584
5/26/2020,-508.44,-45.015
5/27/2020,-2397.72,654.804
5/28/2020,2877.62,334.345
5/29/2020,182.643,-61.092
6/1/2020,-672.224,-91.986
6/2/2020,-3789.21,139.118
6/3/2020,3076.02,31.34
6/4/2020,1089.56,-812.266
6/5/2020,5366.46,-625.17
6/8/2020,-3733.69,-194.676
6/9/2020,4298.4,-128.784
6/10/2020,-3525.86,-464.363
6/11/2020,1171.48,-75.3525
6/12/2020,-4261.2,2871.04
6/15/2020,-1733.99,-30.673
6/16/2020,2923.76,31.254
6/17/2020,-2383.59,0
6/18/2020,732.672,124.644
6/19/2020,-1358.34,0
6/22/2020,1848.75,-155.965
6/23/2020,2028.35,15.6635
6/24/2020,-1200.75,228.877
6/25/2020,722.233,323.957
6/26/2020,-1199.55,0
6/29/2020,380.408,15.276
6/30/2020,-309.039,0
7/1/2020,295.069,-140.319
7/2/2020,140.433,-219.31
7/6/2020,-412.143,-175.054
7/7/2020,721.292,157.42
7/8/2020,-1927.99,-95.193
7/9/2020,-1744.75,-31.56
7/10/2020,95.2976,0
7/13/2020,1903.85,-157.96
7/14/2020,-1148.19,448.28
7/15/2020,4183.94,16.1555
7/16/2020,-914.153,80.505
7/17/2020,2010.5,48.4425
7/20/2020,-1605.7,113.985
7/21/2020,422.411,130.488
7/22/2020,-718.968,49.215
7/23/2020,936.133,64.816
7/24/2020,753.906,-48.312
7/27/2020,-2084.53,146.011
7/28/2020,513.751,0
7/29/2020,-2178.04,16.319
7/30/2020,194.354,0
7/31/2020,-2285.06,114.709
8/3/2020,2613.85,-181.555
8/4/2020,346.466,0
8/5/2020,597.757,100.026
8/6/2020,-267.405,0
8/7/2020,-585.438,67.178
8/10/2020,1509.55,269.448
8/11/2020,16.6395,0
8/12/2020,-506.231,-186.367
8/13/2020,-320.036,-33.824
8/14/2020,-1414.75,-287.479
8/17/2020,-658.637,0
8/18/2020,541.745,-50.9955
8/19/2020,724.892,-152.338
8/20/2020,-304.408,0
8/21/2020,-2749.23,-34.08
8/24/2020,-977.131,-34.426
8/25/2020,1875.27,-69.1
8/26/2020,-417.107,52.3545
8/27/2020,261.144,-17.4815
8/28/2020,-473.258,-52.803
8/31/2020,-1364.35,-562.064
9/1/2020,-2449.64,0
9/2/2020,2183.21,-89.855
9/3/2020,483.603,0
9/4/2020,2090.02,344.03
9/8/2020,2731.9,-33.45
9/9/2020,-679.733,-17.063
9/10/2020,-701.243,-201.162
9/11/2020,2054.82,-83.865
9/14/2020,3113.87,67.97
9/15/2020,-1394.94,4492.43
9/16/2020,-677.348,-136.024
