Date,USDX_Close
1/2/09,81.839996
1/4/09,null
1/5/09,82.639999
1/6/09,82.849998
1/7/09,82.279999
1/8/09,81.540001
1/9/09,82.660004
1/11/09,null
1/12/09,83.019997
1/13/09,84.269997
1/14/09,84.419998
1/15/09,84.440002
1/16/09,84.209999
1/18/09,null
1/20/09,86.220001
1/21/09,85.82
1/22/09,85.519997
1/23/09,85.610001
1/25/09,null
1/26/09,84.730003
1/27/09,84.43
1/28/09,84.669998
1/29/09,85.279999
1/30/09,86
2/1/09,null
2/2/09,86.07
2/3/09,85.050003
2/4/09,85.699997
2/5/09,86.059998
2/6/09,85.349998
2/8/09,null
2/9/09,84.790001
2/10/09,85.809998
2/11/09,85.779999
2/12/09,86.550003
2/13/09,86.040001
2/15/09,null
2/17/09,87.580002
2/18/09,88.010002
2/19/09,87.440002
2/20/09,86.489998
2/22/09,null
2/23/09,87.239998
2/24/09,86.889999
2/25/09,87.910004
2/26/09,87.730003
2/27/09,88.010002
3/1/09,null
3/2/09,88.940002
3/3/09,88.910004
3/4/09,88.580002
3/5/09,89.110001
3/6/09,88.510002
3/8/09,null
3/9/09,89.010002
3/10/09,88.93
3/11/09,87.870003
3/12/09,87.660004
3/13/09,87.43
3/15/09,null
3/16/09,86.949997
3/17/09,86.93
3/18/09,84.599998
3/19/09,83.129997
3/20/09,83.839996
3/22/09,null
3/23/09,83.43
3/24/09,83.860001
3/25/09,83.809998
3/26/09,84.169998
3/27/09,85.110001
3/29/09,null
3/30/09,85.870003
3/31/09,85.43
4/1/09,85.5
4/2/09,84.449997
4/3/09,84.169998
4/5/09,null
4/6/09,84.57
4/7/09,85.290001
4/8/09,85.360001
4/9/09,85.790001
4/12/09,null
4/13/09,84.639999
4/14/09,84.639999
4/15/09,85.080002
4/16/09,85.230003
4/17/09,85.980003
4/19/09,null
4/20/09,86.639999
4/21/09,86.580002
4/22/09,86.190002
4/23/09,85.519997
4/24/09,84.709999
4/26/09,null
4/27/09,85.699997
4/28/09,85.160004
4/29/09,84.470001
4/30/09,84.610001
5/1/09,84.550003
5/3/09,null
5/4/09,83.970001
5/5/09,84.160004
5/6/09,83.800003
5/7/09,83.940002
5/8/09,82.529999
5/10/09,null
5/11/09,82.68
5/12/09,82.309998
5/13/09,82.5
5/14/09,82.279999
5/15/09,83.019997
5/17/09,null
5/18/09,82.669998
5/19/09,81.980003
5/20/09,80.989998
5/21/09,80.559998
5/22/09,79.959999
5/24/09,null
5/26/09,80.129997
5/27/09,80.330002
5/28/09,80.43
5/29/09,80.43
5/31/09,null
6/1/09,79.169998
6/2/09,78.400002
6/3/09,79.5
6/4/09,79.410004
6/5/09,80.669998
6/7/09,null
6/8/09,80.910004
6/9/09,79.790001
6/10/09,80.330002
6/11/09,79.410004
6/12/09,80.139999
6/14/09,null
6/15/09,81.139999
6/16/09,80.709999
6/17/09,80.169998
6/18/09,80.610001
6/19/09,80.260002
6/21/09,null
6/22/09,80.779999
6/23/09,79.839996
6/24/09,80.559998
6/25/09,80.400002
6/26/09,79.879997
6/28/09,null
6/29/09,79.839996
6/30/09,80.129997
7/1/09,79.629997
7/2/09,80.150002
7/5/09,null
7/6/09,80.449997
7/7/09,80.620003
7/8/09,80.769997
7/9/09,79.860001
7/10/09,80.230003
7/12/09,null
7/13/09,80.129997
7/14/09,80.18
7/15/09,79.32
7/16/09,79.220001
7/17/09,79.349998
7/19/09,null
7/20/09,78.910004
7/21/09,78.93
7/22/09,78.709999
7/23/09,78.800003
7/24/09,78.75
7/26/09,null
7/27/09,78.629997
7/28/09,78.849998
7/29/09,79.629997
7/30/09,79.290001
7/31/09,78.349998
8/2/09,null
8/3/09,77.639999
8/4/09,77.769997
8/5/09,77.519997
8/6/09,78.07
8/7/09,78.970001
8/9/09,null
8/10/09,79.260002
8/11/09,79.18
8/12/09,78.790001
8/13/09,78.489998
8/14/09,78.889999
8/16/09,null
8/17/09,79.290001
8/18/09,78.940002
8/19/09,78.470001
8/20/09,78.379997
8/21/09,78.040001
8/23/09,null
8/24/09,78.269997
8/25/09,78.239998
8/26/09,78.660004
8/27/09,78.010002
8/28/09,78.370003
8/30/09,null
8/31/09,78.169998
9/1/09,78.760002
9/2/09,78.379997
9/3/09,78.459999
9/4/09,78.139999
9/6/09,null
9/8/09,77.32
9/9/09,77.089996
9/10/09,76.82
9/11/09,76.610001
9/13/09,null
9/14/09,76.699997
9/15/09,76.540001
9/16/09,76.239998
9/17/09,76.190002
9/18/09,76.43
9/20/09,null
9/21/09,76.779999
9/22/09,76.120003
9/23/09,76.050003
9/24/09,76.900002
9/25/09,76.809998
9/27/09,null
9/28/09,77.050003
9/29/09,77.120003
9/30/09,76.650002
10/1/09,77.190002
10/2/09,77
10/4/09,null
10/5/09,76.639999
10/6/09,76.339996
10/7/09,76.489998
10/8/09,75.970001
10/9/09,76.43
10/11/09,null
10/12/09,76.129997
10/13/09,75.980003
10/14/09,75.550003
10/15/09,75.480003
10/16/09,75.599998
10/18/09,null
10/19/09,75.510002
10/20/09,75.57
10/21/09,74.970001
10/22/09,75.089996
10/23/09,75.470001
10/25/09,null
10/26/09,76.059998
10/27/09,76.139999
10/28/09,76.43
10/29/09,75.919998
10/30/09,76.300003
11/1/09,null
11/2/09,76.290001
11/3/09,76.389999
11/4/09,75.639999
11/5/09,75.739998
11/6/09,75.82
11/8/09,null
11/9/09,75.029999
11/10/09,75.019997
11/11/09,75.160004
11/12/09,75.599998
11/13/09,75.330002
11/15/09,null
11/16/09,74.910004
11/17/09,75.370003
11/18/09,75.18
11/19/09,75.290001
11/20/09,75.660004
11/22/09,null
11/23/09,75.089996
11/24/09,75.07
11/25/09,74.269997
11/27/09,null
11/29/09,null
11/30/09,74.879997
12/1/09,74.360001
12/2/09,74.669998
12/3/09,74.629997
12/4/09,75.910004
12/6/09,null
12/7/09,75.769997
12/8/09,76.309998
12/9/09,76.040001
12/10/09,76.040001
12/11/09,76.57
12/13/09,null
12/14/09,76.349998
12/15/09,76.959999
12/16/09,77
12/17/09,77.690002
12/18/09,77.82
12/20/09,null
12/21/09,78.040001
12/22/09,78.25
12/23/09,77.900002
12/24/09,null
12/27/09,null
12/28/09,77.629997
12/29/09,77.830002
12/30/09,77.910004
12/31/09,77.860001
1/3/10,null
1/4/10,77.529999
1/5/10,77.620003
1/6/10,77.489998
1/7/10,77.910004
1/8/10,77.470001
1/10/10,null
1/11/10,77
1/12/10,76.949997
1/13/10,76.849998
1/14/10,76.730003
1/15/10,77.32
1/17/10,null
1/19/10,77.5
1/20/10,78.339996
1/21/10,78.32
1/22/10,78.279999
1/24/10,null
1/25/10,78.190002
1/26/10,78.43
1/27/10,78.68
1/28/10,78.900002
1/29/10,79.459999
1/31/10,null
2/1/10,79.239998
2/2/10,79.010002
2/3/10,79.370003
2/4/10,79.919998
2/5/10,80.440002
2/7/10,null
2/8/10,80.300003
2/9/10,79.860001
2/10/10,80.029999
2/11/10,79.989998
2/12/10,80.32
2/14/10,null
2/16/10,79.699997
2/17/10,80.379997
2/18/10,80.400002
2/19/10,80.639999
2/21/10,null
2/22/10,80.510002
2/23/10,80.849998
2/24/10,80.849998
2/25/10,80.790001
2/26/10,80.360001
2/28/10,null
3/1/10,80.660004
3/2/10,80.519997
3/3/10,79.980003
3/4/10,80.559998
3/5/10,80.43
3/7/10,null
3/8/10,80.43
3/9/10,80.589996
3/10/10,80.449997
3/11/10,80.32
3/12/10,79.830002
3/14/10,null
3/15/10,80.25
3/16/10,79.75
3/17/10,79.639999
3/18/10,80.220001
3/19/10,80.720001
3/21/10,null
3/22/10,80.650002
3/23/10,80.900002
3/24/10,81.839996
3/25/10,82.120003
3/26/10,81.68
3/28/10,null
3/29/10,81.360001
3/30/10,81.470001
3/31/10,81.07
4/1/10,80.779999
4/4/10,null
4/5/10,81.089996
4/6/10,81.389999
4/7/10,81.440002
4/8/10,81.529999
4/9/10,81.089996
4/11/10,null
4/12/10,80.559998
4/13/10,80.510002
4/14/10,80.190002
4/15/10,80.480003
4/16/10,80.82
4/18/10,null
4/19/10,81
4/20/10,81.050003
4/21/10,81.160004
4/22/10,81.57
4/23/10,81.349998
4/25/10,null
4/26/10,81.480003
4/27/10,82.150002
4/28/10,82.379997
4/29/10,82
4/30/10,81.870003
5/2/10,null
5/3/10,82.269997
5/4/10,83.300003
5/5/10,84.080002
5/6/10,84.889999
5/7/10,84.449997
5/9/10,null
5/10/10,84.160004
5/11/10,84.470001
5/12/10,84.830002
5/13/10,85.209999
5/14/10,86.099998
5/16/10,null
5/17/10,86.209999
5/18/10,87.160004
5/19/10,86.389999
5/20/10,85.57
5/21/10,85.370003
5/23/10,null
5/24/10,86.209999
5/25/10,86.779999
5/26/10,87.120003
5/27/10,86.18
5/28/10,86.480003
5/30/10,null
6/1/10,86.639999
6/2/10,86.790001
6/3/10,87.139999
6/4/10,88.230003
6/6/10,null
6/7/10,88.400002
6/8/10,88.389999
6/9/10,87.900002
6/10/10,87.169998
6/11/10,87.510002
6/13/10,null
6/14/10,86.510002
6/15/10,85.980003
6/16/10,86.080002
6/17/10,85.690002
6/18/10,85.699997
6/20/10,null
6/21/10,85.93
6/22/10,86.110001
6/23/10,85.739998
6/24/10,85.730003
6/25/10,85.309998
6/27/10,null
6/28/10,85.650002
6/29/10,86.029999
6/30/10,86.019997
7/1/10,84.720001
7/2/10,84.43
7/4/10,null
7/6/10,84.080002
7/7/10,83.82
7/8/10,83.82
7/9/10,83.949997
7/11/10,null
7/12/10,84.199997
7/13/10,83.639999
7/14/10,83.43
7/15/10,82.559998
7/16/10,82.489998
7/18/10,null
7/19/10,82.510002
7/20/10,82.75
7/21/10,83.389999
7/22/10,82.599998
7/23/10,82.459999
7/25/10,null
7/26/10,82.089996
7/27/10,82.18
7/28/10,82.18
7/29/10,81.639999
7/30/10,81.540001
8/1/10,null
8/2/10,80.940002
8/3/10,80.599998
8/4/10,80.889999
8/5/10,80.82
8/6/10,80.410004
8/8/10,null
8/9/10,80.709999
8/10/10,80.800003
8/11/10,82.290001
8/12/10,82.639999
8/13/10,82.949997
8/15/10,null
8/16/10,82.529999
8/17/10,82.230003
8/18/10,82.220001
8/19/10,82.449997
8/20/10,83.059998
8/22/10,null
8/23/10,83.120003
8/24/10,83.150002
8/25/10,83.260002
8/26/10,82.93
8/27/10,82.919998
8/29/10,null
8/30/10,83.160004
8/31/10,83.199997
9/1/10,82.519997
9/2/10,82.459999
9/3/10,83.099998
9/5/10,null
9/7/10,82.82
9/8/10,82.589996
9/9/10,82.669998
9/10/10,82.699997
9/12/10,null
9/13/10,81.910004
9/14/10,81.080002
9/15/10,81.489998
9/16/10,81.239998
9/17/10,81.400002
9/19/10,null
9/20/10,81.339996
9/21/10,80.440002
9/22/10,79.830002
9/23/10,80.010002
9/24/10,79.389999
9/26/10,null
9/27/10,79.339996
9/28/10,79.010002
9/29/10,78.690002
9/30/10,78.720001
10/1/10,78.089996
10/3/10,null
10/4/10,78.449997
10/5/10,77.75
10/6/10,77.389999
10/7/10,77.389999
10/8/10,77.32
10/10/10,null
10/11/10,77.440002
10/12/10,77.360001
10/13/10,77.07
10/14/10,76.650002
10/15/10,77.040001
10/17/10,null
10/18/10,76.93
10/19/10,78.18
10/20/10,77.169998
10/21/10,77.419998
10/22/10,77.470001
10/24/10,null
10/25/10,77.099998
10/26/10,77.709999
10/27/10,78.150002
10/28/10,77.309998
10/29/10,77.269997
10/31/10,null
11/1/10,77.300003
11/2/10,76.720001
11/3/10,76.480003
11/4/10,75.879997
11/5/10,76.550003
11/7/10,null
11/8/10,77.029999
11/9/10,77.440002
11/10/10,77.629997
11/11/10,78.220001
11/12/10,78.080002
11/14/10,null
11/15/10,78.519997
11/16/10,79.209999
11/17/10,79.080002
11/18/10,78.620003
11/19/10,78.5
11/21/10,null
11/22/10,78.68
11/23/10,79.68
11/24/10,79.870003
11/26/10,null
11/28/10,null
11/29/10,80.839996
11/30/10,81.199997
12/1/10,80.709999
12/2/10,80.300003
12/3/10,79.379997
12/5/10,null
12/6/10,79.57
12/7/10,79.860001
12/8/10,80
12/9/10,80.07
12/10/10,80.07
12/12/10,null
12/13/10,79.279999
12/14/10,79.370003
12/15/10,80.260002
12/16/10,80.18
12/17/10,80.370003
12/19/10,null
12/20/10,80.629997
12/21/10,80.720001
12/22/10,80.730003
12/23/10,80.5
12/26/10,null
12/27/10,80.370003
12/28/10,80.360001
12/29/10,79.800003
12/30/10,79.519997
12/31/10,79.029999
1/2/11,null
1/3/11,79.129997
1/4/11,79.440002
1/5/11,80.260002
1/6/11,80.790001
1/7/11,81.010002
1/9/11,null
1/10/11,80.879997
1/11/11,80.849998
1/12/11,80.029999
1/13/11,79.190002
1/14/11,79.160004
1/16/11,null
1/18/11,78.959999
1/19/11,78.639999
1/20/11,78.82
1/21/11,78.209999
1/23/11,null
1/24/11,78.050003
1/25/11,78
1/26/11,77.900002
1/27/11,77.730003
1/28/11,78.129997
1/30/11,null
1/31/11,77.739998
2/1/11,77.07
2/2/11,77.160004
2/3/11,77.75
2/4/11,78.040001
2/6/11,null
2/7/11,78.029999
2/8/11,78
2/9/11,77.639999
2/10/11,78.25
2/11/11,78.459999
2/13/11,null
2/14/11,78.610001
2/15/11,78.57
2/16/11,78.220001
2/17/11,78
2/18/11,77.660004
2/20/11,null
2/22/11,77.769997
2/23/11,77.410004
2/24/11,77.059998
2/25/11,77.279999
2/27/11,null
2/28/11,76.889999
3/1/11,77.050003
3/2/11,76.669998
3/3/11,76.480003
3/4/11,76.400002
3/6/11,null
3/7/11,76.5
3/8/11,76.800003
3/9/11,76.720001
3/10/11,77.279999
3/11/11,76.779999
3/13/11,null
3/14/11,76.349998
3/15/11,76.330002
3/16/11,76.68
3/17/11,76.040001
3/18/11,75.720001
3/20/11,null
3/21/11,75.400002
3/22/11,75.43
3/23/11,75.790001
3/24/11,75.660004
3/25/11,76.220001
3/27/11,null
3/28/11,76.129997
3/29/11,76.25
3/30/11,76.120003
3/31/11,75.860001
4/1/11,75.830002
4/3/11,null
4/4/11,75.910004
4/5/11,75.879997
4/6/11,75.510002
4/7/11,75.589996
4/8/11,75.07
4/10/11,null
4/11/11,75.059998
4/12/11,74.849998
4/13/11,74.980003
4/14/11,74.68
4/15/11,74.830002
4/17/11,null
4/18/11,75.5
4/19/11,75.029999
4/20/11,74.370003
4/21/11,74
4/24/11,null
4/25/11,73.989998
4/26/11,73.839996
4/27/11,73.519997
4/28/11,73.120003
4/29/11,72.93
5/1/11,null
5/2/11,72.949997
5/3/11,73.139999
5/4/11,73.029999
5/5/11,74.190002
5/6/11,74.839996
5/8/11,null
5/9/11,74.739998
5/10/11,74.610001
5/11/11,75.330002
5/12/11,75.239998
5/13/11,75.760002
5/15/11,null
5/16/11,75.470001
5/17/11,75.400002
5/18/11,75.470001
5/19/11,75.120003
5/20/11,75.43
5/22/11,null
5/23/11,76.099998
5/24/11,75.879997
5/25/11,75.93
5/26/11,75.550003
5/27/11,74.949997
5/29/11,null
5/31/11,74.639999
6/1/11,74.68
6/2/11,74.330002
6/3/11,73.779999
6/5/11,null
6/6/11,73.949997
6/7/11,73.519997
6/8/11,73.93
6/9/11,74.190002
6/10/11,74.790001
6/12/11,null
6/13/11,74.510002
6/14/11,74.330002
6/15/11,75.599998
6/16/11,75.75
6/17/11,74.989998
6/19/11,null
6/20/11,75.029999
6/21/11,74.540001
6/22/11,74.779999
6/23/11,75.449997
6/24/11,75.669998
6/26/11,null
6/27/11,75.389999
6/28/11,75.059998
6/29/11,74.690002
6/30/11,74.300003
7/1/11,74.349998
7/3/11,null
7/5/11,74.690002
7/6/11,75.120003
7/7/11,74.959999
7/8/11,75.18
7/10/11,null
7/11/11,75.989998
7/12/11,75.809998
7/13/11,75.209999
7/14/11,75.25
7/15/11,75.129997
7/17/11,null
7/18/11,75.480003
7/19/11,75.220001
7/20/11,74.790001
7/21/11,74.019997
7/22/11,74.199997
7/24/11,null
7/25/11,74.059998
7/26/11,73.470001
7/27/11,74.089996
7/28/11,74.220001
7/29/11,73.900002
7/31/11,null
8/1/11,74.260002
8/2/11,74.510002
8/3/11,74.040001
8/4/11,75.120003
8/5/11,74.599998
8/7/11,null
8/8/11,74.790001
8/9/11,74.610001
8/10/11,74.639999
8/11/11,74.68
8/12/11,74.610001
8/14/11,null
8/15/11,73.839996
8/16/11,74.010002
8/17/11,73.669998
8/18/11,74.239998
8/19/11,73.989998
8/21/11,null
8/22/11,74.07
8/23/11,73.870003
8/24/11,74.010002
8/25/11,74.279999
8/26/11,73.809998
8/28/11,null
8/29/11,73.720001
8/30/11,73.940002
8/31/11,74.129997
9/1/11,74.480003
9/2/11,74.75
9/4/11,null
9/6/11,75.919998
9/7/11,75.459999
9/8/11,76.239998
9/9/11,77.190002
9/11/11,null
9/12/11,77.57
9/13/11,76.910004
9/14/11,76.830002
9/15/11,76.239998
9/16/11,76.580002
9/18/11,null
9/19/11,77.389999
9/20/11,77.029999
9/21/11,77.339996
9/22/11,78.379997
9/23/11,78.300003
9/25/11,null
9/26/11,78.360001
9/27/11,77.510002
9/28/11,77.849998
9/29/11,77.919998
9/30/11,78.550003
10/2/11,null
10/3/11,79.449997
10/4/11,79.599998
10/5/11,78.910004
10/6/11,78.529999
10/7/11,78.720001
10/9/11,null
10/10/11,77.599998
10/11/11,77.580002
10/12/11,76.989998
10/13/11,76.989998
10/14/11,76.620003
10/16/11,null
10/17/11,77.139999
10/18/11,77.129997
10/19/11,77.110001
10/20/11,76.970001
10/21/11,76.300003
10/23/11,null
10/24/11,76.019997
10/25/11,76.25
10/26/11,76.199997
10/27/11,74.870003
10/28/11,75.089996
10/30/11,null
10/31/11,76.169998
11/1/11,77.260002
11/2/11,77.010002
11/3/11,76.669998
11/4/11,76.910004
11/6/11,null
11/7/11,76.959999
11/8/11,76.669998
11/9/11,77.93
11/10/11,77.639999
11/11/11,76.940002
11/13/11,null
11/14/11,77.559998
11/15/11,77.879997
11/16/11,78.160004
11/17/11,78.290001
11/18/11,78.019997
11/20/11,null
11/21/11,78.300003
11/22/11,78.230003
11/23/11,79
11/25/11,null
11/27/11,null
11/28/11,79.290001
11/29/11,79
11/30/11,78.389999
12/1/11,78.32
12/2/11,78.629997
12/4/11,null
12/5/11,78.610001
12/6/11,78.510002
12/7/11,78.480003
12/8/11,78.809998
12/9/11,78.629997
12/11/11,null
12/12/11,79.57
12/13/11,80.25
12/14/11,80.529999
12/15/11,80.239998
12/16/11,80.25
12/18/11,null
12/19/11,80.25
12/20/11,79.879997
12/21/11,80.019997
12/22/11,79.919998
12/23/11,80.010002
12/25/11,null
12/27/11,79.790001
12/28/11,80.489998
12/29/11,80.480003
12/30/11,80.169998
1/1/12,null
1/3/12,79.610001
1/4/12,80.089996
1/5/12,80.940002
1/6/12,81.239998
1/8/12,null
1/9/12,81.050003
1/10/12,80.800003
1/11/12,81.349998
1/12/12,80.769997
1/13/12,81.43
1/15/12,null
1/17/12,81.18
1/18/12,80.599998
1/19/12,80.209999
1/20/12,80.220001
1/22/12,null
1/23/12,79.690002
1/24/12,79.860001
1/25/12,79.57
1/26/12,79.410004
1/27/12,78.900002
1/29/12,null
1/30/12,79.160004
1/31/12,79.279999
2/1/12,78.919998
2/2/12,78.970001
2/3/12,78.940002
2/5/12,null
2/6/12,79.089996
2/7/12,78.57
2/8/12,78.639999
2/9/12,78.559998
2/10/12,79.110001
2/12/12,null
2/13/12,78.940002
2/14/12,79.580002
2/15/12,79.669998
2/16/12,79.339996
2/17/12,79.330002
2/19/12,null
2/21/12,79.040001
2/22/12,79.209999
2/23/12,78.809998
2/24/12,78.349998
2/26/12,null
2/27/12,78.559998
2/28/12,78.269997
2/29/12,78.730003
3/1/12,78.779999
3/2/12,79.400002
3/4/12,null
3/5/12,79.32
3/6/12,79.860001
3/7/12,79.709999
3/8/12,79.160004
3/9/12,80.040001
3/11/12,null
3/12/12,79.870003
3/13/12,80.190002
3/14/12,80.559998
3/15/12,80.150002
3/16/12,79.779999
3/18/12,null
3/19/12,79.449997
3/20/12,79.589996
3/21/12,79.629997
3/22/12,79.739998
3/23/12,79.339996
3/25/12,null
3/26/12,78.93
3/27/12,79.040001
3/28/12,79.160004
3/29/12,79.18
3/30/12,78.93
4/1/12,null
4/2/12,78.82
4/3/12,79.480003
4/4/12,79.760002
4/5/12,80.07
4/8/12,null
4/9/12,79.730003
4/10/12,79.889999
4/11/12,79.779999
4/12/12,79.279999
4/13/12,79.879997
4/15/12,null
4/16/12,79.550003
4/17/12,79.470001
4/18/12,79.529999
4/19/12,79.559998
4/20/12,79.18
4/22/12,null
4/23/12,79.419998
4/24/12,79.220001
4/25/12,79.010002
4/26/12,78.910004
4/27/12,78.699997
4/29/12,null
4/30/12,78.790001
5/1/12,78.860001
5/2/12,79.129997
5/3/12,79.220001
5/4/12,79.470001
5/6/12,null
5/7/12,79.599998
5/8/12,79.730003
5/9/12,80.080002
5/10/12,80.110001
5/11/12,80.279999
5/13/12,null
5/14/12,80.599998
5/15/12,81.220001
5/16/12,81.370003
5/17/12,81.379997
5/18/12,81.290001
5/20/12,null
5/21/12,81.080002
5/22/12,81.669998
5/23/12,82.089996
5/24/12,82.290001
5/25/12,82.400002
5/27/12,null
5/29/12,82.440002
5/30/12,83.010002
5/31/12,83.040001
6/1/12,82.889999
6/3/12,null
6/4/12,82.550003
6/5/12,82.800003
6/6/12,82.32
6/7/12,82.050003
6/8/12,82.510002
6/10/12,null
6/11/12,82.510002
6/12/12,82.410004
6/13/12,82.050003
6/14/12,81.900002
6/15/12,81.589996
6/17/12,null
6/18/12,81.940002
6/19/12,81.370003
6/20/12,81.489998
6/21/12,82.32
6/22/12,82.220001
6/24/12,null
6/25/12,82.459999
6/26/12,82.370003
6/27/12,82.559998
6/28/12,82.669998
6/29/12,81.650002
7/1/12,null
7/2/12,81.870003
7/3/12,null
7/5/12,82.809998
7/6/12,83.290001
7/8/12,null
7/9/12,83.160004
7/10/12,83.360001
7/11/12,83.57
7/12/12,83.650002
7/13/12,83.300003
7/15/12,null
7/16/12,83.089996
7/17/12,83.029999
7/18/12,82.949997
7/19/12,82.900002
7/20/12,83.470001
7/22/12,null
7/23/12,83.709999
7/24/12,84.010002
7/25/12,83.519997
7/26/12,82.809998
7/27/12,82.709999
7/29/12,null
7/30/12,82.790001
7/31/12,82.639999
8/1/12,83.059998
8/2/12,83.330002
8/3/12,82.379997
8/5/12,null
8/6/12,82.269997
8/7/12,82.209999
8/8/12,82.389999
8/9/12,82.639999
8/10/12,82.550003
8/12/12,null
8/13/12,82.440002
8/14/12,82.480003
8/15/12,82.650002
8/16/12,82.360001
8/17/12,82.599998
8/19/12,null
8/20/12,82.459999
8/21/12,81.910004
8/22/12,81.489998
8/23/12,81.360001
8/24/12,81.589996
8/26/12,null
8/27/12,81.660004
8/28/12,81.370003
8/29/12,81.550003
8/30/12,81.68
8/31/12,81.25
9/2/12,null
9/4/12,81.32
9/5/12,81.239998
9/6/12,81.080002
9/7/12,80.25
9/9/12,null
9/10/12,80.360001
9/11/12,79.860001
9/12/12,79.739998
9/13/12,79.260002
9/14/12,78.849998
9/16/12,null
9/17/12,79.010002
9/18/12,79.25
9/19/12,79.059998
9/20/12,79.410004
9/21/12,79.330002
9/23/12,null
9/24/12,79.519997
9/25/12,79.550003
9/26/12,79.889999
9/27/12,79.550003
9/28/12,79.940002
9/30/12,null
10/1/12,79.82
10/2/12,79.739998
10/3/12,79.970001
10/4/12,79.349998
10/5/12,79.339996
10/7/12,null
10/8/12,79.540001
10/9/12,79.949997
10/10/12,79.919998
10/11/12,79.779999
10/12/12,79.690002
10/14/12,null
10/15/12,79.739998
10/16/12,79.370003
10/17/12,79.019997
10/18/12,79.370003
10/19/12,79.639999
10/21/12,null
10/22/12,79.650002
10/23/12,79.980003
10/24/12,79.970001
10/25/12,80.040001
10/26/12,80.07
10/28/12,null
10/31/12,79.919998
11/1/12,80.050003
11/2/12,80.589996
11/4/12,null
11/5/12,80.75
11/6/12,80.610001
11/7/12,80.760002
11/8/12,80.790001
11/9/12,81.029999
11/11/12,null
11/12/12,81.040001
11/13/12,81.080002
11/14/12,81.059998
11/15/12,81.080002
11/16/12,81.260002
11/18/12,null
11/19/12,80.870003
11/20/12,80.959999
11/21/12,80.93
11/23/12,null
11/25/12,null
11/26/12,80.25
11/27/12,80.400002
11/28/12,80.339996
11/29/12,80.199997
11/30/12,80.150002
12/2/12,null
12/3/12,79.879997
12/4/12,79.639999
12/5/12,79.769997
12/6/12,80.260002
12/7/12,80.419998
12/9/12,null
12/10/12,80.330002
12/11/12,80.059998
12/12/12,79.889999
12/13/12,79.93
12/14/12,79.599998
12/16/12,null
12/17/12,79.57
12/18/12,79.360001
12/19/12,79.25
12/20/12,79.260002
12/21/12,79.620003
12/23/12,null
12/24/12,null
12/26/12,79.620003
12/27/12,79.620003
12/28/12,79.68
12/30/12,null
12/31/12,79.769997
1/2/13,79.849998
1/3/13,80.43
1/4/13,80.5
1/6/13,null
1/7/13,80.260002
1/8/13,80.349998
1/9/13,80.559998
1/10/13,79.739998
1/11/13,79.559998
1/13/13,null
1/14/13,79.489998
1/15/13,79.779999
1/16/13,79.800003
1/17/13,79.650002
1/18/13,80.050003
1/20/13,null
1/22/13,79.870003
1/23/13,79.919998
1/24/13,79.949997
1/25/13,79.75
1/27/13,null
1/28/13,79.779999
1/29/13,79.559998
1/30/13,79.279999
1/31/13,79.209999
2/1/13,79.129997
2/3/13,null
2/4/13,79.550003
2/5/13,79.489998
2/6/13,79.720001
2/7/13,80.190002
2/8/13,80.25
2/10/13,null
2/11/13,80.309998
2/12/13,80.110001
2/13/13,80.089996
2/14/13,80.459999
2/15/13,80.580002
2/17/13,null
2/19/13,80.470001
2/20/13,81.089996
2/21/13,81.459999
2/22/13,81.480003
2/24/13,null
2/25/13,81.669998
2/26/13,81.870003
2/27/13,81.599998
2/28/13,81.980003
3/1/13,82.309998
3/3/13,null
3/4/13,82.220001
3/5/13,82.089996
3/6/13,82.459999
3/7/13,82.080002
3/8/13,82.699997
3/10/13,null
3/11/13,82.57
3/12/13,82.580002
3/13/13,82.889999
3/14/13,82.610001
3/15/13,82.260002
3/17/13,null
3/18/13,82.690002
3/19/13,82.989998
3/20/13,82.779999
3/21/13,82.800003
3/22/13,82.529999
3/24/13,null
3/25/13,82.870003
3/26/13,82.879997
3/27/13,83.209999
3/28/13,82.989998
3/29/13,null
3/31/13,null
4/1/13,82.730003
4/2/13,82.940002
4/3/13,82.720001
4/4/13,82.68
4/5/13,82.5
4/7/13,null
4/8/13,82.75
4/9/13,82.309998
4/10/13,82.529999
4/11/13,82.25
4/12/13,82.309998
4/14/13,null
4/15/13,82.419998
4/16/13,81.75
4/17/13,82.660004
4/18/13,82.550003
4/19/13,82.709999
4/21/13,null
4/22/13,82.68
4/23/13,83.029999
4/24/13,82.93
4/25/13,82.739998
4/26/13,82.480003
4/28/13,null
4/29/13,82.150002
4/30/13,81.730003
5/1/13,81.639999
5/2/13,82.209999
5/3/13,82.099998
5/5/13,null
5/6/13,82.32
5/7/13,82.300003
5/8/13,81.900002
5/9/13,82.790001
5/10/13,83.139999
5/12/13,null
5/13/13,83.260002
5/14/13,83.57
5/15/13,83.830002
5/16/13,83.769997
5/17/13,84.279999
5/19/13,null
5/20/13,83.809998
5/21/13,83.860001
5/22/13,84.25
5/23/13,83.800003
5/24/13,83.699997
5/26/13,null
5/28/13,84.139999
5/29/13,83.639999
5/30/13,83.010002
5/31/13,83.379997
6/2/13,null
6/3/13,82.68
6/4/13,82.769997
6/5/13,82.57
6/6/13,81.519997
6/7/13,81.690002
6/9/13,null
6/10/13,81.650002
6/11/13,81.059998
6/12/13,80.959999
6/13/13,80.620003
6/14/13,80.669998
6/16/13,null
6/17/13,80.57
6/18/13,80.620003
6/19/13,81.43
6/20/13,81.839996
6/21/13,82.32
6/23/13,null
6/24/13,82.43
6/25/13,82.580002
6/26/13,82.949997
6/27/13,82.910004
6/28/13,83.169998
6/30/13,null
7/1/13,82.980003
7/2/13,83.540001
7/3/13,null
7/5/13,84.419998
7/7/13,null
7/8/13,84.199997
7/9/13,84.580002
7/10/13,84.040001
7/11/13,82.75
7/12/13,82.989998
7/14/13,null
7/15/13,83.040001
7/16/13,82.43
7/17/13,82.709999
7/18/13,82.82
7/19/13,82.580002
7/21/13,null
7/22/13,82.220001
7/23/13,82.010002
7/24/13,82.300003
7/25/13,81.970001
7/26/13,81.620003
7/28/13,null
7/29/13,81.660004
7/30/13,81.830002
7/31/13,81.449997
8/1/13,82.339996
8/2/13,81.910004
8/4/13,null
8/5/13,81.879997
8/6/13,81.599998
8/7/13,81.290001
8/8/13,81.010002
8/9/13,81.129997
8/11/13,null
8/12/13,81.330002
8/13/13,81.730003
8/14/13,81.699997
8/15/13,81.129997
8/16/13,81.260002
8/18/13,null
8/19/13,81.230003
8/20/13,80.910004
8/21/13,81.32
8/22/13,81.489998
8/23/13,81.339996
8/25/13,null
8/26/13,81.370003
8/27/13,81.169998
8/28/13,81.419998
8/29/13,81.949997
8/30/13,82.089996
9/1/13,null
9/3/13,82.360001
9/4/13,82.169998
9/5/13,82.629997
9/6/13,82.150002
9/8/13,null
9/9/13,81.790001
9/10/13,81.82
9/11/13,81.519997
9/12/13,81.489998
9/13/13,81.449997
9/15/13,null
9/16/13,81.25
9/17/13,81.169998
9/18/13,80.239998
9/19/13,80.360001
9/20/13,80.440002
9/22/13,null
9/23/13,80.449997
9/24/13,80.559998
9/25/13,80.330002
9/26/13,80.519997
9/27/13,80.269997
9/29/13,null
9/30/13,80.220001
10/1/13,80.099998
10/2/13,79.879997
10/3/13,79.769997
10/4/13,80.120003
10/6/13,null
10/7/13,79.940002
10/8/13,80.059998
10/9/13,80.370003
10/10/13,80.419998
10/11/13,80.360001
10/13/13,null
10/14/13,80.260002
10/15/13,80.480003
10/16/13,80.5
10/17/13,79.650002
10/18/13,79.639999
10/20/13,null
10/21/13,79.68
10/22/13,79.239998
10/23/13,79.260002
10/24/13,79.190002
10/25/13,79.18
10/27/13,null
10/28/13,79.25
10/29/13,79.629997
10/30/13,79.75
10/31/13,80.199997
11/1/13,80.730003
11/3/13,null
11/4/13,80.550003
11/5/13,80.709999
11/6/13,80.480003
11/7/13,80.82
11/8/13,81.209999
11/10/13,null
11/11/13,81.089996
11/12/13,81.190002
11/13/13,80.93
11/14/13,80.980003
11/15/13,80.839996
11/17/13,null
11/18/13,80.830002
11/19/13,80.699997
11/20/13,81.110001
11/21/13,81.050003
11/22/13,80.709999
11/24/13,null
11/25/13,80.919998
11/26/13,80.610001
11/27/13,80.739998
11/29/13,null
12/1/13,null
12/2/13,80.910004
12/3/13,80.620003
12/4/13,80.629997
12/5/13,80.269997
12/6/13,80.269997
12/8/13,null
12/9/13,80.129997
12/10/13,79.970001
12/11/13,79.889999
12/12/13,80.199997
12/13/13,80.209999
12/15/13,null
12/16/13,80.07
12/17/13,80.059998
12/18/13,80.110001
12/19/13,80.629997
12/20/13,80.580002
12/22/13,null
12/23/13,80.449997
12/24/13,null
12/26/13,80.480003
12/27/13,80.389999
12/29/13,null
12/30/13,80
12/31/13,80.040001
1/2/14,80.629997
1/3/14,80.790001
1/5/14,null
1/6/14,80.650002
1/7/14,80.830002
1/8/14,81.040001
1/9/14,81.010002
1/10/14,80.660004
1/12/14,null
1/13/14,80.510002
1/14/14,80.610001
1/15/14,81
1/16/14,80.900002
1/17/14,81.260002
1/19/14,null
1/21/14,81.099998
1/22/14,81.169998
1/23/14,80.440002
1/24/14,80.459999
1/26/14,null
1/27/14,80.5
1/28/14,80.57
1/29/14,80.510002
1/30/14,81.089996
1/31/14,81.269997
2/2/14,null
2/3/14,81.010002
2/4/14,81.120003
2/5/14,81.029999
2/6/14,80.889999
2/7/14,80.690002
2/9/14,null
2/10/14,80.669998
2/11/14,80.629997
2/12/14,80.68
2/13/14,80.290001
2/14/14,80.129997
2/16/14,null
2/18/14,80.010002
2/19/14,80.169998
2/20/14,80.290001
2/21/14,80.239998
2/23/14,null
2/24/14,80.209999
2/25/14,80.150002
2/26/14,80.410004
2/27/14,80.290001
2/28/14,79.779999
3/2/14,null
3/3/14,80.07
3/4/14,80.160004
3/5/14,80.110001
3/6/14,79.68
3/7/14,79.720001
3/9/14,null
3/10/14,79.75
3/11/14,79.769997
3/12/14,79.610001
3/13/14,79.620003
3/14/14,79.440002
3/16/14,null
3/17/14,79.389999
3/18/14,79.410004
3/19/14,79.989998
3/20/14,80.209999
3/21/14,80.110001
3/23/14,null
3/24/14,79.93
3/25/14,79.940002
3/26/14,79.980003
3/27/14,80.110001
3/28/14,80.18
3/30/14,null
3/31/14,80.099998
4/1/14,80.080002
4/2/14,80.220001
4/3/14,80.470001
4/4/14,80.419998
4/6/14,null
4/7/14,80.220001
4/8/14,79.75
4/9/14,79.480003
4/10/14,79.379997
4/11/14,79.449997
4/13/14,null
4/14/14,79.730003
4/15/14,79.800003
4/16/14,79.82
4/17/14,79.830002
4/20/14,null
4/21/14,79.949997
4/22/14,79.910004
4/23/14,79.860001
4/24/14,79.800003
4/25/14,79.769997
4/27/14,null
4/28/14,79.68
4/29/14,79.809998
4/30/14,79.489998
5/1/14,79.529999
5/2/14,79.519997
5/4/14,null
5/5/14,79.489998
5/6/14,79.139999
5/7/14,79.220001
5/8/14,79.43
5/9/14,79.900002
5/11/14,null
5/12/14,79.900002
5/13/14,80.139999
5/14/14,80.07
5/15/14,80
5/16/14,80.040001
5/18/14,null
5/19/14,79.989998
5/20/14,80.040001
5/21/14,80.099998
5/22/14,80.25
5/23/14,80.389999
5/25/14,null
5/27/14,80.349998
5/28/14,80.57
5/29/14,80.489998
5/30/14,80.370003
6/1/14,null
6/2/14,80.639999
6/3/14,80.550003
6/4/14,80.669998
6/5/14,80.370003
6/6/14,80.410004
6/8/14,null
6/9/14,80.650002
6/10/14,80.82
6/11/14,80.790001
6/12/14,80.580002
6/13/14,80.580002
6/15/14,null
6/16/14,80.470001
6/17/14,80.629997
6/18/14,80.580002
6/19/14,80.32
6/20/14,80.370003
6/22/14,null
6/23/14,80.260002
6/24/14,80.330002
6/25/14,80.220001
6/26/14,80.230003
6/27/14,80.040001
6/29/14,null
6/30/14,79.779999
7/1/14,79.82
7/2/14,79.959999
7/3/14,null
7/6/14,null
7/7/14,80.220001
7/8/14,80.18
7/9/14,79.989998
7/10/14,80.129997
7/11/14,80.190002
7/13/14,null
7/14/14,80.190002
7/15/14,80.389999
7/16/14,80.559998
7/17/14,80.519997
7/18/14,80.519997
7/20/14,null
7/21/14,80.559998
7/22/14,80.779999
7/23/14,80.809998
7/24/14,80.870003
7/25/14,81.029999
7/27/14,null
7/28/14,81.029999
7/29/14,81.209999
7/30/14,81.419998
7/31/14,81.459999
8/1/14,81.300003
8/3/14,null
8/4/14,81.330002
8/5/14,81.519997
8/6/14,81.440002
8/7/14,81.519997
8/8/14,81.389999
8/10/14,null
8/11/14,81.470001
8/12/14,81.5
8/13/14,81.599998
8/14/14,81.589996
8/15/14,81.419998
8/17/14,null
8/18/14,81.580002
8/19/14,81.879997
8/20/14,82.25
8/21/14,82.150002
8/22/14,82.339996
8/24/14,null
8/25/14,82.550003
8/26/14,82.650002
8/27/14,82.43
8/28/14,82.480003
8/29/14,82.75
8/31/14,null
9/2/14,82.989998
9/3/14,82.870003
9/4/14,83.82
9/5/14,83.760002
9/7/14,null
9/8/14,84.230003
9/9/14,84.279999
9/10/14,84.25
9/11/14,84.300003
9/12/14,84.239998
9/14/14,null
9/15/14,84.260002
9/16/14,84.07
9/17/14,84.699997
9/18/14,84.32
9/19/14,84.800003
9/21/14,null
9/22/14,84.669998
9/23/14,84.660004
9/24/14,85.050003
9/25/14,85.199997
9/26/14,85.639999
9/28/14,null
9/29/14,85.589996
9/30/14,85.940002
10/1/14,85.970001
10/2/14,85.599998
10/3/14,86.690002
10/5/14,null
10/6/14,85.709999
10/7/14,85.669998
10/8/14,85.300003
10/9/14,85.519997
10/10/14,85.910004
10/12/14,null
10/13/14,85.43
10/14/14,85.82
10/15/14,85.150002
10/16/14,85
10/17/14,85.190002
10/19/14,null
10/20/14,84.949997
10/21/14,85.309998
10/22/14,85.739998
10/23/14,85.839996
10/24/14,85.730003
10/26/14,null
10/27/14,85.5
10/28/14,85.410004
10/29/14,85.949997
10/30/14,86.150002
10/31/14,86.879997
11/2/14,null
11/3/14,87.309998
11/4/14,86.980003
11/5/14,87.440002
11/6/14,88.010002
11/7/14,87.639999
11/9/14,null
11/10/14,87.809998
11/11/14,87.529999
11/12/14,87.82
11/13/14,87.669998
11/14/14,87.529999
11/16/14,null
11/17/14,87.93
11/18/14,87.580002
11/19/14,87.650002
11/20/14,87.589996
11/21/14,88.309998
11/23/14,null
11/24/14,88.150002
11/25/14,87.919998
11/26/14,87.610001
11/28/14,null
11/30/14,null
12/1/14,87.949997
12/2/14,88.650002
12/3/14,88.959999
12/4/14,88.699997
12/5/14,89.330002
12/7/14,null
12/8/14,89.040001
12/9/14,88.690002
12/10/14,88.269997
12/11/14,88.660004
12/12/14,88.360001
12/14/14,null
12/15/14,88.459999
12/16/14,88.129997
12/17/14,89.129997
12/18/14,89.239998
12/19/14,89.599998
12/21/14,null
12/22/14,89.769997
12/23/14,90.059998
12/24/14,null
12/26/14,90.029999
12/28/14,null
12/29/14,90.190002
12/30/14,89.989998
12/31/14,90.269997
1/2/15,91.080002
1/4/15,null
1/5/15,91.379997
1/6/15,91.5
1/7/15,91.889999
1/8/15,92.370003
1/9/15,91.940002
1/11/15,null
1/12/15,91.980003
1/13/15,92.309998
1/14/15,92.160004
1/15/15,92.349998
1/16/15,92.519997
1/18/15,null
1/20/15,93.050003
1/21/15,92.900002
1/22/15,94.239998
1/23/15,95
1/25/15,null
1/26/15,94.800003
1/27/15,94.019997
1/28/15,94.470001
1/29/15,94.779999
1/30/15,94.800003
2/1/15,null
2/2/15,94.5
2/3/15,93.599998
2/4/15,93.989998
2/5/15,94.699997
2/6/15,94.699997
2/8/15,null
2/9/15,94.449997
2/10/15,94.760002
2/11/15,94.989998
2/12/15,94.089996
2/13/15,94.199997
2/15/15,null
2/17/15,94.059998
2/18/15,94.199997
2/19/15,94.400002
2/20/15,94.25
2/22/15,null
2/23/15,94.57
2/24/15,94.489998
2/25/15,94.209999
2/26/15,95.290001
2/27/15,95.25
3/1/15,null
3/2/15,95.459999
3/3/15,95.379997
3/4/15,95.970001
3/5/15,96.379997
3/6/15,97.620003
3/8/15,null
3/9/15,97.589996
3/10/15,98.620003
3/11/15,99.800003
3/12/15,99.150002
3/13/15,100.330002
3/15/15,null
3/16/15,99.599998
3/17/15,99.589996
3/18/15,98.550003
3/19/15,99.099998
3/20/15,97.910004
3/22/15,null
3/23/15,97.029999
3/24/15,97.190002
3/25/15,96.980003
3/26/15,97.440002
3/27/15,97.290001
3/29/15,null
3/30/15,97.980003
3/31/15,98.360001
4/1/15,98.190002
4/2/15,97.440002
4/5/15,null
4/6/15,97.110001
4/7/15,97.830002
4/8/15,98.07
4/9/15,99.160004
4/10/15,99.389999
4/12/15,null
4/13/15,99.489998
4/14/15,98.760002
4/15/15,98.330002
4/16/15,97.419998
4/17/15,97.519997
4/19/15,null
4/20/15,97.940002
4/21/15,97.980003
4/22/15,98.019997
4/23/15,97.279999
4/24/15,96.919998
4/26/15,null
4/27/15,96.769997
4/28/15,96.089996
4/29/15,95.120003
4/30/15,94.599998
5/1/15,95.300003
5/3/15,null
5/4/15,95.480003
5/5/15,95.129997
5/6/15,94.129997
5/7/15,94.620003
5/8/15,94.790001
5/10/15,null
5/11/15,95.010002
5/12/15,94.529999
5/13/15,93.620003
5/14/15,93.360001
5/15/15,93.139999
5/17/15,null
5/18/15,94.190002
5/19/15,95.269997
5/20/15,95.449997
5/21/15,95.260002
5/22/15,96.010002
5/24/15,null
5/26/15,97.300003
5/27/15,97.370003
5/28/15,96.970001
5/29/15,96.910004
5/31/15,null
6/1/15,97.389999
6/2/15,95.839996
6/3/15,95.470001
6/4/15,95.459999
6/5/15,96.309998
6/7/15,null
6/8/15,95.300003
6/9/15,95.169998
6/10/15,94.650002
6/11/15,94.980003
6/12/15,94.970001
6/14/15,null
6/15/15,94.809998
6/16/15,95
6/17/15,94.300003
6/18/15,94.040001
6/19/15,94.089996
6/21/15,null
6/22/15,94.330002
6/23/15,95.43
6/24/15,95.260002
6/25/15,95.190002
6/26/15,95.470001
6/28/15,null
6/29/15,94.790001
6/30/15,95.489998
7/1/15,96.309998
7/2/15,96.110001
7/5/15,null
7/6/15,96.300003
7/7/15,96.870003
7/8/15,96.290001
7/9/15,96.610001
7/10/15,96.029999
7/12/15,null
7/13/15,96.860001
7/14/15,96.639999
7/15/15,97.129997
7/16/15,97.660004
7/17/15,97.860001
7/19/15,null
7/20/15,98.029999
7/21/15,97.330002
7/22/15,97.599998
7/23/15,97.120003
7/24/15,97.239998
7/26/15,null
7/27/15,96.5
7/28/15,96.769997
7/29/15,96.980003
7/30/15,97.559998
7/31/15,97.370003
8/2/15,null
8/3/15,97.489998
8/4/15,97.93
8/5/15,97.959999
8/6/15,97.830002
8/7/15,97.559998
8/9/15,null
8/10/15,97.160004
8/11/15,97.290001
8/12/15,96.260002
8/13/15,96.449997
8/14/15,96.57
8/16/15,null
8/17/15,96.82
8/18/15,96.970001
8/19/15,96.459999
8/20/15,95.75
8/21/15,94.830002
8/23/15,null
8/24/15,93.309998
8/25/15,94.529999
8/26/15,95.099998
8/27/15,95.610001
8/28/15,96.110001
8/30/15,null
8/31/15,95.949997
9/1/15,95.449997
9/2/15,95.830002
9/3/15,96.410004
9/4/15,96.230003
9/6/15,null
9/8/15,95.879997
9/9/15,96.010002
9/10/15,95.459999
9/11/15,95.190002
9/13/15,null
9/14/15,95.25
9/15/15,95.610001
9/16/15,95.419998
9/17/15,94.550003
9/18/15,94.860001
9/20/15,null
9/21/15,95.889999
9/22/15,96.279999
9/23/15,96.07
9/24/15,95.989998
9/25/15,96.269997
9/27/15,null
9/28/15,96.029999
9/29/15,95.889999
9/30/15,96.349998
10/1/15,96.190002
10/2/15,95.830002
10/4/15,null
10/5/15,96.110001
10/6/15,95.459999
10/7/15,95.5
10/8/15,95.32
10/9/15,94.809998
10/11/15,null
10/12/15,94.839996
10/13/15,94.760002
10/14/15,93.93
10/15/15,94.370003
10/16/15,94.540001
10/18/15,null
10/19/15,94.959999
10/20/15,94.849998
10/21/15,95.050003
10/22/15,96.339996
10/23/15,97.07
10/25/15,null
10/26/15,96.860001
10/27/15,96.910004
10/28/15,97.779999
10/29/15,97.279999
10/30/15,96.949997
11/1/15,null
11/2/15,96.93
11/3/15,97.160004
11/4/15,97.949997
11/5/15,97.940002
11/6/15,99.160004
11/8/15,null
11/9/15,98.980003
11/10/15,99.290001
11/11/15,99.010002
11/12/15,98.650002
11/13/15,98.989998
11/15/15,null
11/16/15,99.440002
11/17/15,99.629997
11/18/15,99.650002
11/19/15,98.989998
11/20/15,99.57
11/22/15,null
11/23/15,99.800003
11/24/15,99.529999
11/25/15,99.800003
11/27/15,100.019997
11/29/15,null
11/30/15,100.169998
12/1/15,99.800003
12/2/15,99.989998
12/3/15,97.620003
12/4/15,98.349998
12/6/15,null
12/7/15,98.660004
12/8/15,98.470001
12/9/15,97.349998
12/10/15,97.940002
12/11/15,97.57
12/13/15,null
12/14/15,97.599998
12/15/15,98.220001
12/16/15,97.870003
12/17/15,99.269997
12/18/15,98.699997
12/20/15,null
12/21/15,98.459999
12/22/15,98.239998
12/23/15,98.339996
12/24/15,97.980003
12/27/15,null
12/28/15,97.919998
12/29/15,98.099998
12/30/15,98.269997
12/31/15,98.629997
1/3/16,null
1/4/16,98.870003
1/5/16,99.400002
1/6/16,99.18
1/7/16,98.220001
1/8/16,98.540001
1/10/16,null
1/11/16,98.730003
1/12/16,98.970001
1/13/16,98.93
1/14/16,99.089996
1/15/16,98.959999
1/17/16,null
1/18/16,99.120003
1/19/16,98.989998
1/20/16,99.089996
1/21/16,99.059998
1/22/16,99.57
1/24/16,null
1/25/16,99.360001
1/26/16,99.360001
1/27/16,98.900002
1/28/16,98.510002
1/29/16,99.610001
1/31/16,null
2/1/16,99
2/2/16,98.870003
2/3/16,97.290001
2/4/16,96.470001
2/5/16,97.029999
2/7/16,null
2/8/16,96.57
2/9/16,96.07
2/10/16,95.889999
2/11/16,95.559998
2/12/16,95.980003
2/14/16,null
2/15/16,96.699997
2/16/16,96.870003
2/17/16,96.790001
2/18/16,96.949997
2/19/16,96.599998
2/21/16,null
2/22/16,97.379997
2/23/16,97.480003
2/24/16,97.459999
2/25/16,97.290001
2/26/16,98.150002
2/28/16,null
2/29/16,98.209999
3/1/16,98.349998
3/2/16,98.209999
3/3/16,97.57
3/4/16,97.339996
3/6/16,null
3/7/16,97.07
3/8/16,97.209999
3/9/16,97.169998
3/10/16,96.07
3/11/16,96.169998
3/13/16,null
3/14/16,96.620003
3/15/16,96.629997
3/16/16,95.889999
3/17/16,94.760002
3/18/16,94.989998
3/20/16,null
3/21/16,95.290001
3/22/16,95.650002
3/23/16,96.050003
3/24/16,96.139999
3/27/16,null
3/28/16,95.940002
3/29/16,95.160004
3/30/16,94.839996
3/31/16,94.589996
4/1/16,94.620003
4/3/16,null
4/4/16,94.510002
4/5/16,94.629997
4/6/16,94.43
4/7/16,94.480003
4/8/16,94.239998
4/10/16,null
4/11/16,93.949997
4/12/16,93.959999
4/13/16,94.739998
4/14/16,94.900002
4/15/16,94.699997
4/17/16,null
4/18/16,94.489998
4/19/16,93.980003
4/20/16,94.489998
4/21/16,94.599998
4/22/16,95.120003
4/24/16,null
4/25/16,94.839996
4/26/16,94.57
4/27/16,94.389999
4/28/16,93.760002
4/29/16,93.080002
5/1/16,null
5/2/16,92.629997
5/3/16,92.940002
5/4/16,93.18
5/5/16,93.779999
5/6/16,93.889999
5/8/16,null
5/9/16,94.150002
5/10/16,94.290001
5/11/16,93.82
5/12/16,94.139999
5/13/16,94.610001
5/15/16,null
5/16/16,94.57
5/17/16,94.550003
5/18/16,95.080002
5/19/16,95.290001
5/20/16,95.309998
5/22/16,null
5/23/16,95.230003
5/24/16,95.57
5/25/16,95.349998
5/26/16,95.169998
5/27/16,95.519997
5/29/16,null
5/31/16,95.889999
6/1/16,95.459999
6/2/16,95.559998
6/3/16,94.029999
6/5/16,null
6/6/16,93.900002
6/7/16,93.830002
6/8/16,93.589996
6/9/16,94.099998
6/10/16,94.599998
6/12/16,null
6/13/16,94.370003
6/14/16,94.93
6/15/16,94.610001
6/16/16,94.57
6/17/16,94.209999
6/19/16,null
6/20/16,93.610001
6/21/16,94.019997
6/22/16,93.720001
6/23/16,93.529999
6/24/16,95.449997
6/26/16,null
6/27/16,96.540001
6/28/16,96.25
6/29/16,95.769997
6/30/16,96.139999
7/1/16,95.650002
7/3/16,null
7/5/16,96.169998
7/6/16,96.059998
7/7/16,96.330002
7/8/16,96.300003
7/10/16,null
7/11/16,96.57
7/12/16,96.440002
7/13/16,96.220001
7/14/16,96.080002
7/15/16,96.580002
7/17/16,null
7/18/16,96.559998
7/19/16,97.050003
7/20/16,97.199997
7/21/16,97
7/22/16,97.470001
7/24/16,null
7/25/16,97.290001
7/26/16,97.160004
7/27/16,97.050003
7/28/16,96.739998
7/29/16,95.529999
7/31/16,null
8/1/16,95.709999
8/2/16,95.059998
8/3/16,95.559998
8/4/16,95.760002
8/5/16,96.190002
8/7/16,null
8/8/16,96.400002
8/9/16,96.18
8/10/16,95.650002
8/11/16,95.860001
8/12/16,95.720001
8/14/16,null
8/15/16,95.629997
8/16/16,94.790001
8/17/16,94.720001
8/18/16,94.160004
8/19/16,94.510002
8/21/16,null
8/22/16,94.519997
8/23/16,94.540001
8/24/16,94.790001
8/25/16,94.769997
8/26/16,95.57
8/28/16,null
8/29/16,95.580002
8/30/16,96.050003
8/31/16,96.019997
9/1/16,95.650002
9/2/16,95.879997
9/4/16,null
9/6/16,94.82
9/7/16,94.959999
9/8/16,95.029999
9/9/16,95.339996
9/11/16,null
9/12/16,95.099998
9/13/16,95.629997
9/14/16,95.330002
9/15/16,95.290001
9/16/16,96.110001
9/18/16,null
9/19/16,95.839996
9/20/16,96.019997
9/21/16,95.660004
9/22/16,95.449997
9/23/16,95.480003
9/25/16,null
9/26/16,95.309998
9/27/16,95.440002
9/28/16,95.43
9/29/16,95.540001
9/30/16,95.459999
10/2/16,null
10/3/16,95.75
10/4/16,96.120003
10/5/16,96.129997
10/6/16,96.660004
10/7/16,96.519997
10/9/16,null
10/11/16,97.699997
10/12/16,97.970001
10/13/16,97.519997
10/14/16,98.019997
10/16/16,null
10/17/16,97.889999
10/18/16,97.900002
10/19/16,97.870003
10/20/16,98.32
10/21/16,98.699997
10/23/16,null
10/24/16,98.669998
10/25/16,98.720001
10/26/16,98.629997
10/27/16,98.889999
10/28/16,98.349998
10/30/16,null
10/31/16,98.449997
11/1/16,97.699997
11/2/16,97.400002
11/3/16,97.160004
11/4/16,97.07
11/6/16,null
11/7/16,97.779999
11/8/16,97.860001
11/9/16,98.5
11/10/16,98.790001
11/13/16,null
11/14/16,100.110001
11/15/16,100.190002
11/16/16,100.410004
11/17/16,100.889999
11/18/16,101.209999
11/20/16,null
11/21/16,101.050003
11/22/16,101.040001
11/23/16,101.699997
11/25/16,101.489998
11/27/16,null
11/28/16,101.330002
11/29/16,100.93
11/30/16,101.5
12/1/16,101.040001
12/2/16,100.769997
12/4/16,null
12/5/16,100.139999
12/6/16,100.489998
12/7/16,100.230003
12/8/16,101.07
12/9/16,101.57
12/11/16,null
12/12/16,100.959999
12/13/16,101.029999
12/14/16,102
12/15/16,103.129997
12/16/16,102.949997
12/18/16,null
12/19/16,103.139999
12/20/16,103.290001
12/21/16,103.019997
12/22/16,103.089996
12/23/16,103.010002
12/25/16,null
12/27/16,103.019997
12/28/16,103.260002
12/29/16,102.68
12/30/16,102.389999
1/1/17,null
1/3/17,103.209999
1/4/17,102.699997
1/5/17,101.519997
1/6/17,102.220001
1/8/17,null
1/9/17,101.93
1/10/17,102.010002
1/11/17,101.779999
1/12/17,101.349998
1/13/17,101.18
1/15/17,null
1/17/17,100.330002
1/18/17,100.93
1/19/17,101.150002
1/20/17,100.739998
1/22/17,null
1/23/17,100.160004
1/24/17,100.349998
1/25/17,100.029999
1/26/17,100.379997
1/27/17,100.529999
1/29/17,null
1/30/17,100.43
1/31/17,99.510002
2/1/17,99.639999
2/2/17,99.849998
2/3/17,99.870003
2/5/17,null
2/6/17,99.910004
2/7/17,100.260002
2/8/17,100.279999
2/9/17,100.650002
2/10/17,100.800003
2/12/17,null
2/13/17,100.959999
2/14/17,101.25
2/15/17,101.18
2/16/17,100.440002
2/17/17,100.949997
2/19/17,null
2/21/17,101.370003
2/22/17,101.330002
2/23/17,101.050003
2/24/17,101.089996
2/26/17,null
2/27/17,101.129997
2/28/17,101.120003
3/1/17,101.779999
3/2/17,102.199997
3/3/17,101.540001
3/5/17,null
3/6/17,101.639999
3/7/17,101.809998
3/8/17,102.07
3/9/17,101.849998
3/10/17,101.25
3/12/17,null
3/13/17,101.379997
3/14/17,101.699997
3/15/17,100.739998
3/16/17,100.269997
3/17/17,100.300003
3/19/17,null
3/20/17,100.410004
3/21/17,99.809998
3/22/17,99.68
3/23/17,99.760002
3/24/17,99.629997
3/26/17,null
3/27/17,99.169998
3/28/17,99.709999
3/29/17,100
3/30/17,100.410004
3/31/17,100.349998
4/2/17,null
4/3/17,100.540001
4/4/17,100.540001
4/5/17,100.559998
4/6/17,100.669998
4/7/17,101.18
4/9/17,null
4/10/17,101.019997
4/11/17,100.709999
4/12/17,100.779999
4/13/17,100.559998
4/16/17,null
4/17/17,100.300003
4/18/17,99.5
4/19/17,99.739998
4/20/17,99.779999
4/21/17,99.980003
4/23/17,null
4/24/17,99.089996
4/25/17,98.82
4/26/17,98.959999
4/27/17,99.080002
4/28/17,99.050003
4/30/17,null
5/1/17,99.139999
5/2/17,98.980003
5/3/17,99.209999
5/4/17,98.760002
5/5/17,98.650002
5/7/17,null
5/8/17,99.150002
5/9/17,99.589996
5/10/17,99.669998
5/11/17,99.620003
5/12/17,99.25
5/14/17,null
5/15/17,98.910004
5/16/17,98.110001
5/17/17,97.419998
5/18/17,97.879997
5/19/17,97.150002
5/21/17,null
5/22/17,96.980003
5/23/17,97.349998
5/24/17,97.239998
5/25/17,97.25
5/26/17,97.400002
5/28/17,null
5/30/17,97.279999
5/31/17,96.919998
6/1/17,97.199997
6/2/17,96.720001
6/4/17,null
6/5/17,96.800003
6/6/17,96.639999
6/7/17,96.75
6/8/17,96.919998
6/9/17,97.269997
6/11/17,null
6/12/17,97.139999
6/13/17,96.980003
6/14/17,96.940002
6/15/17,97.43
6/16/17,97.160004
6/18/17,null
6/19/17,97.529999
6/20/17,97.75
6/21/17,97.559998
6/22/17,97.540001
6/23/17,97.300003
6/25/17,null
6/26/17,97.43
6/27/17,96.470001
6/28/17,96.050003
6/29/17,95.629997
6/30/17,95.660004
7/2/17,null
7/3/17,null
7/5/17,96.290001
7/6/17,95.82
7/7/17,96.010002
7/9/17,null
7/10/17,96.050003
7/11/17,95.739998
7/12/17,95.790001
7/13/17,95.730003
7/14/17,95.110001
7/16/17,null
7/17/17,95.129997
7/18/17,94.660004
7/19/17,94.800003
7/20/17,94.269997
7/21/17,93.940002
7/23/17,null
7/24/17,93.980003
7/25/17,94.050003
7/26/17,93.669998
7/27/17,93.860001
7/28/17,93.260002
7/30/17,null
7/31/17,92.860001
8/1/17,93.029999
8/2/17,92.830002
8/3/17,92.809998
8/4/17,93.540001
8/6/17,null
8/7/17,93.43
8/8/17,93.639999
8/9/17,93.519997
8/10/17,93.400002
8/11/17,93.07
8/13/17,null
8/14/17,93.459999
8/15/17,93.849998
8/16/17,93.489998
8/17/17,93.620003
8/18/17,93.43
8/20/17,null
8/21/17,93.099998
8/22/17,93.550003
8/23/17,93.150002
8/24/17,93.279999
8/25/17,92.739998
8/27/17,null
8/28/17,92.209999
8/29/17,92.349998
8/30/17,92.879997
8/31/17,92.669998
9/1/17,92.809998
9/3/17,null
9/5/17,92.309998
9/6/17,92.290001
9/7/17,91.529999
9/8/17,91.330002
9/10/17,null
9/11/17,91.860001
9/12/17,91.910004
9/13/17,92.519997
9/14/17,92.120003
9/15/17,91.870003
9/17/17,null
9/18/17,92.050003
9/19/17,91.790001
9/20/17,92.510002
9/21/17,92.260002
9/22/17,92.169998
9/24/17,null
9/25/17,92.650002
9/26/17,92.970001
9/27/17,93.360001
9/28/17,93.089996
9/29/17,93.080002
10/1/17,null
10/2/17,93.559998
10/3/17,93.57
10/4/17,93.459999
10/5/17,93.959999
10/6/17,93.800003
10/8/17,null
10/9/17,93.739998
10/10/17,93.290001
10/11/17,92.959999
10/12/17,93.120003
10/13/17,93.089996
10/15/17,null
10/16/17,93.279999
10/17/17,93.489998
10/18/17,93.360001
10/19/17,93.269997
10/20/17,93.699997
10/22/17,null
10/23/17,93.940002
10/24/17,93.959999
10/25/17,93.709999
10/26/17,94.610001
10/27/17,94.919998
10/29/17,null
10/30/17,94.489998
10/31/17,94.550003
11/1/17,94.82
11/2/17,94.690002
11/3/17,94.940002
11/5/17,null
11/6/17,94.720001
11/7/17,94.910004
11/8/17,94.870003
11/9/17,94.440002
11/10/17,94.389999
11/12/17,null
11/13/17,94.489998
11/14/17,93.830002
11/15/17,93.809998
11/16/17,93.93
11/17/17,93.660004
11/19/17,null
11/20/17,94.080002
11/21/17,93.949997
11/22/17,93.220001
11/24/17,null
11/26/17,null
11/27/17,92.900002
11/28/17,93.260002
11/29/17,93.260002
11/30/17,93.010002
12/1/17,92.900002
12/3/17,null
12/4/17,93.190002
12/5/17,93.379997
12/6/17,93.610001
12/7/17,93.800003
12/8/17,93.900002
12/10/17,null
12/11/17,93.870003
12/12/17,94.099998
12/13/17,93.43
12/14/17,93.489998
12/15/17,93.93
12/17/17,null
12/18/17,93.699997
12/19/17,93.470001
12/20/17,93.349998
12/21/17,93.279999
12/22/17,93.349998
12/24/17,null
12/26/17,93.260002
12/27/17,93.029999
12/28/17,92.599998
12/29/17,92.120003
12/31/17,null
1/2/18,91.849998
1/3/18,92.160004
1/4/18,91.849998
1/5/18,91.949997
1/7/18,null
1/8/18,92.330002
1/9/18,92.529999
1/10/18,92.330002
1/11/18,91.849998
1/12/18,90.970001
1/14/18,null
1/16/18,90.389999
1/17/18,90.540001
1/18/18,90.5
1/19/18,90.57
1/21/18,null
1/22/18,90.400002
1/23/18,90.120003
1/24/18,89.209999
1/25/18,89.389999
1/26/18,89.07
1/28/18,null
1/29/18,89.309998
1/30/18,89.190002
1/31/18,89.129997
2/1/18,88.669998
2/2/18,89.199997
2/4/18,null
2/5/18,89.550003
2/6/18,89.589996
2/7/18,90.260002
2/8/18,90.230003
2/9/18,90.440002
2/11/18,null
2/12/18,90.209999
2/13/18,89.699997
2/14/18,89.120003
2/15/18,88.589996
2/16/18,89.099998
2/18/18,null
2/20/18,89.720001
2/21/18,90.080002
2/22/18,89.75
2/23/18,89.879997
2/25/18,null
2/26/18,89.82
2/27/18,90.360001
2/28/18,90.610001
3/1/18,90.32
3/2/18,89.940002
3/4/18,null
3/5/18,90.080002
3/6/18,89.620003
3/7/18,89.639999
3/8/18,90.120003
3/9/18,90.089996
3/11/18,null
3/12/18,89.900002
3/13/18,89.660004
3/14/18,89.699997
3/15/18,90.139999
3/16/18,90.230003
3/18/18,null
3/19/18,89.900002
3/20/18,90.370003
3/21/18,89.779999
3/22/18,89.860001
3/23/18,89.440002
3/25/18,null
3/26/18,89.029999
3/27/18,89.370003
3/28/18,90.059998
3/29/18,90.150002
4/1/18,null
4/2/18,90.050003
4/3/18,90.199997
4/4/18,90.139999
4/5/18,90.459999
4/6/18,90.110001
4/8/18,null
4/9/18,89.839996
4/10/18,89.589996
4/11/18,89.57
4/12/18,89.75
4/13/18,89.800003
4/15/18,null
4/16/18,89.43
4/17/18,89.519997
4/18/18,89.620003
4/19/18,89.940002
4/20/18,90.32
4/22/18,null
4/23/18,90.940002
4/24/18,90.769997
4/25/18,91.169998
4/26/18,91.559998
4/27/18,91.540001
4/29/18,null
4/30/18,91.839996
5/1/18,92.449997
5/2/18,92.510002
5/3/18,92.410004
5/4/18,92.57
5/6/18,null
5/7/18,92.75
5/8/18,93.120003
5/9/18,93.040001
5/10/18,92.650002
5/11/18,92.540001
5/13/18,null
5/14/18,92.589996
5/15/18,93.220001
5/16/18,93.389999
5/17/18,93.470001
5/18/18,93.639999
5/20/18,null
5/21/18,93.68
5/22/18,93.610001
5/23/18,94.010002
5/24/18,93.779999
5/25/18,94.190002
5/27/18,null
5/29/18,94.830002
5/30/18,94.150002
5/31/18,93.989998
6/1/18,94.190002
6/3/18,null
6/4/18,94.019997
6/5/18,93.889999
6/6/18,93.660004
6/7/18,93.400002
6/8/18,93.550003
6/10/18,null
6/11/18,93.580002
6/12/18,93.800003
6/13/18,93.709999
6/14/18,94.769997
6/15/18,94.790001
6/17/18,null
6/18/18,94.75
6/19/18,95.089996
6/20/18,95.059998
6/21/18,94.870003
6/22/18,94.519997
6/24/18,null
6/25/18,94.279999
6/26/18,94.68
6/27/18,95.290001
6/28/18,95.389999
6/29/18,94.629997
7/1/18,null
7/2/18,94.870003
7/3/18,null
7/5/18,94.470001
7/6/18,94.040001
7/8/18,null
7/9/18,94.080002
7/10/18,94.110001
7/11/18,94.720001
7/12/18,94.809998
7/13/18,94.75
7/15/18,null
7/16/18,94.510002
7/17/18,94.970001
7/18/18,95.080002
7/19/18,95.169998
7/20/18,94.459999
7/22/18,null
7/23/18,94.669998
7/24/18,94.610001
7/25/18,94.360001
7/26/18,94.75
7/27/18,94.68
7/29/18,null
7/30/18,94.360001
7/31/18,94.489998
8/1/18,94.620003
8/2/18,95.169998
8/3/18,95.139999
8/5/18,null
8/6/18,95.360001
8/7/18,95.220001
8/8/18,95.099998
8/9/18,95.5
8/10/18,96.360001
8/12/18,null
8/13/18,96.389999
8/14/18,96.730003
8/15/18,96.699997
8/16/18,96.650002
8/17/18,96.099998
8/19/18,null
8/20/18,95.900002
8/21/18,95.260002
8/22/18,95.150002
8/23/18,95.620003
8/24/18,95.150002
8/26/18,null
8/27/18,94.779999
8/28/18,94.720001
8/29/18,94.599998
8/30/18,94.720001
8/31/18,95.139999
9/2/18,null
9/4/18,95.419998
9/5/18,95.129997
9/6/18,95.019997
9/7/18,95.370003
9/9/18,null
9/10/18,95.150002
9/11/18,95.059998
9/12/18,94.800003
9/13/18,94.540001
9/14/18,94.980003
9/16/18,null
9/17/18,94.510002
9/18/18,94.620003
9/19/18,94.550003
9/20/18,93.910004
9/21/18,94.220001
9/23/18,null
9/24/18,94.260002
9/25/18,94.129997
9/26/18,94.190002
9/27/18,95
9/28/18,95.190002
9/30/18,null
10/1/18,95.300003
10/2/18,95.510002
10/3/18,95.760002
10/4/18,95.75
10/5/18,95.620003
10/7/18,null
10/8/18,95.769997
10/9/18,95.68
10/10/18,95.510002
10/11/18,95.019997
10/12/18,95.220001
10/14/18,null
10/15/18,95.07
10/16/18,95.050003
10/17/18,95.580002
10/18/18,95.900002
10/19/18,95.709999
10/21/18,null
10/22/18,96.010002
10/23/18,95.959999
10/24/18,96.43
10/25/18,96.68
10/26/18,96.360001
10/28/18,null
10/29/18,96.580002
10/30/18,97.010002
10/31/18,97.129997
11/1/18,96.279999
11/2/18,96.540001
11/4/18,null
11/5/18,96.349998
11/6/18,96.32
11/7/18,96
11/8/18,96.639999
11/9/18,96.910004
11/11/18,null
11/12/18,97.540001
11/13/18,97.300003
11/14/18,96.800003
11/15/18,96.93
11/16/18,96.470001
11/18/18,null
11/19/18,96.190002
11/20/18,96.809998
11/21/18,96.709999
11/23/18,null
11/25/18,null
11/26/18,97.07
11/27/18,97.370003
11/28/18,96.790001
11/29/18,96.779999
11/30/18,97.269997
12/2/18,null
12/3/18,97.040001
12/4/18,96.970001
12/6/18,96.809998
12/7/18,96.510002
12/9/18,null
12/10/18,97.220001
12/11/18,97.389999
12/12/18,97.040001
12/13/18,97.059998
12/14/18,97.440002
12/16/18,null
12/17/18,97.099998
12/18/18,97.139999
12/19/18,97.040001
12/20/18,96.279999
12/21/18,96.959999
12/23/18,null
12/24/18,null
12/26/18,97.050003
12/27/18,96.480003
12/28/18,96.389999
12/30/18,null
12/31/18,96.169998
1/2/19,96.82
1/3/19,96.309998
1/4/19,96.190002
1/6/19,null
1/7/19,95.709999
1/8/19,95.900002
1/9/19,95.220001
1/10/19,95.540001
1/11/19,95.669998
1/13/19,null
1/14/19,95.589996
1/15/19,95.970001
1/16/19,96.059998
1/17/19,96.07
1/18/19,96.339996
1/20/19,null
1/22/19,96.300003
1/23/19,96.120003
1/24/19,96.599998
1/25/19,95.790001
1/27/19,null
1/28/19,95.75
1/29/19,95.82
1/30/19,95.339996
1/31/19,95.580002
2/1/19,95.580002
2/3/19,null
2/4/19,95.849998
2/5/19,96.099998
2/6/19,96.419998
2/7/19,96.510002
2/8/19,96.639999
2/10/19,null
2/11/19,97.059998
2/12/19,96.709999
2/13/19,97.129997
2/14/19,96.980003
2/15/19,96.919998
2/17/19,null
2/19/19,96.519997
2/20/19,96.449997
2/21/19,96.610001
2/22/19,96.510002
2/24/19,null
2/25/19,96.410004
2/26/19,96
2/27/19,96.150002
2/28/19,96.160004
3/1/19,96.529999
3/3/19,null
3/4/19,96.68
3/5/19,96.849998
3/6/19,96.870003
3/7/19,97.669998
3/8/19,97.370003
3/10/19,null
3/11/19,97.18
3/12/19,96.940002
3/13/19,96.550003
3/14/19,96.75
3/15/19,96.900002
3/17/19,null
3/18/19,96.489998
3/19/19,96.379997
3/20/19,96.019997
3/21/19,96.5
3/22/19,96.650002
3/24/19,null
3/25/19,96.57
3/26/19,96.739998
3/27/19,96.769997
3/28/19,97.199997
3/29/19,97.279999
3/31/19,null
4/1/19,97.25
4/2/19,97.360001
4/3/19,97.089996
4/4/19,97.309998
4/5/19,97.400002
4/7/19,null
4/8/19,97.050003
4/9/19,97.010002
4/10/19,96.949997
4/11/19,97.18
4/12/19,96.949997
4/14/19,null
4/15/19,96.940002
4/16/19,97.040001
4/17/19,97.010002
4/18/19,97.470001
4/21/19,null
4/22/19,97.300003
4/23/19,97.57
4/24/19,98.099998
4/25/19,98.199997
4/26/19,98.010002
4/28/19,null
4/29/19,97.860001
4/30/19,97.480003
5/1/19,97.690002
5/2/19,97.830002
5/3/19,97.519997
5/5/19,null
5/6/19,97.519997
5/7/19,97.629997
5/8/19,97.620003
5/9/19,97.370003
5/10/19,97.330002
5/12/19,null
5/13/19,97.360001
5/14/19,97.529999
5/15/19,97.57
5/16/19,97.839996
5/17/19,98
5/19/19,null
5/20/19,97.93
5/21/19,98.059998
5/22/19,98.110001
5/23/19,97.849998
5/24/19,97.610001
5/26/19,null
5/28/19,97.959999
5/29/19,98.139999
5/30/19,98.139999
5/31/19,97.790001
6/2/19,null
6/3/19,97.139999
6/4/19,97.07
6/5/19,97.370003
6/6/19,97.029999
6/7/19,96.610001
6/9/19,null
6/10/19,96.790001
6/11/19,96.690002
6/12/19,97
6/13/19,97.010002
6/14/19,97.57
6/16/19,null
6/17/19,97.559998
6/18/19,97.639999
6/19/19,97.120003
6/20/19,96.629997
6/21/19,96.190002
6/23/19,null
6/24/19,95.980003
6/25/19,96.160004
6/26/19,96.209999
6/27/19,96.220001
6/28/19,96.129997
6/30/19,null
7/1/19,96.839996
7/2/19,96.769997
7/3/19,null
7/5/19,97.25
7/7/19,null
7/8/19,97.379997
7/9/19,97.489998
7/10/19,97.099998
7/11/19,97.050003
7/12/19,96.809998
7/14/19,null
7/15/19,96.93
7/16/19,97.400002
7/17/19,97.220001
7/18/19,96.790001
7/19/19,97.150002
7/21/19,null
7/22/19,97.260002
7/23/19,97.709999
7/24/19,97.730003
7/25/19,97.82
7/26/19,98.010002
7/28/19,null
7/29/19,98.040001
7/30/19,98.050003
7/31/19,98.519997
8/1/19,98.389999
8/2/19,98.099998
8/4/19,null
8/5/19,97.5
8/6/19,97.629997
8/7/19,97.540001
8/8/19,97.620003
8/9/19,97.489998
8/11/19,null
8/12/19,97.379997
8/13/19,97.809998
8/14/19,97.989998
8/15/19,98.139999
8/16/19,98.139999
8/18/19,null
8/19/19,98.349998
8/20/19,98.190002
8/21/19,98.300003
8/22/19,98.169998
8/23/19,97.639999
8/25/19,null
8/26/19,98.080002
8/27/19,98
8/28/19,98.209999
8/29/19,98.510002
8/30/19,98.919998
9/1/19,null
9/3/19,98.949997
9/4/19,98.449997
9/5/19,98.410004
9/6/19,98.389999
9/8/19,null
9/9/19,98.279999
9/10/19,98.379997
9/11/19,98.650002
9/12/19,98.309998
9/13/19,98.260002
9/15/19,null
9/16/19,98.650002
9/17/19,98.260002
9/18/19,98.599998
9/19/19,98.269997
9/20/19,98.510002
9/22/19,null
9/23/19,98.599998
9/24/19,98.339996
9/25/19,99.040001
9/26/19,99.209999
9/27/19,99.110001
9/29/19,null
9/30/19,99.379997
10/1/19,99.129997
10/2/19,99.040001
10/3/19,98.860001
10/4/19,98.809998
10/6/19,null
10/7/19,98.989998
10/8/19,99.139999
10/9/19,99.120003
10/10/19,98.709999
10/11/19,98.300003
10/13/19,null
10/14/19,98.5
10/15/19,98.290001
10/16/19,98.010002
10/17/19,97.610001
10/18/19,97.279999
10/20/19,null
10/21/19,97.330002
10/22/19,97.529999
10/23/19,97.470001
10/24/19,97.629997
10/25/19,97.830002
10/27/19,null
10/28/19,97.760002
10/29/19,97.690002
10/30/19,97.650002
10/31/19,97.349998
11/1/19,97.230003
11/3/19,null
11/4/19,97.510002
11/5/19,97.980003
11/6/19,97.949997
11/7/19,98.139999
11/8/19,98.349998
11/10/19,null
11/11/19,98.220001
11/12/19,98.309998
11/13/19,98.370003
11/14/19,98.160004
11/15/19,98
11/17/19,null
11/18/19,97.790001
11/19/19,97.860001
11/20/19,97.93
11/21/19,97.989998
11/22/19,98.269997
11/24/19,null
11/25/19,98.32
11/26/19,98.25
11/27/19,98.410004
11/29/19,null
12/1/19,null
12/2/19,97.860001
12/3/19,97.739998
12/4/19,97.650002
12/5/19,97.410004
12/6/19,97.699997
12/8/19,null
12/9/19,97.660004
12/10/19,97.410004
12/11/19,97.160004
12/12/19,97.400002
12/13/19,97.169998
12/15/19,null
12/16/19,97.07
12/17/19,97.209999
12/18/19,97.410004
12/19/19,97.419998
12/20/19,97.709999
12/22/19,null
12/23/19,97.68
12/24/19,null
12/26/19,97.589996
12/27/19,96.919998
12/29/19,null
12/30/19,96.739998
12/31/19,96.389999
1/2/20,96.849998
1/3/20,96.839996
1/5/20,null
1/6/20,96.669998
1/7/20,96.980003
1/8/20,97.330002
1/9/20,97.449997
1/10/20,97.360001
1/12/20,null
1/13/20,97.349998
1/14/20,97.370003
1/15/20,97.230003
1/16/20,97.32
1/17/20,97.610001
1/19/20,null
1/21/20,97.529999
1/22/20,97.529999
1/23/20,97.690002
1/24/20,97.849998
1/26/20,null
1/27/20,97.959999
1/28/20,98.019997
1/29/20,97.989998
1/30/20,97.870003
1/31/20,97.389999
2/2/20,null
2/3/20,97.800003
2/4/20,97.959999
2/5/20,98.269997
2/6/20,98.5
2/7/20,98.68
2/9/20,null
2/10/20,98.830002
2/11/20,98.720001
2/12/20,99.050003
2/13/20,99.07
2/14/20,99.120003
2/16/20,null
2/18/20,99.459999
2/19/20,99.599998
2/20/20,99.870003
2/21/20,99.260002
2/23/20,null
2/24/20,99.290001
2/25/20,98.970001
2/26/20,99
2/27/20,98.440002
2/28/20,98.129997
3/1/20,null
3/2/20,97.360001
3/3/20,97.150002
3/4/20,97.339996
3/5/20,96.82
3/6/20,95.949997
3/8/20,null
3/9/20,94.900002
3/10/20,96.410004
3/11/20,96.510002
3/12/20,97.470001
3/13/20,98.75
3/15/20,null
3/16/20,98.089996
3/17/20,99.580002
3/18/20,101.160004
3/19/20,102.760002
3/20/20,102.82
3/22/20,null
3/23/20,102.489998
3/24/20,101.739998
3/25/20,101.050003
3/26/20,99.419998
3/27/20,98.370003
3/29/20,null
3/30/20,99.18
3/31/20,98.949997
4/1/20,99.669998
4/2/20,100.18
4/3/20,100.580002
4/5/20,null
4/6/20,100.690002
4/7/20,99.980003
4/8/20,100.120003
4/9/20,99.519997
4/12/20,null
4/13/20,99.5
4/14/20,98.889999
4/15/20,99.459999
4/16/20,100.029999
4/17/20,99.779999
4/19/20,null
4/20/20,99.959999
4/21/20,100.260002
4/22/20,100.389999
4/23/20,100.43
4/24/20,100.379997
4/26/20,null
4/27/20,100.040001
4/28/20,99.870003
4/29/20,99.57
4/30/20,99.019997
5/1/20,98.800003
5/3/20,null
5/4/20,99.480003
5/5/20,99.709999
5/6/20,100.089996
5/7/20,99.889999
5/8/20,99.730003
5/10/20,null
5/11/20,100.239998
5/12/20,99.93
5/13/20,100.239998
5/14/20,100.470001
5/15/20,100.400002
5/17/20,null
5/18/20,99.669998
5/19/20,99.370003
5/20/20,99.120003
5/21/20,99.370003
5/22/20,99.860001
5/24/20,null
5/26/20,99.010002
5/27/20,99.059998
5/28/20,98.379997
5/29/20,98.339996
5/31/20,null
6/1/20,97.82
6/2/20,97.669998
6/3/20,97.279999
6/4/20,96.68
6/5/20,96.940002
6/7/20,null
6/8/20,96.620003
6/9/20,96.32
6/10/20,95.959999
6/11/20,96.730003
6/12/20,97.32
6/14/20,null
6/15/20,96.68
6/16/20,96.959999
6/17/20,97.160004
6/18/20,97.419998
6/19/20,97.620003
6/21/20,null
6/22/20,97.040001
6/23/20,96.690002
6/24/20,97.150002
6/25/20,97.43
6/26/20,97.5
6/28/20,null
6/29/20,97.540001
6/30/20,97.389999
7/1/20,97.199997
7/2/20,97.32
7/5/20,null
7/6/20,96.790001
7/7/20,96.879997
7/8/20,96.43
7/9/20,96.699997
7/10/20,96.650002
7/12/20,null
7/13/20,96.559998
7/14/20,96.260002
7/15/20,96.080002
7/16/20,96.349998
7/17/20,95.940002
7/19/20,null
7/20/20,95.830002
7/21/20,95.120003
7/22/20,94.970001
7/23/20,94.690002
7/24/20,94.440002
7/26/20,null
7/27/20,93.68
7/28/20,93.760002
7/29/20,93.260002
7/30/20,92.93
7/31/20,93.489998
8/2/20,null
8/3/20,93.5
8/4/20,93.379997
8/5/20,92.830002
8/6/20,92.790001
8/7/20,93.440002
8/9/20,93.422997
8/10/20,93.580002
8/11/20,93.629997
8/12/20,93.440002
8/13/20,93.339996
8/14/20,93.099998
8/16/20,93.008003
8/17/20,92.849998
8/18/20,92.269997
8/19/20,92.889999
8/20/20,92.790001
8/21/20,93.25
8/23/20,93.168999
8/24/20,93.300003
8/25/20,93.019997
8/26/20,93.010002
8/27/20,93.010002
8/28/20,92.290001
8/30/20,92.263
8/31/20,92.139999
9/1/20,92.339996
9/2/20,92.849998
9/3/20,92.739998
9/4/20,92.800003
9/6/20,null
9/8/20,93.480003
9/9/20,93.260002
9/10/20,93.339996
9/11/20,93.330002
9/13/20,null
9/14/20,93.07
9/15/20,93.050003
9/16/20,93.209999
9/17/20,92.970001
9/18/20,92.93
9/20/20,null
9/21/20,93.540001
9/22/20,93.989998
9/23/20,94.389999
9/24/20,94.349998
9/25/20,94.580002
9/27/20,null
9/28/20,94.260002
9/29/20,93.889999
9/30/20,93.889999
10/1/20,93.709999
10/2/20,93.839996
10/4/20,null
10/5/20,93.510002