,US0012M INDEX
1/2/2008,4.1875
1/3/2008,4.04188
1/4/2008,4.0525
1/7/2008,3.9425
1/8/2008,3.92875
1/9/2008,3.86438
1/10/2008,3.8125
1/11/2008,3.715
1/14/2008,3.49625
1/15/2008,3.47375
1/16/2008,3.42375
1/17/2008,3.48
1/18/2008,3.39625
1/21/2008,3.26813
1/22/2008,3.08375
1/23/2008,2.80625
1/24/2008,2.8625
1/25/2008,3.12625
1/28/2008,2.95625
1/29/2008,2.96625
1/30/2008,2.98
1/31/2008,2.84938
2/1/2008,2.81875
2/4/2008,2.89625
2/5/2008,2.89313
2/6/2008,2.73375
2/7/2008,2.73
2/8/2008,2.77625
2/11/2008,2.73375
2/12/2008,2.7325
2/13/2008,2.7275
2/14/2008,2.74875
2/15/2008,2.74438
2/18/2008,2.77125
2/19/2008,2.78063
2/20/2008,2.875
2/21/2008,2.955
2/22/2008,2.82063
2/25/2008,2.90875
2/26/2008,2.925
2/27/2008,2.82875
2/28/2008,2.775
2/29/2008,2.70875
3/3/2008,2.62563
3/4/2008,2.65813
3/5/2008,2.6675
3/6/2008,2.68625
3/7/2008,2.575
3/10/2008,2.58875
3/11/2008,2.57
3/12/2008,2.64688
3/13/2008,2.51688
3/14/2008,2.5125
3/17/2008,2.17813
3/18/2008,2.21
3/19/2008,2.33875
3/20/2008,2.3925
3/25/2008,2.54875
3/26/2008,2.5275
3/27/2008,2.50563
3/28/2008,2.5175
3/31/2008,2.48625
4/1/2008,2.47
4/2/2008,2.56125
4/3/2008,2.65375
4/4/2008,2.66375
4/7/2008,2.59313
4/8/2008,2.60188
4/9/2008,2.61813
4/10/2008,2.57375
4/11/2008,2.63688
4/14/2008,2.57375
4/15/2008,2.63
4/16/2008,2.7375
4/17/2008,2.91125
4/18/2008,3.0675
4/21/2008,3.06
4/22/2008,3.09313
4/23/2008,3.11125
4/24/2008,3.0775
4/25/2008,3.235
4/28/2008,3.17875
4/29/2008,3.1075
4/30/2008,3.07875
5/1/2008,2.98375
5/2/2008,2.99375
5/6/2008,3.015
5/7/2008,2.99813
5/8/2008,2.94375
5/9/2008,2.8725
5/12/2008,2.92188
5/13/2008,2.9625
5/14/2008,3.16813
5/15/2008,3.17625
5/16/2008,3.08125
5/19/2008,3.02625
5/20/2008,2.97625
5/21/2008,2.95125
5/22/2008,2.9975
5/23/2008,3.06688
5/27/2008,3.0675
5/28/2008,3.08625
5/29/2008,3.205
5/30/2008,3.16375
6/2/2008,3.13875
6/3/2008,3.09625
6/4/2008,3.0975
6/5/2008,3.13
6/6/2008,3.21063
6/9/2008,3.1875
6/10/2008,3.54188
6/11/2008,3.52
6/12/2008,3.50313
6/13/2008,3.68125
6/16/2008,3.66375
6/17/2008,3.59375
6/18/2008,3.5775
6/19/2008,3.55125
6/20/2008,3.545
6/23/2008,3.53563
6/24/2008,3.55625
6/25/2008,3.5075
6/26/2008,3.44125
6/27/2008,3.37938
6/30/2008,3.31063
7/1/2008,3.32375
7/2/2008,3.345
7/3/2008,3.325
7/4/2008,3.29375
7/7/2008,3.295
7/8/2008,3.2225
7/9/2008,3.24875
7/10/2008,3.205
7/11/2008,3.25625
7/14/2008,3.275
7/15/2008,3.19938
7/16/2008,3.15063
7/17/2008,3.21188
7/18/2008,3.25688
7/21/2008,3.35625
7/22/2008,3.33813
7/23/2008,3.4125
7/24/2008,3.38063
7/25/2008,3.27188
7/28/2008,3.31375
7/29/2008,3.28063
7/30/2008,3.2875
7/31/2008,3.2525
8/1/2008,3.2225
8/4/2008,3.24188
8/5/2008,3.28125
8/6/2008,3.26688
8/7/2008,3.27625
8/8/2008,3.23063
8/11/2008,3.24063
8/12/2008,3.27063
8/13/2008,3.21813
8/14/2008,3.23313
8/15/2008,3.255
8/18/2008,3.26313
8/19/2008,3.24375
8/20/2008,3.23438
8/21/2008,3.17188
8/22/2008,3.2125
8/26/2008,3.22
8/27/2008,3.23063
8/28/2008,3.20688
8/29/2008,3.20688
9/1/2008,3.195
9/2/2008,3.21438
9/3/2008,3.17875
9/4/2008,3.18125
9/5/2008,3.12938
9/8/2008,3.23875
9/9/2008,3.16625
9/10/2008,3.14375
9/11/2008,3.13063
9/12/2008,3.1275
9/15/2008,2.9875
9/16/2008,2.9525
9/17/2008,3.225
9/18/2008,3.35125
9/19/2008,3.45875
9/22/2008,3.5125
9/23/2008,3.53688
9/24/2008,3.7575
9/25/2008,3.9825
9/26/2008,3.89125
9/29/2008,3.835
9/30/2008,3.9625
10/1/2008,4.035
10/2/2008,4.0225
10/3/2008,4.0575
10/6/2008,3.9525
10/7/2008,3.9
10/8/2008,3.99375
10/9/2008,4.23375
10/10/2008,4.16875
10/13/2008,4.13125
10/14/2008,4.06
10/15/2008,4.03375
10/16/2008,3.97875
10/17/2008,3.9725
10/20/2008,3.7125
10/21/2008,3.60188
10/22/2008,3.42375
10/23/2008,3.5025
10/24/2008,3.50875
10/27/2008,3.4975
10/28/2008,3.49
10/29/2008,3.42125
10/30/2008,3.28188
10/31/2008,3.17375
11/3/2008,3.2075
11/4/2008,3.105
11/5/2008,2.96875
11/6/2008,2.84125
11/7/2008,2.8
11/10/2008,2.7925
11/11/2008,2.7075
11/12/2008,2.6825
11/13/2008,2.75125
11/14/2008,2.905
11/17/2008,2.88
11/18/2008,2.795
11/19/2008,2.755
11/20/2008,2.705
11/21/2008,2.73625
11/24/2008,2.75875
11/25/2008,2.84
11/26/2008,2.7175
11/27/2008,2.7475
11/28/2008,2.76625
12/1/2008,2.77375
12/2/2008,2.7125
12/3/2008,2.70375
12/4/2008,2.64875
12/5/2008,2.6925
12/8/2008,2.795
12/9/2008,2.71
12/10/2008,2.6225
12/11/2008,2.52875
12/12/2008,2.41875
12/15/2008,2.43
12/16/2008,2.3675
12/17/2008,2.09875
12/18/2008,2.09875
12/19/2008,2.0925
12/22/2008,2.07625
12/23/2008,2.10625
12/24/2008,2.09125
12/29/2008,2.0775
12/30/2008,2.025
12/31/2008,2.00375
1/2/2009,2.02375
1/5/2009,2.0925
1/6/2009,2.04625
1/7/2009,1.995
1/8/2009,1.925
1/9/2009,1.855
1/12/2009,1.765
1/13/2009,1.7375
1/14/2009,1.74625
1/15/2009,1.77125
1/16/2009,1.89
1/19/2009,1.85125
1/20/2009,1.83
1/21/2009,1.84
1/22/2009,1.92125
1/23/2009,1.915
1/26/2009,1.96625
1/27/2009,1.97063
1/28/2009,1.91125
1/29/2009,1.9225
1/30/2009,1.975
2/2/2009,2.07
2/3/2009,2.08375
2/4/2009,2.08875
2/5/2009,2.08875
2/6/2009,2.03625
2/9/2009,2
2/10/2009,1.98688
2/11/2009,2.02313
2/12/2009,2.01875
2/13/2009,2.03438
2/16/2009,2.08938
2/17/2009,2.085
2/18/2009,2.095
2/19/2009,2.10125
2/20/2009,2.075
2/23/2009,2.06125
2/24/2009,2.04125
2/25/2009,2.07375
2/26/2009,2.115
2/27/2009,2.11938
3/2/2009,2.11063
3/3/2009,2.10875
3/4/2009,2.115
3/5/2009,2.13625
3/6/2009,2.15375
3/9/2009,2.23625
3/10/2009,2.2975
3/11/2009,2.25813
3/12/2009,2.23
3/13/2009,2.22688
3/16/2009,2.205
3/17/2009,2.20188
3/18/2009,2.18
3/19/2009,2.00625
3/20/2009,2.01375
3/23/2009,2.02
3/24/2009,2.0325
3/25/2009,2.02875
3/26/2009,2.0525
3/27/2009,2.01
3/30/2009,1.98375
3/31/2009,1.97188
4/1/2009,1.95125
4/2/2009,1.955
4/3/2009,1.96438
4/6/2009,1.9925
4/7/2009,1.97875
4/8/2009,1.9625
4/9/2009,1.95125
4/14/2009,1.92938
4/15/2009,1.9125
4/16/2009,1.90625
4/17/2009,1.915
4/20/2009,1.945
4/21/2009,1.94938
4/22/2009,1.9675
4/23/2009,1.95
4/24/2009,1.93063
4/27/2009,1.89875
4/28/2009,1.8775
4/29/2009,1.8875
4/30/2009,1.87688
5/1/2009,1.86438
5/5/2009,1.85888
5/6/2009,1.82
5/7/2009,1.8075
5/8/2009,1.78125
5/11/2009,1.7575
5/12/2009,1.7475
5/13/2009,1.7325
5/14/2009,1.68625
5/15/2009,1.65625
5/18/2009,1.61125
5/19/2009,1.5825
5/20/2009,1.54875
5/21/2009,1.48625
5/22/2009,1.53125
5/26/2009,1.5525
5/27/2009,1.62875
5/28/2009,1.62
5/29/2009,1.6
6/1/2009,1.59375
6/2/2009,1.6075
6/3/2009,1.58375
6/4/2009,1.5475
6/5/2009,1.5975
6/8/2009,1.85375
6/9/2009,1.835
6/10/2009,1.7925
6/11/2009,1.79
6/12/2009,1.7325
6/15/2009,1.69875
6/16/2009,1.69625
6/17/2009,1.69375
6/18/2009,1.68875
6/19/2009,1.74
6/22/2009,1.6975
6/23/2009,1.6775
6/24/2009,1.64
6/25/2009,1.645
6/26/2009,1.59125
6/29/2009,1.5975
6/30/2009,1.60625
7/1/2009,1.59
7/2/2009,1.57625
7/3/2009,1.53125
7/6/2009,1.51375
7/7/2009,1.51125
7/8/2009,1.49375
7/9/2009,1.475
7/10/2009,1.45625
7/13/2009,1.46125
7/14/2009,1.49375
7/15/2009,1.5075
7/16/2009,1.50875
7/17/2009,1.49125
7/20/2009,1.50125
7/21/2009,1.49
7/22/2009,1.47875
7/23/2009,1.47313
7/24/2009,1.48938
7/27/2009,1.4925
7/28/2009,1.47875
7/29/2009,1.485
7/30/2009,1.5025
7/31/2009,1.4975
8/3/2009,1.47563
8/4/2009,1.48813
8/5/2009,1.50063
8/6/2009,1.51063
8/7/2009,1.51
8/10/2009,1.54875
8/11/2009,1.51063
8/12/2009,1.46
8/13/2009,1.41875
8/14/2009,1.39
8/17/2009,1.38875
8/18/2009,1.39
8/19/2009,1.37
8/20/2009,1.38125
8/21/2009,1.34875
8/24/2009,1.38375
8/25/2009,1.355
8/26/2009,1.355
8/27/2009,1.34625
8/28/2009,1.33
9/1/2009,1.29688
9/2/2009,1.295
9/3/2009,1.29063
9/4/2009,1.28813
9/7/2009,1.2875
9/8/2009,1.27875
9/9/2009,1.26625
9/10/2009,1.26125
9/11/2009,1.25375
9/14/2009,1.25375
9/15/2009,1.26
9/16/2009,1.26938
9/17/2009,1.29125
9/18/2009,1.27188
9/21/2009,1.28188
9/22/2009,1.27
9/23/2009,1.2625
9/24/2009,1.23125
9/25/2009,1.2375
9/28/2009,1.255
9/29/2009,1.25375
9/30/2009,1.26375
10/1/2009,1.24188
10/2/2009,1.2125
10/5/2009,1.20688
10/6/2009,1.2125
10/7/2009,1.21688
10/8/2009,1.21313
10/9/2009,1.2225
10/12/2009,1.25125
10/13/2009,1.23938
10/14/2009,1.2325
10/15/2009,1.23813
10/16/2009,1.24688
10/19/2009,1.25
10/20/2009,1.23875
10/21/2009,1.2275
10/22/2009,1.23188
10/23/2009,1.235
10/26/2009,1.24438
10/27/2009,1.23625
10/28/2009,1.20875
10/29/2009,1.19813
10/30/2009,1.19938
11/2/2009,1.195
11/3/2009,1.18188
11/4/2009,1.18875
11/5/2009,1.17
11/6/2009,1.16125
11/9/2009,1.13125
11/10/2009,1.12
11/11/2009,1.10688
11/12/2009,1.09813
11/13/2009,1.09063
11/16/2009,1.08813
11/17/2009,1.05938
11/18/2009,1.055
11/19/2009,1.03375
11/20/2009,1.02125
11/23/2009,1.02
11/24/2009,1.01375
11/25/2009,1.005
11/26/2009,1.00313
11/27/2009,1.01125
11/30/2009,1.0175
12/1/2009,1.00813
12/2/2009,1.00313
12/3/2009,1.02938
12/4/2009,1.02563
12/7/2009,1.05438
12/8/2009,1.015
12/9/2009,1.00663
12/10/2009,1.0065
12/11/2009,1.004
12/14/2009,1.00063
12/15/2009,1.005
12/16/2009,1.00375
12/17/2009,0.99163
12/18/2009,0.96838
12/21/2009,0.96438
12/22/2009,0.97813
12/23/2009,0.97438
12/24/2009,0.97875
12/29/2009,0.9975
12/30/2009,0.98563
12/31/2009,0.98438
1/4/2010,0.99375
1/5/2010,0.96969
1/6/2010,0.96031
1/7/2010,0.94813
1/8/2010,0.95688
1/11/2010,0.91563
1/12/2010,0.90563
1/13/2010,0.90438
1/14/2010,0.905
1/15/2010,0.89625
1/18/2010,0.88063
1/19/2010,0.88
1/20/2010,0.87563
1/21/2010,0.8775
1/22/2010,0.8575
1/25/2010,0.86063
1/26/2010,0.84063
1/27/2010,0.84188
1/28/2010,0.85375
1/29/2010,0.84625
2/1/2010,0.8425
2/2/2010,0.8425
2/3/2010,0.84625
2/4/2010,0.84594
2/5/2010,0.8375
2/8/2010,0.8425
2/9/2010,0.84625
2/10/2010,0.85
2/11/2010,0.86188
2/12/2010,0.85375
2/15/2010,0.85125
2/16/2010,0.85563
2/17/2010,0.85063
2/18/2010,0.85375
2/19/2010,0.8775
2/22/2010,0.87313
2/23/2010,0.86688
2/24/2010,0.85438
2/25/2010,0.84
2/26/2010,0.83938
3/1/2010,0.83938
3/2/2010,0.83625
3/3/2010,0.83438
3/4/2010,0.83406
3/5/2010,0.85063
3/8/2010,0.8675
3/9/2010,0.85875
3/10/2010,0.8575
3/11/2010,0.86125
3/12/2010,0.86838
3/15/2010,0.86719
3/16/2010,0.87175
3/17/2010,0.85906
3/18/2010,0.85688
3/19/2010,0.87563
3/22/2010,0.89469
3/23/2010,0.89125
3/24/2010,0.89375
3/25/2010,0.90844
3/26/2010,0.90969
3/29/2010,0.91469
3/30/2010,0.91469
3/31/2010,0.92
4/1/2010,0.915
4/6/2010,0.95
4/7/2010,0.9425
4/8/2010,0.93356
4/9/2010,0.93606
4/12/2010,0.94094
4/13/2010,0.93594
4/14/2010,0.94656
4/15/2010,0.94594
4/16/2010,0.94438
4/19/2010,0.93313
4/20/2010,0.94094
4/21/2010,0.9525
4/22/2010,0.96297
4/23/2010,0.97875
4/26/2010,0.99313
4/27/2010,0.99875
4/28/2010,1.015
4/29/2010,1.01438
4/30/2010,1.01563
5/4/2010,1.04
5/5/2010,1.05406
5/6/2010,1.065
5/7/2010,1.13
5/10/2010,1.0975
5/11/2010,1.09875
5/12/2010,1.0975
5/13/2010,1.09219
5/14/2010,1.10563
5/17/2010,1.11938
5/18/2010,1.115
5/19/2010,1.13
5/20/2010,1.135
5/21/2010,1.15438
5/24/2010,1.17656
5/25/2010,1.22413
5/26/2010,1.218
5/27/2010,1.21263
5/28/2010,1.20406
6/1/2010,1.20875
6/2/2010,1.20625
6/3/2010,1.205
6/4/2010,1.19656
6/7/2010,1.20625
6/8/2010,1.19656
6/9/2010,1.19063
6/10/2010,1.1825
6/11/2010,1.18031
6/14/2010,1.18563
6/15/2010,1.19156
6/16/2010,1.18875
6/17/2010,1.19
6/18/2010,1.18313
6/21/2010,1.18375
6/22/2010,1.175
6/23/2010,1.17875
6/24/2010,1.17938
6/25/2010,1.18313
6/28/2010,1.17563
6/29/2010,1.17438
6/30/2010,1.17313
7/1/2010,1.17313
7/2/2010,1.17188
7/5/2010,1.16375
7/6/2010,1.16313
7/7/2010,1.16188
7/8/2010,1.15438
7/9/2010,1.14625
7/12/2010,1.14375
7/13/2010,1.145
7/14/2010,1.14063
7/15/2010,1.13375
7/16/2010,1.12688
7/19/2010,1.11656
7/20/2010,1.10188
7/21/2010,1.0875
7/22/2010,1.08
7/23/2010,1.07469
7/26/2010,1.08031
7/27/2010,1.07469
7/28/2010,1.06438
7/29/2010,1.05044
7/30/2010,1.03669
8/2/2010,1.02975
8/3/2010,1.01506
8/4/2010,1.00156
8/5/2010,1.00969
8/6/2010,1.00313
8/9/2010,0.995
8/10/2010,0.99375
8/11/2010,0.97075
8/12/2010,0.96063
8/13/2010,0.96531
8/16/2010,0.96094
8/17/2010,0.94619
8/18/2010,0.93094
8/19/2010,0.91919
8/20/2010,0.90638
8/23/2010,0.89425
8/24/2010,0.87594
8/25/2010,0.87
8/26/2010,0.86531
8/27/2010,0.85831
8/31/2010,0.84306
9/1/2010,0.83988
9/2/2010,0.83913
9/3/2010,0.83488
9/6/2010,0.83006
9/7/2010,0.82594
9/8/2010,0.82331
9/9/2010,0.82425
9/10/2010,0.82219
9/13/2010,0.81988
9/14/2010,0.80788
9/15/2010,0.7975
9/16/2010,0.794
9/17/2010,0.79363
9/20/2010,0.79363
9/21/2010,0.79338
9/22/2010,0.78169
9/23/2010,0.78125
9/24/2010,0.78063
9/27/2010,0.77863
9/28/2010,0.7785
9/29/2010,0.77825
9/30/2010,0.77775
10/1/2010,0.77838
10/4/2010,0.777
10/5/2010,0.77675
10/6/2010,0.77413
10/7/2010,0.7715
10/8/2010,0.76956
10/11/2010,0.76694
10/12/2010,0.7665
10/13/2010,0.76681
10/14/2010,0.7665
10/15/2010,0.76663
10/18/2010,0.7655
10/19/2010,0.7655
10/20/2010,0.7655
10/21/2010,0.76538
10/22/2010,0.76538
10/25/2010,0.76525
10/26/2010,0.76525
10/27/2010,0.76538
10/28/2010,0.764
10/29/2010,0.76219
11/1/2010,0.76038
11/2/2010,0.76038
11/3/2010,0.76038
11/4/2010,0.756
11/5/2010,0.75525
11/8/2010,0.75556
11/9/2010,0.75875
11/10/2010,0.75906
11/11/2010,0.75906
11/12/2010,0.76281
11/15/2010,0.76481
11/16/2010,0.7625
11/17/2010,0.7625
11/18/2010,0.76325
11/19/2010,0.76313
11/22/2010,0.76313
11/23/2010,0.76313
11/24/2010,0.7665
11/25/2010,0.78025
11/26/2010,0.78463
11/29/2010,0.78494
11/30/2010,0.78656
12/1/2010,0.79
12/2/2010,0.79
12/3/2010,0.78794
12/6/2010,0.7825
12/7/2010,0.78125
12/8/2010,0.7825
12/9/2010,0.7825
12/10/2010,0.7825
12/13/2010,0.785
12/14/2010,0.78375
12/15/2010,0.78344
12/16/2010,0.78513
12/17/2010,0.78388
12/20/2010,0.78325
12/21/2010,0.78325
12/22/2010,0.78313
12/23/2010,0.78313
12/24/2010,0.78313
12/29/2010,0.78313
12/30/2010,0.78156
12/31/2010,0.78094
1/4/2011,0.78094
1/5/2011,0.78094
1/6/2011,0.78525
1/7/2011,0.7855
1/10/2011,0.784
1/11/2011,0.78388
1/12/2011,0.78375
1/13/2011,0.78375
1/14/2011,0.78219
1/17/2011,0.77969
1/18/2011,0.77906
1/19/2011,0.78031
1/20/2011,0.78031
1/21/2011,0.78063
1/24/2011,0.78094
1/25/2011,0.78094
1/26/2011,0.78125
1/27/2011,0.78125
1/28/2011,0.78063
1/31/2011,0.78125
2/1/2011,0.7855
2/2/2011,0.78605
2/3/2011,0.7886
2/4/2011,0.79125
2/7/2011,0.79275
2/8/2011,0.79325
2/9/2011,0.799
2/10/2011,0.797
2/11/2011,0.7965
2/14/2011,0.7975
2/15/2011,0.79875
2/16/2011,0.79775
2/17/2011,0.79575
2/18/2011,0.795
2/21/2011,0.793
2/22/2011,0.79275
2/23/2011,0.79375
2/24/2011,0.79125
2/25/2011,0.79225
2/28/2011,0.79025
3/1/2011,0.78875
3/2/2011,0.78625
3/3/2011,0.78725
3/4/2011,0.792
3/7/2011,0.7865
3/8/2011,0.7845
3/9/2011,0.7855
3/10/2011,0.7855
3/11/2011,0.78
3/14/2011,0.7775
3/15/2011,0.7685
3/16/2011,0.7715
3/17/2011,0.7725
3/18/2011,0.7705
3/21/2011,0.772
3/22/2011,0.7745
3/23/2011,0.7745
3/24/2011,0.7755
3/25/2011,0.7765
3/28/2011,0.7795
3/29/2011,0.7795
3/30/2011,0.782
3/31/2011,0.7825
4/1/2011,0.78525
4/4/2011,0.781
4/5/2011,0.77775
4/6/2011,0.77825
4/7/2011,0.77775
4/8/2011,0.77725
4/11/2011,0.774
4/12/2011,0.7725
4/13/2011,0.7715
4/14/2011,0.765
4/15/2011,0.765
4/18/2011,0.76275
4/19/2011,0.7625
4/20/2011,0.763
4/21/2011,0.762
4/26/2011,0.762
4/27/2011,0.7625
4/28/2011,0.761
5/3/2011,0.75775
5/4/2011,0.75625
5/5/2011,0.752
5/6/2011,0.749
5/9/2011,0.7465
5/10/2011,0.7435
5/11/2011,0.7425
5/12/2011,0.738
5/13/2011,0.738
5/16/2011,0.7355
5/17/2011,0.7355
5/18/2011,0.73475
5/19/2011,0.737
5/20/2011,0.733
5/23/2011,0.7305
5/24/2011,0.73175
5/25/2011,0.73125
5/26/2011,0.73125
5/27/2011,0.7295
5/31/2011,0.7295
6/1/2011,0.7295
6/2/2011,0.72725
6/3/2011,0.72725
6/6/2011,0.725
6/7/2011,0.725
6/8/2011,0.72175
6/9/2011,0.7225
6/10/2011,0.7225
6/13/2011,0.72025
6/14/2011,0.72025
6/15/2011,0.72125
6/16/2011,0.72725
6/17/2011,0.72775
6/20/2011,0.72775
6/21/2011,0.72775
6/22/2011,0.72625
6/23/2011,0.72725
6/24/2011,0.72875
6/27/2011,0.7325
6/28/2011,0.735
6/29/2011,0.735
6/30/2011,0.7335
7/1/2011,0.734
7/4/2011,0.7345
7/5/2011,0.7345
7/6/2011,0.735
7/7/2011,0.73525
7/8/2011,0.73575
7/11/2011,0.73475
7/12/2011,0.7405
7/13/2011,0.7425
7/14/2011,0.743
7/15/2011,0.7435
7/18/2011,0.7485
7/19/2011,0.74975
7/20/2011,0.75125
7/21/2011,0.75175
7/22/2011,0.75225
7/25/2011,0.75425
7/26/2011,0.75475
7/27/2011,0.756
7/28/2011,0.75775
7/29/2011,0.76025
8/1/2011,0.75944
8/2/2011,0.76306
8/3/2011,0.765
8/4/2011,0.76611
8/5/2011,0.76472
8/8/2011,0.76667
8/9/2011,0.76994
8/10/2011,0.76661
8/11/2011,0.76961
8/12/2011,0.77283
8/15/2011,0.77483
8/16/2011,0.77594
8/17/2011,0.77761
8/18/2011,0.78017
8/19/2011,0.78439
8/22/2011,0.78817
8/23/2011,0.79233
8/24/2011,0.79456
8/25/2011,0.79789
8/26/2011,0.79589
8/30/2011,0.79811
8/31/2011,0.8
9/1/2011,0.80217
9/2/2011,0.80322
9/5/2011,0.80706
9/6/2011,0.81417
9/7/2011,0.81539
9/8/2011,0.81844
9/9/2011,0.82133
9/12/2011,0.828
9/13/2011,0.83083
9/14/2011,0.83411
9/15/2011,0.8355
9/16/2011,0.83494
9/19/2011,0.83578
9/20/2011,0.83744
9/21/2011,0.83856
9/22/2011,0.84494
9/23/2011,0.8475
9/26/2011,0.85011
9/27/2011,0.85156
9/28/2011,0.85489
9/29/2011,0.85967
9/30/2011,0.86489
10/3/2011,0.86883
10/4/2011,0.875
10/5/2011,0.8825
10/6/2011,0.8885
10/7/2011,0.89267
10/10/2011,0.896
10/11/2011,0.90133
10/12/2011,0.904
10/13/2011,0.90617
10/14/2011,0.9095
10/17/2011,0.91094
10/18/2011,0.91317
10/19/2011,0.91561
10/20/2011,0.91861
10/21/2011,0.92139
10/24/2011,0.92394
10/25/2011,0.92556
10/26/2011,0.92717
10/27/2011,0.93128
10/28/2011,0.93372
10/31/2011,0.93561
11/1/2011,0.93972
11/2/2011,0.94161
11/3/2011,0.94489
11/4/2011,0.94883
11/7/2011,0.95372
11/8/2011,0.95861
11/9/2011,0.9645
11/10/2011,0.97644
11/11/2011,0.98144
11/14/2011,0.98522
11/15/2011,0.99189
11/16/2011,0.997
11/17/2011,1.00756
11/18/2011,1.01811
11/21/2011,1.02589
11/22/2011,1.03422
11/23/2011,1.04144
11/24/2011,1.04656
11/25/2011,1.05156
11/28/2011,1.06044
11/29/2011,1.066
11/30/2011,1.07106
12/1/2011,1.06494
12/2/2011,1.06517
12/5/2011,1.074
12/6/2011,1.0789
12/7/2011,1.08115
12/8/2011,1.08215
12/9/2011,1.0849
12/12/2011,1.0874
12/13/2011,1.0934
12/14/2011,1.09915
12/15/2011,1.10585
12/16/2011,1.11035
12/19/2011,1.11435
12/20/2011,1.11885
12/21/2011,1.1191
12/22/2011,1.12135
12/23/2011,1.1231
12/28/2011,1.1269
12/29/2011,1.12805
12/30/2011,1.12805
1/3/2012,1.13005
1/4/2012,1.13035
1/5/2012,1.13035
1/6/2012,1.13035
1/9/2012,1.12825
1/10/2012,1.12605
1/11/2012,1.12435
1/12/2012,1.11945
1/13/2012,1.11395
1/16/2012,1.11175
1/17/2012,1.11015
1/18/2012,1.11005
1/19/2012,1.11005
1/20/2012,1.10995
1/23/2012,1.10995
1/24/2012,1.10845
1/25/2012,1.10795
1/26/2012,1.1017
1/27/2012,1.0992
1/30/2012,1.09745
1/31/2012,1.0957
2/1/2012,1.0907
2/2/2012,1.0865
2/3/2012,1.084
2/6/2012,1.08275
2/7/2012,1.0802
2/8/2012,1.07625
2/9/2012,1.0725
2/10/2012,1.0698
2/13/2012,1.0678
2/14/2012,1.06755
2/15/2012,1.06555
2/16/2012,1.06605
2/17/2012,1.06605
2/20/2012,1.06605
2/21/2012,1.06605
2/22/2012,1.06605
2/23/2012,1.06605
2/24/2012,1.06605
2/27/2012,1.06615
2/28/2012,1.06305
2/29/2012,1.0598
3/1/2012,1.05915
3/2/2012,1.0552
3/5/2012,1.0544
3/6/2012,1.0544
3/7/2012,1.0554
3/8/2012,1.0554
3/9/2012,1.0554
3/12/2012,1.0564
3/13/2012,1.0566
3/14/2012,1.0567
3/15/2012,1.0537
3/16/2012,1.0531
3/19/2012,1.0531
3/20/2012,1.0531
3/21/2012,1.0531
3/22/2012,1.0531
3/23/2012,1.0521
3/26/2012,1.0515
3/27/2012,1.05
3/28/2012,1.048
3/29/2012,1.0475
3/30/2012,1.0485
4/2/2012,1.0497
4/3/2012,1.0497
4/4/2012,1.0497
4/5/2012,1.0507
4/10/2012,1.0507
4/11/2012,1.0507
4/12/2012,1.0492
4/13/2012,1.0487
4/16/2012,1.0502
4/17/2012,1.0482
4/18/2012,1.0472
4/19/2012,1.0472
4/20/2012,1.0477
4/23/2012,1.0477
4/24/2012,1.0477
4/25/2012,1.0472
4/26/2012,1.0472
4/27/2012,1.0472
4/30/2012,1.0472
5/1/2012,1.0472
5/2/2012,1.0472
5/3/2012,1.0492
5/4/2012,1.0492
5/8/2012,1.0492
5/9/2012,1.0527
5/10/2012,1.0547
5/11/2012,1.0557
5/14/2012,1.05895
5/15/2012,1.06145
5/16/2012,1.06795
5/17/2012,1.06795
5/18/2012,1.06895
5/21/2012,1.0692
5/22/2012,1.0692
5/23/2012,1.0692
5/24/2012,1.0692
5/25/2012,1.0692
5/28/2012,1.0692
5/29/2012,1.0692
5/30/2012,1.0692
5/31/2012,1.0692
6/1/2012,1.0707
6/6/2012,1.0707
6/7/2012,1.0697
6/8/2012,1.0702
6/11/2012,1.0702
6/12/2012,1.0707
6/13/2012,1.0707
6/14/2012,1.0712
6/15/2012,1.0695
6/18/2012,1.0695
6/19/2012,1.0695
6/20/2012,1.0685
6/21/2012,1.0685
6/22/2012,1.0685
6/25/2012,1.066
6/26/2012,1.067
6/27/2012,1.0675
6/28/2012,1.068
6/29/2012,1.068
7/2/2012,1.0695
7/3/2012,1.0695
7/4/2012,1.0695
7/5/2012,1.0695
7/6/2012,1.0695
7/9/2012,1.0695
7/10/2012,1.0695
7/11/2012,1.0695
7/12/2012,1.0685
7/13/2012,1.067
7/16/2012,1.066
7/17/2012,1.066
7/18/2012,1.066
7/19/2012,1.0645
7/20/2012,1.064
7/23/2012,1.063
7/24/2012,1.0615
7/25/2012,1.0615
7/26/2012,1.0605
7/27/2012,1.0605
7/30/2012,1.0585
7/31/2012,1.0535
8/1/2012,1.047
8/2/2012,1.0482
8/3/2012,1.0462
8/6/2012,1.0472
8/7/2012,1.0472
8/8/2012,1.0465
8/9/2012,1.0465
8/10/2012,1.0465
8/13/2012,1.046
8/14/2012,1.046
8/15/2012,1.045
8/16/2012,1.044
8/17/2012,1.044
8/20/2012,1.044
8/21/2012,1.042
8/22/2012,1.041
8/23/2012,1.04
8/24/2012,1.0365
8/28/2012,1.035
8/29/2012,1.034
8/30/2012,1.033
8/31/2012,1.032
9/3/2012,1.0295
9/4/2012,1.027
9/5/2012,1.0265
9/6/2012,1.0245
9/7/2012,1.024
9/10/2012,1.0175
9/11/2012,1.0145
9/12/2012,1.008
9/13/2012,1.004
9/14/2012,0.997
9/17/2012,0.992
9/18/2012,0.9895
9/19/2012,0.9875
9/20/2012,0.98525
9/21/2012,0.9845
9/24/2012,0.98225
9/25/2012,0.97825
9/26/2012,0.975
9/27/2012,0.97575
9/28/2012,0.973
10/1/2012,0.96675
10/2/2012,0.9615
10/3/2012,0.959
10/4/2012,0.9565
10/5/2012,0.9545
10/8/2012,0.9535
10/9/2012,0.952
10/10/2012,0.9445
10/11/2012,0.9415
10/12/2012,0.936
10/15/2012,0.929
10/16/2012,0.918
10/17/2012,0.9055
10/18/2012,0.901
10/19/2012,0.8965
10/22/2012,0.8905
10/23/2012,0.888
10/24/2012,0.8815
10/25/2012,0.8805
10/26/2012,0.8805
10/29/2012,0.8775
10/30/2012,0.8775
10/31/2012,0.8755
11/1/2012,0.8755
11/2/2012,0.875
11/5/2012,0.87375
11/6/2012,0.8715
11/7/2012,0.866
11/8/2012,0.862
11/9/2012,0.862
11/12/2012,0.862
11/13/2012,0.8615
11/14/2012,0.8605
11/15/2012,0.8595
11/16/2012,0.86
11/19/2012,0.86
11/20/2012,0.86
11/21/2012,0.861
11/22/2012,0.86
11/23/2012,0.859
11/26/2012,0.86
11/27/2012,0.86
11/28/2012,0.86
11/29/2012,0.861
11/30/2012,0.86
12/3/2012,0.86
12/4/2012,0.859
12/5/2012,0.859
12/6/2012,0.855
12/7/2012,0.853
12/10/2012,0.853
12/11/2012,0.852
12/12/2012,0.8495
12/13/2012,0.846
12/14/2012,0.844
12/17/2012,0.8425
12/18/2012,0.8425
12/19/2012,0.843
12/20/2012,0.843
12/21/2012,0.843
12/24/2012,0.843
12/27/2012,0.8435
12/28/2012,0.8435
12/31/2012,0.8435
1/2/2013,0.8425
1/3/2013,0.8395
1/4/2013,0.8385
1/7/2013,0.8345
1/8/2013,0.8345
1/9/2013,0.834
1/10/2013,0.823
1/11/2013,0.821
1/14/2013,0.819
1/15/2013,0.814
1/16/2013,0.8095
1/17/2013,0.81
1/18/2013,0.809
1/21/2013,0.809
1/22/2013,0.809
1/23/2013,0.8075
1/24/2013,0.7985
1/25/2013,0.7965
1/28/2013,0.7975
1/29/2013,0.7955
1/30/2013,0.7905
1/31/2013,0.781
2/1/2013,0.777
2/4/2013,0.773
2/5/2013,0.7705
2/6/2013,0.7695
2/7/2013,0.7675
2/8/2013,0.766
2/11/2013,0.765
2/12/2013,0.764
2/13/2013,0.762
2/14/2013,0.7625
2/15/2013,0.76
2/18/2013,0.76
2/19/2013,0.7595
2/20/2013,0.7585
2/21/2013,0.756
2/22/2013,0.7555
2/25/2013,0.7545
2/26/2013,0.7525
2/27/2013,0.7525
2/28/2013,0.7515
3/1/2013,0.7495
3/4/2013,0.745
3/5/2013,0.743
3/6/2013,0.7385
3/7/2013,0.7365
3/8/2013,0.7335
3/11/2013,0.733
3/12/2013,0.7305
3/13/2013,0.73
3/14/2013,0.729
3/15/2013,0.731
3/18/2013,0.7315
3/19/2013,0.735
3/20/2013,0.737
3/21/2013,0.7355
3/22/2013,0.7375
3/25/2013,0.731
3/26/2013,0.7325
3/27/2013,0.7315
3/28/2013,0.7315
4/2/2013,0.728
4/3/2013,0.725
4/4/2013,0.723
4/5/2013,0.721
4/8/2013,0.721
4/9/2013,0.721
4/10/2013,0.721
4/11/2013,0.72
4/12/2013,0.719
4/15/2013,0.719
4/16/2013,0.7175
4/17/2013,0.715
4/18/2013,0.715
4/19/2013,0.715
4/22/2013,0.7155
4/23/2013,0.711
4/24/2013,0.712
4/25/2013,0.711
4/26/2013,0.7105
4/29/2013,0.7085
4/30/2013,0.7045
5/1/2013,0.704
5/2/2013,0.7031
5/3/2013,0.7021
5/7/2013,0.7031
5/8/2013,0.7031
5/9/2013,0.7021
5/10/2013,0.7011
5/13/2013,0.7011
5/14/2013,0.6951
5/15/2013,0.68989
5/16/2013,0.68989
5/17/2013,0.68839
5/20/2013,0.68739
5/21/2013,0.68589
5/22/2013,0.68589
5/23/2013,0.68589
5/24/2013,0.68589
5/28/2013,0.684
5/29/2013,0.6907
5/30/2013,0.688
5/31/2013,0.6892
6/3/2013,0.6902
6/4/2013,0.6872
6/5/2013,0.6862
6/6/2013,0.6852
6/7/2013,0.6852
6/10/2013,0.6832
6/11/2013,0.6847
6/12/2013,0.6832
6/13/2013,0.6787
6/14/2013,0.6691
6/17/2013,0.6681
6/18/2013,0.6681
6/19/2013,0.6681
6/20/2013,0.68045
6/21/2013,0.68295
6/24/2013,0.70315
6/25/2013,0.70115
6/26/2013,0.69765
6/27/2013,0.69065
6/28/2013,0.68565
7/1/2013,0.69015
7/2/2013,0.68815
7/3/2013,0.69065
7/4/2013,0.69165
7/5/2013,0.68965
7/8/2013,0.69415
7/9/2013,0.69165
7/10/2013,0.69365
7/11/2013,0.68835
7/12/2013,0.68585
7/15/2013,0.68985
7/16/2013,0.68719
7/17/2013,0.68419
7/18/2013,0.68094
7/19/2013,0.68094
7/22/2013,0.68094
7/23/2013,0.67594
7/24/2013,0.67544
7/25/2013,0.67594
7/26/2013,0.67369
7/29/2013,0.67319
7/30/2013,0.67319
7/31/2013,0.67319
8/1/2013,0.67319
8/2/2013,0.67419
8/5/2013,0.66639
8/6/2013,0.66539
8/7/2013,0.66539
8/8/2013,0.66489
8/9/2013,0.66489
8/12/2013,0.6651
8/13/2013,0.6646
8/14/2013,0.6676
8/15/2013,0.6676
8/16/2013,0.6676
8/19/2013,0.66832
8/20/2013,0.6671
8/21/2013,0.6661
8/22/2013,0.6731
8/23/2013,0.6756
8/27/2013,0.6681
8/28/2013,0.6676
8/29/2013,0.6671
8/30/2013,0.6671
9/2/2013,0.6681
9/3/2013,0.6691
9/4/2013,0.6681
9/5/2013,0.6751
9/6/2013,0.6751
9/9/2013,0.6656
9/10/2013,0.6656
9/11/2013,0.6651
9/12/2013,0.6636
9/13/2013,0.6636
9/16/2013,0.6561
9/17/2013,0.6516
9/18/2013,0.6501
9/19/2013,0.6386
9/20/2013,0.6386
9/23/2013,0.6376
9/24/2013,0.6351
9/25/2013,0.6331
9/26/2013,0.6311
9/27/2013,0.6261
9/30/2013,0.6294
10/1/2013,0.62665
10/2/2013,0.62315
10/3/2013,0.62265
10/4/2013,0.6186
10/7/2013,0.62085
10/8/2013,0.62335
10/9/2013,0.6311
10/10/2013,0.6271
10/11/2013,0.6276
10/14/2013,0.6316
10/15/2013,0.6291
10/16/2013,0.6296
10/17/2013,0.6201
10/18/2013,0.6141
10/21/2013,0.6131
10/22/2013,0.6126
10/23/2013,0.6086
10/24/2013,0.6066
10/25/2013,0.6057
10/28/2013,0.6056
10/29/2013,0.6051
10/30/2013,0.6036
10/31/2013,0.6026
11/1/2013,0.6016
11/4/2013,0.5971
11/5/2013,0.5961
11/6/2013,0.5975
11/7/2013,0.597
11/8/2013,0.59475
11/11/2013,0.595
11/12/2013,0.5905
11/13/2013,0.5916
11/14/2013,0.5881
11/15/2013,0.5841
11/18/2013,0.5851
11/19/2013,0.5846
11/20/2013,0.5841
11/21/2013,0.5756
11/22/2013,0.5741
11/25/2013,0.5736
11/26/2013,0.5756
11/27/2013,0.5781
11/28/2013,0.578
11/29/2013,0.578
12/2/2013,0.577
12/3/2013,0.5757
12/4/2013,0.5767
12/5/2013,0.5772
12/6/2013,0.5767
12/9/2013,0.5736
12/10/2013,0.5733
12/11/2013,0.5743
12/12/2013,0.5763
12/13/2013,0.5806
12/16/2013,0.5796
12/17/2013,0.5806
12/18/2013,0.5781
12/19/2013,0.5806
12/20/2013,0.5841
12/23/2013,0.5836
12/24/2013,0.5836
12/27/2013,0.5831
12/30/2013,0.5831
12/31/2013,0.5831
1/2/2014,0.5826
1/3/2014,0.5846
1/6/2014,0.5854
1/7/2014,0.5866
1/8/2014,0.5856
1/9/2014,0.5846
1/10/2014,0.5826
1/13/2014,0.5736
1/14/2014,0.5681
1/15/2014,0.5716
1/16/2014,0.5716
1/17/2014,0.5721
1/20/2014,0.5721
1/21/2014,0.5726
1/22/2014,0.5711
1/23/2014,0.5725
1/24/2014,0.5721
1/27/2014,0.571
1/28/2014,0.571
1/29/2014,0.5704
1/30/2014,0.5694
1/31/2014,0.5654
2/3/2014,0.5629
2/4/2014,0.5617
2/5/2014,0.5594
2/6/2014,0.5579
2/7/2014,0.5584
2/10/2014,0.5509
2/11/2014,0.5533
2/12/2014,0.5538
2/13/2014,0.5523
2/14/2014,0.5508
2/17/2014,0.5523
2/18/2014,0.5533
2/19/2014,0.5533
2/20/2014,0.5538
2/21/2014,0.5553
2/24/2014,0.5533
2/25/2014,0.5533
2/26/2014,0.5505
2/27/2014,0.5523
2/28/2014,0.5533
3/3/2014,0.5538
3/4/2014,0.552
3/5/2014,0.5506
3/6/2014,0.552
3/7/2014,0.552
3/10/2014,0.5552
3/11/2014,0.5552
3/12/2014,0.5552
3/13/2014,0.557
3/14/2014,0.557
3/17/2014,0.5571
3/18/2014,0.5572
3/19/2014,0.5555
3/20/2014,0.56
3/21/2014,0.5641
3/24/2014,0.5641
3/25/2014,0.5616
3/26/2014,0.5621
3/27/2014,0.5616
3/28/2014,0.5586
3/31/2014,0.5581
4/1/2014,0.5536
4/2/2014,0.5551
4/3/2014,0.5551
4/4/2014,0.5556
4/7/2014,0.5521
4/8/2014,0.553
4/9/2014,0.553
4/10/2014,0.5485
4/11/2014,0.546
4/14/2014,0.5465
4/15/2014,0.5455
4/16/2014,0.5465
4/17/2014,0.5465
4/22/2014,0.5483
4/23/2014,0.5483
4/24/2014,0.5495
4/25/2014,0.5495
4/28/2014,0.5495
4/29/2014,0.549
4/30/2014,0.549
5/1/2014,0.5475
5/2/2014,0.547
5/6/2014,0.5436
5/7/2014,0.5436
5/8/2014,0.5421
5/9/2014,0.5402
5/12/2014,0.5377
5/13/2014,0.5392
5/14/2014,0.5371
5/15/2014,0.5346
5/16/2014,0.5346
5/19/2014,0.5346
5/20/2014,0.5346
5/21/2014,0.5336
5/22/2014,0.5341
5/23/2014,0.5354
5/27/2014,0.5354
5/28/2014,0.5354
5/29/2014,0.5344
5/30/2014,0.5344
6/2/2014,0.5345
6/3/2014,0.535
6/4/2014,0.534
6/5/2014,0.5345
6/6/2014,0.5335
6/9/2014,0.5351
6/10/2014,0.5366
6/11/2014,0.5396
6/12/2014,0.5401
6/13/2014,0.5446
6/16/2014,0.5466
6/17/2014,0.5506
6/18/2014,0.5506
6/19/2014,0.5456
6/20/2014,0.5471
6/23/2014,0.5471
6/24/2014,0.5471
6/25/2014,0.5471
6/26/2014,0.5461
6/27/2014,0.5451
6/30/2014,0.5451
7/1/2014,0.5462
7/2/2014,0.5467
7/3/2014,0.5467
7/4/2014,0.5532
7/7/2014,0.5562
7/8/2014,0.5562
7/9/2014,0.5572
7/10/2014,0.5492
7/11/2014,0.5497
7/14/2014,0.5519
7/15/2014,0.5519
7/16/2014,0.5549
7/17/2014,0.5544
7/18/2014,0.5529
7/21/2014,0.5521
7/22/2014,0.5561
7/23/2014,0.5536
7/24/2014,0.5571
7/25/2014,0.5601
7/28/2014,0.5636
7/29/2014,0.5646
7/30/2014,0.5686
7/31/2014,0.5796
8/1/2014,0.5781
8/4/2014,0.5621
8/5/2014,0.5604
8/6/2014,0.5559
8/7/2014,0.5554
8/8/2014,0.554
8/11/2014,0.5545
8/12/2014,0.5553
8/13/2014,0.5553
8/14/2014,0.5508
8/15/2014,0.5506
8/18/2014,0.5511
8/19/2014,0.5521
8/20/2014,0.5561
8/21/2014,0.5646
8/22/2014,0.5656
8/26/2014,0.5646
8/27/2014,0.5626
8/28/2014,0.5631
8/29/2014,0.5656
9/1/2014,0.5646
9/2/2014,0.5621
9/3/2014,0.5656
9/4/2014,0.5641
9/5/2014,0.5691
9/8/2014,0.5626
9/9/2014,0.5737
9/10/2014,0.5807
9/11/2014,0.5822
9/12/2014,0.5862
9/15/2014,0.5847
9/16/2014,0.5827
9/17/2014,0.5827
9/18/2014,0.5852
9/19/2014,0.5847
9/22/2014,0.5817
9/23/2014,0.5812
9/24/2014,0.5827
9/25/2014,0.5822
9/26/2014,0.5777
9/29/2014,0.5802
9/30/2014,0.5786
10/1/2014,0.5776
10/2/2014,0.5681
10/3/2014,0.5691
10/6/2014,0.5718
10/7/2014,0.5713
10/8/2014,0.5673
10/9/2014,0.55055
10/10/2014,0.55255
10/13/2014,0.5473
10/14/2014,0.54205
10/15/2014,0.5444
10/16/2014,0.54465
10/17/2014,0.5469
10/20/2014,0.54715
10/21/2014,0.54115
10/22/2014,0.5421
10/23/2014,0.5436
10/24/2014,0.54255
10/27/2014,0.5418
10/28/2014,0.54155
10/29/2014,0.5418
10/30/2014,0.5558
10/31/2014,0.5538
11/3/2014,0.5558
11/4/2014,0.5558
11/5/2014,0.5578
11/6/2014,0.5578
11/7/2014,0.5663
11/10/2014,0.5563
11/11/2014,0.5643
11/12/2014,0.5638
11/13/2014,0.5663
11/14/2014,0.5633
11/17/2014,0.56105
11/18/2014,0.56105
11/19/2014,0.5628
11/20/2014,0.5618
11/21/2014,0.5643
11/24/2014,0.5643
11/25/2014,0.5646
11/26/2014,0.5646
11/27/2014,0.5646
11/28/2014,0.5646
12/1/2014,0.5626
12/2/2014,0.5648
12/3/2014,0.5703
12/4/2014,0.575
12/5/2014,0.5766
12/8/2014,0.6031
12/9/2014,0.5981
12/10/2014,0.6026
12/11/2014,0.6003
12/12/2014,0.6013
12/15/2014,0.5978
12/16/2014,0.5993
12/17/2014,0.6053
12/18/2014,0.6053
12/19/2014,0.6168
12/22/2014,0.6223
12/23/2014,0.6278
12/24/2014,0.6288
12/29/2014,0.6288
12/30/2014,0.6288
12/31/2014,0.6288
1/2/2015,0.6328
1/5/2015,0.6338
1/6/2015,0.6283
1/7/2015,0.6273
1/8/2015,0.6289
1/9/2015,0.6264
1/12/2015,0.6209
1/13/2015,0.6224
1/14/2015,0.6224
1/15/2015,0.6149
1/16/2015,0.6099
1/19/2015,0.6119
1/20/2015,0.6159
1/21/2015,0.6219
1/22/2015,0.6229
1/23/2015,0.6219
1/26/2015,0.6214
1/27/2015,0.6224
1/28/2015,0.6179
1/29/2015,0.6204
1/30/2015,0.6209
2/2/2015,0.6194
2/3/2015,0.61815
2/4/2015,0.6254
2/5/2015,0.629
2/6/2015,0.6315
2/9/2015,0.656
2/10/2015,0.6636
2/11/2015,0.6646
2/12/2015,0.6716
2/13/2015,0.6736
2/16/2015,0.6726
2/17/2015,0.6746
2/18/2015,0.6841
2/19/2015,0.6709
2/20/2015,0.6744
2/23/2015,0.6784
2/24/2015,0.67735
2/25/2015,0.6686
2/26/2015,0.66935
2/27/2015,0.6796
3/2/2015,0.68185
3/3/2015,0.6871
3/4/2015,0.6886
3/5/2015,0.68885
3/6/2015,0.6881
3/9/2015,0.7111
3/10/2015,0.71085
3/11/2015,0.7151
3/12/2015,0.7136
3/13/2015,0.71335
3/16/2015,0.71335
3/17/2015,0.71335
3/18/2015,0.71535
3/19/2015,0.68685
3/20/2015,0.69735
3/23/2015,0.6911
3/24/2015,0.6924
3/25/2015,0.69715
3/26/2015,0.6999
3/27/2015,0.70215
3/30/2015,0.6989
3/31/2015,0.6942
4/1/2015,0.6981
4/2/2015,0.69235
4/7/2015,0.6856
4/8/2015,0.6891
4/9/2015,0.69435
4/10/2015,0.69835
4/13/2015,0.70335
4/14/2015,0.7001
4/15/2015,0.69265
4/16/2015,0.6914
4/17/2015,0.68465
4/20/2015,0.69515
4/21/2015,0.7009
4/22/2015,0.69915
4/23/2015,0.7064
4/24/2015,0.7059
4/27/2015,0.70115
4/28/2015,0.696
4/29/2015,0.699
4/30/2015,0.70525
5/1/2015,0.7176
5/5/2015,0.72135
5/6/2015,0.7341
5/7/2015,0.7361
5/8/2015,0.7326
5/11/2015,0.7241
5/12/2015,0.7346
5/13/2015,0.73035
5/14/2015,0.72285
5/15/2015,0.72335
5/18/2015,0.7251
5/19/2015,0.7276
5/20/2015,0.73935
5/21/2015,0.7391
5/22/2015,0.7376
5/26/2015,0.75685
5/27/2015,0.7526
5/28/2015,0.75295
5/29/2015,0.7497
6/1/2015,0.7477
6/2/2015,0.74995
6/3/2015,0.74545
6/4/2015,0.74795
6/5/2015,0.7492
6/8/2015,0.7722
6/9/2015,0.7682
6/10/2015,0.78195
6/11/2015,0.78795
6/12/2015,0.7908
6/15/2015,0.79185
6/16/2015,0.7896
6/17/2015,0.79135
6/18/2015,0.76635
6/19/2015,0.7666
6/22/2015,0.766
6/23/2015,0.76875
6/24/2015,0.77575
6/25/2015,0.77425
6/26/2015,0.7765
6/29/2015,0.766
6/30/2015,0.7715
7/1/2015,0.77775
7/2/2015,0.7871
7/3/2015,0.7716
7/6/2015,0.76185
7/7/2015,0.75985
7/8/2015,0.75035
7/9/2015,0.75335
7/10/2015,0.7627
7/13/2015,0.7812
7/14/2015,0.77895
7/15/2015,0.77295
7/16/2015,0.7732
7/17/2015,0.7757
7/20/2015,0.79535
7/21/2015,0.80535
7/22/2015,0.8046
7/23/2015,0.8072
7/24/2015,0.8071
7/27/2015,0.80095
7/28/2015,0.8042
7/29/2015,0.8011
7/30/2015,0.8136
7/31/2015,0.82835
8/3/2015,0.80885
8/4/2015,0.8052
8/5/2015,0.83185
8/6/2015,0.8351
8/7/2015,0.83585
8/10/2015,0.8467
8/11/2015,0.8387
8/12/2015,0.82215
8/13/2015,0.8349
8/14/2015,0.8441
8/17/2015,0.8491
8/18/2015,0.84435
8/19/2015,0.8496
8/20/2015,0.8576
8/21/2015,0.84785
8/24/2015,0.83335
8/25/2015,0.82735
8/26/2015,0.83105
8/27/2015,0.8418
8/28/2015,0.8433
9/1/2015,0.85555
9/2/2015,0.8543
9/3/2015,0.85355
9/4/2015,0.8503
9/7/2015,0.86005
9/8/2015,0.8568
9/9/2015,0.85455
9/10/2015,0.8548
9/11/2015,0.85555
9/14/2015,0.85455
9/15/2015,0.85455
9/16/2015,0.86655
9/17/2015,0.8708
9/18/2015,0.82455
9/21/2015,0.8388
9/22/2015,0.84155
9/23/2015,0.8458
9/24/2015,0.84685
9/25/2015,0.86085
9/28/2015,0.85485
9/29/2015,0.85235
9/30/2015,0.8511
10/1/2015,0.84735
10/2/2015,0.8521
10/5/2015,0.8306
10/6/2015,0.83635
10/7/2015,0.83985
10/8/2015,0.84085
10/9/2015,0.84475
10/12/2015,0.8395
10/13/2015,0.835
10/14/2015,0.8289
10/15/2015,0.8164
10/16/2015,0.82565
10/19/2015,0.82615
10/20/2015,0.82815
10/21/2015,0.8314
10/22/2015,0.83415
10/23/2015,0.8319
10/26/2015,0.83815
10/27/2015,0.8384
10/28/2015,0.83615
10/29/2015,0.8629
10/30/2015,0.8684
11/2/2015,0.87465
11/3/2015,0.8824
11/4/2015,0.88615
11/5/2015,0.90065
11/6/2015,0.90115
11/9/2015,0.93385
11/10/2015,0.92485
11/11/2015,0.92835
11/12/2015,0.9326
11/13/2015,0.9361
11/16/2015,0.93235
11/17/2015,0.93085
11/18/2015,0.93585
11/19/2015,0.94135
11/20/2015,0.94735
11/23/2015,0.96135
11/24/2015,0.9666
11/25/2015,0.97335
11/26/2015,0.9776
11/27/2015,0.97385
11/30/2015,0.9806
12/1/2015,0.98435
12/2/2015,0.9896
12/3/2015,1.0112
12/4/2015,1.0177
12/7/2015,1.0402
12/8/2015,1.04495
12/9/2015,1.05245
12/10/2015,1.0547
12/11/2015,1.06675
12/14/2015,1.06425
12/15/2015,1.0735
12/16/2015,1.0835
12/17/2015,1.109
12/18/2015,1.11425
12/21/2015,1.12575
12/22/2015,1.131
12/23/2015,1.144
12/24/2015,1.1475
12/29/2015,1.1595
12/30/2015,1.17475
12/31/2015,1.178
1/4/2016,1.16925
1/5/2016,1.1731
1/6/2016,1.16535
1/7/2016,1.1471
1/8/2016,1.1551
1/11/2016,1.1536
1/12/2016,1.1561
1/13/2016,1.1631
1/14/2016,1.1586
1/15/2016,1.1451
1/18/2016,1.1463
1/19/2016,1.15045
1/20/2016,1.14045
1/21/2016,1.1437
1/22/2016,1.15595
1/25/2016,1.1529
1/26/2016,1.1512
1/27/2016,1.15045
1/28/2016,1.15105
1/29/2016,1.13975
2/1/2016,1.14025
2/2/2016,1.13785
2/3/2016,1.1304
2/4/2016,1.1285
2/5/2016,1.1355
2/8/2016,1.13995
2/9/2016,1.13055
2/10/2016,1.13355
2/11/2016,1.117
2/12/2016,1.1156
2/15/2016,1.12825
2/16/2016,1.13215
2/17/2016,1.13465
2/18/2016,1.142
2/19/2016,1.13975
2/22/2016,1.1585
2/23/2016,1.157
2/24/2016,1.15475
2/25/2016,1.1602
2/26/2016,1.161
2/29/2016,1.17875
3/1/2016,1.179
3/2/2016,1.1955
3/3/2016,1.20045
3/4/2016,1.194
3/7/2016,1.21225
3/8/2016,1.207
3/9/2016,1.209
3/10/2016,1.211
3/11/2016,1.2245
3/14/2016,1.2312
3/15/2016,1.237
3/16/2016,1.2447
3/17/2016,1.2022
3/18/2016,1.21145
3/21/2016,1.21365
3/22/2016,1.2244
3/23/2016,1.2374
3/24/2016,1.23115
3/29/2016,1.23865
3/30/2016,1.21415
3/31/2016,1.2104
4/1/2016,1.2134
4/4/2016,1.2215
4/5/2016,1.2053
4/6/2016,1.2116
4/7/2016,1.20555
4/8/2016,1.20455
4/11/2016,1.20755
4/12/2016,1.20905
4/13/2016,1.21755
4/14/2016,1.2208
4/15/2016,1.22125
4/18/2016,1.2183
4/19/2016,1.2247
4/20/2016,1.2248
4/21/2016,1.23935
4/22/2016,1.23635
4/25/2016,1.23885
4/26/2016,1.2426
4/27/2016,1.2441
4/28/2016,1.23
4/29/2016,1.2295
5/3/2016,1.2318
5/4/2016,1.23005
5/5/2016,1.2303
5/6/2016,1.22415
5/9/2016,1.22715
5/10/2016,1.2244
5/11/2016,1.22515
5/12/2016,1.2269
5/13/2016,1.2289
5/16/2016,1.23265
5/17/2016,1.24235
5/18/2016,1.26965
5/19/2016,1.2985
5/20/2016,1.302
5/23/2016,1.303
5/24/2016,1.31235
5/25/2016,1.3227
5/26/2016,1.3207
5/27/2016,1.3167
5/31/2016,1.3374
6/1/2016,1.3284
6/2/2016,1.3324
6/3/2016,1.3314
6/6/2016,1.2856
6/7/2016,1.2851
6/8/2016,1.27835
6/9/2016,1.27425
6/10/2016,1.2735
6/13/2016,1.25925
6/14/2016,1.25325
6/15/2016,1.26525
6/16/2016,1.2385
6/17/2016,1.24075
6/20/2016,1.2515
6/21/2016,1.2525
6/22/2016,1.251
6/23/2016,1.24975
6/24/2016,1.2052
6/27/2016,1.1957
6/28/2016,1.20475
6/29/2016,1.21625
6/30/2016,1.23025
7/1/2016,1.225
7/4/2016,1.235
7/5/2016,1.23375
7/6/2016,1.2305
7/7/2016,1.2465
7/8/2016,1.253
7/11/2016,1.2695
7/12/2016,1.2845
7/13/2016,1.2934
7/14/2016,1.298
7/15/2016,1.30825
7/18/2016,1.3264
7/19/2016,1.3289
7/20/2016,1.3449
7/21/2016,1.3589
7/22/2016,1.3719
7/25/2016,1.3859
7/26/2016,1.3986
7/27/2016,1.4136
7/28/2016,1.42
7/29/2016,1.4321
8/1/2016,1.4336
8/2/2016,1.4426
8/3/2016,1.4546
8/4/2016,1.4766
8/5/2016,1.4751
8/8/2016,1.5081
8/9/2016,1.5225
8/10/2016,1.5245
8/11/2016,1.5195
8/12/2016,1.5257
8/15/2016,1.50661
8/16/2016,1.49822
8/17/2016,1.51961
8/18/2016,1.51544
8/19/2016,1.52322
8/22/2016,1.53294
8/23/2016,1.531
8/24/2016,1.52656
8/25/2016,1.52611
8/26/2016,1.53656
8/30/2016,1.55933
8/31/2016,1.55711
9/1/2016,1.56556
9/2/2016,1.55944
9/5/2016,1.56244
9/6/2016,1.56133
9/7/2016,1.53922
9/8/2016,1.54033
9/9/2016,1.55678
9/12/2016,1.56644
9/13/2016,1.554
9/14/2016,1.55622
9/15/2016,1.55011
9/16/2016,1.54489
9/19/2016,1.55578
9/20/2016,1.56467
9/21/2016,1.57078
9/22/2016,1.56133
9/23/2016,1.55744
9/26/2016,1.55522
9/27/2016,1.55122
9/28/2016,1.55138
9/29/2016,1.55633
9/30/2016,1.55178
10/3/2016,1.559
10/4/2016,1.56567
10/5/2016,1.57267
10/6/2016,1.58122
10/7/2016,1.58711
10/10/2016,1.58622
10/11/2016,1.59122
10/12/2016,1.59567
10/13/2016,1.58733
10/14/2016,1.58567
10/17/2016,1.58067
10/18/2016,1.57122
10/19/2016,1.564
10/20/2016,1.56622
10/21/2016,1.57178
10/24/2016,1.57067
10/25/2016,1.57844
10/26/2016,1.57956
10/27/2016,1.58233
10/28/2016,1.58233
10/31/2016,1.57511
11/1/2016,1.57567
11/2/2016,1.56511
11/3/2016,1.56011
11/4/2016,1.559
11/7/2016,1.56844
11/8/2016,1.56789
11/9/2016,1.55622
11/10/2016,1.58344
11/11/2016,1.58789
11/14/2016,1.61011
11/15/2016,1.60456
11/16/2016,1.61178
11/17/2016,1.60456
11/18/2016,1.62067
11/21/2016,1.62289
11/22/2016,1.62789
11/23/2016,1.62956
11/24/2016,1.64344
11/25/2016,1.64511
11/28/2016,1.64122
11/29/2016,1.64067
11/30/2016,1.639
12/1/2016,1.64344
12/2/2016,1.64456
12/5/2016,1.644
12/6/2016,1.64567
12/7/2016,1.64511
12/8/2016,1.64456
12/9/2016,1.64844
12/12/2016,1.65456
12/13/2016,1.654
12/14/2016,1.65456
12/15/2016,1.69956
12/16/2016,1.69344
12/19/2016,1.69178
12/20/2016,1.69067
12/21/2016,1.68956
12/22/2016,1.68789
12/23/2016,1.68956
12/28/2016,1.69011
12/29/2016,1.68733
12/30/2016,1.68567
1/3/2017,1.689
1/4/2017,1.689
1/5/2017,1.689
1/6/2017,1.68456
1/9/2017,1.70067
1/10/2017,1.70178
1/11/2017,1.70289
1/12/2017,1.69789
1/13/2017,1.69844
1/16/2017,1.70178
1/17/2017,1.70233
1/18/2017,1.71039
1/19/2017,1.72817
1/20/2017,1.73289
1/23/2017,1.72122
1/24/2017,1.70733
1/25/2017,1.71872
1/26/2017,1.72817
1/27/2017,1.724
1/30/2017,1.72483
1/31/2017,1.71344
2/1/2017,1.71511
2/2/2017,1.71233
2/3/2017,1.71344
2/6/2017,1.70733
2/7/2017,1.70511
2/8/2017,1.70011
2/9/2017,1.694
2/10/2017,1.70261
2/13/2017,1.71039
2/14/2017,1.70789
2/15/2017,1.724
2/16/2017,1.74511
2/17/2017,1.73539
2/20/2017,1.73539
2/21/2017,1.74539
2/22/2017,1.74567
2/23/2017,1.74428
2/24/2017,1.73956
2/27/2017,1.73983
2/28/2017,1.75622
3/1/2017,1.78983
3/2/2017,1.79817
3/3/2017,1.80817
3/6/2017,1.80011
3/7/2017,1.79983
3/8/2017,1.80122
3/9/2017,1.81428
3/10/2017,1.81844
3/13/2017,1.82122
3/14/2017,1.82344
3/15/2017,1.82761
3/16/2017,1.81428
3/17/2017,1.81317
3/20/2017,1.81594
3/21/2017,1.81539
3/22/2017,1.80678
3/23/2017,1.80372
3/24/2017,1.80289
3/27/2017,1.79706
3/28/2017,1.79817
3/29/2017,1.794
3/30/2017,1.79344
3/31/2017,1.80178
4/3/2017,1.80261
4/4/2017,1.79178
4/5/2017,1.79594
4/6/2017,1.79817
4/7/2017,1.799
4/10/2017,1.79844
4/11/2017,1.789
4/12/2017,1.78344
4/13/2017,1.77178
4/18/2017,1.76122
4/19/2017,1.73567
4/20/2017,1.73928
4/21/2017,1.74456
4/24/2017,1.76817
4/25/2017,1.77483
4/26/2017,1.78289
4/27/2017,1.7765
4/28/2017,1.774
5/2/2017,1.78011
5/3/2017,1.77011
5/4/2017,1.78067
5/5/2017,1.779
5/8/2017,1.78817
5/9/2017,1.79067
5/10/2017,1.78761
5/11/2017,1.78567
5/12/2017,1.76567
5/15/2017,1.74511
5/16/2017,1.74539
5/17/2017,1.73289
5/18/2017,1.70456
5/19/2017,1.72289
5/22/2017,1.7265
5/23/2017,1.71956
5/24/2017,1.72567
5/25/2017,1.72289
5/26/2017,1.72122
5/30/2017,1.7215
5/31/2017,1.72372
6/1/2017,1.7265
6/2/2017,1.73067
6/5/2017,1.72567
6/6/2017,1.72289
6/7/2017,1.724
6/8/2017,1.72844
6/9/2017,1.72844
6/12/2017,1.73567
6/13/2017,1.73567
6/14/2017,1.73622
6/15/2017,1.72956
6/16/2017,1.73233
6/19/2017,1.72844
6/20/2017,1.73594
6/21/2017,1.73539
6/22/2017,1.73817
6/23/2017,1.73344
6/26/2017,1.73456
6/27/2017,1.73289
6/28/2017,1.73678
6/29/2017,1.73956
6/30/2017,1.73844
7/3/2017,1.74844
7/4/2017,1.75122
7/5/2017,1.75122
7/6/2017,1.75733
7/7/2017,1.75761
7/10/2017,1.75094
7/11/2017,1.75233
7/12/2017,1.74594
7/13/2017,1.73789
7/14/2017,1.73983
7/17/2017,1.73289
7/18/2017,1.73344
7/19/2017,1.73344
7/20/2017,1.73789
7/21/2017,1.73567
7/24/2017,1.73567
7/25/2017,1.739
7/26/2017,1.73622
7/27/2017,1.72956
7/28/2017,1.729
7/31/2017,1.72733
8/1/2017,1.72567
8/2/2017,1.72567
8/3/2017,1.72567
8/4/2017,1.72289
8/7/2017,1.73233
8/8/2017,1.73011
8/9/2017,1.72789
8/10/2017,1.72844
8/11/2017,1.72456
8/14/2017,1.71789
8/15/2017,1.72789
8/16/2017,1.73622
8/17/2017,1.73289
8/18/2017,1.72622
8/21/2017,1.72733
8/22/2017,1.72733
8/23/2017,1.72789
8/24/2017,1.72344
8/25/2017,1.72789
8/29/2017,1.714
8/30/2017,1.71178
8/31/2017,1.71344
9/1/2017,1.71178
9/4/2017,1.71289
9/5/2017,1.71456
9/6/2017,1.70789
9/7/2017,1.709
9/8/2017,1.69511
9/11/2017,1.699
9/12/2017,1.70956
9/13/2017,1.71233
9/14/2017,1.71956
9/15/2017,1.73206
9/18/2017,1.73983
9/19/2017,1.74428
9/20/2017,1.74733
9/21/2017,1.76761
9/22/2017,1.77539
9/25/2017,1.77483
9/26/2017,1.77567
9/27/2017,1.78539
9/28/2017,1.78678
9/29/2017,1.78233
10/2/2017,1.79067
10/3/2017,1.79872
10/4/2017,1.79789
10/5/2017,1.80011
10/6/2017,1.80456
10/9/2017,1.809
10/10/2017,1.80678
10/11/2017,1.80956
10/12/2017,1.80844
10/13/2017,1.81289
10/16/2017,1.80956
10/17/2017,1.82122
10/18/2017,1.83456
10/19/2017,1.82789
10/20/2017,1.83122
10/23/2017,1.83511
10/24/2017,1.83456
10/25/2017,1.84456
10/26/2017,1.84289
10/27/2017,1.84789
10/30/2017,1.84233
10/31/2017,1.84844
11/1/2017,1.85594
11/2/2017,1.86317
11/3/2017,1.86289
11/6/2017,1.86428
11/7/2017,1.86844
11/8/2017,1.87317
11/9/2017,1.88178
11/10/2017,1.8815
11/13/2017,1.88428
11/14/2017,1.89261
11/15/2017,1.88622
11/16/2017,1.90067
11/17/2017,1.90622
11/20/2017,1.90844
11/21/2017,1.92733
11/22/2017,1.934
11/23/2017,1.93011
11/24/2017,1.93606
11/27/2017,1.94294
11/28/2017,1.93798
11/29/2017,1.94481
11/30/2017,1.95169
12/1/2017,1.96044
12/4/2017,1.98169
12/5/2017,1.9895
12/6/2017,1.98825
12/7/2017,1.99731
12/8/2017,2.01075
12/11/2017,2.01356
12/12/2017,2.02825
12/13/2017,2.03856
12/14/2017,2.04263
12/15/2017,2.04763
12/18/2017,2.05825
12/19/2017,2.06888
12/20/2017,2.08366
12/21/2017,2.09091
12/22/2017,2.10216
12/27/2017,2.11063
12/28/2017,2.10634
12/29/2017,2.10697
1/2/2018,2.10933
1/3/2018,2.11782
1/4/2018,2.13834
1/5/2018,2.14953
1/8/2018,2.15075
1/9/2018,2.14633
1/10/2018,2.15552
1/11/2018,2.16406
1/12/2018,2.17313
1/15/2018,2.18869
1/16/2018,2.19563
1/17/2018,2.21438
1/18/2018,2.2275
1/19/2018,2.2275
1/22/2018,2.22781
1/23/2018,2.22469
1/24/2018,2.23063
1/25/2018,2.24063
1/26/2018,2.24594
1/29/2018,2.26406
1/30/2018,2.26313
1/31/2018,2.26671
2/1/2018,2.29278
2/2/2018,2.29051
2/5/2018,2.29309
2/6/2018,2.27825
2/7/2018,2.28588
2/8/2018,2.29809
2/9/2018,2.31349
2/12/2018,2.31906
2/13/2018,2.32688
2/14/2018,2.33844
2/15/2018,2.38125
2/16/2018,2.39063
2/19/2018,2.39813
2/20/2018,2.40844
2/21/2018,2.42563
2/22/2018,2.44969
2/23/2018,2.45969
2/26/2018,2.46938
2/27/2018,2.48125
2/28/2018,2.50219
3/1/2018,2.5075
3/2/2018,2.49669
3/5/2018,2.49794
3/6/2018,2.512
3/7/2018,2.51856
3/8/2018,2.53263
3/9/2018,2.5445
3/12/2018,2.56263
3/13/2018,2.57763
3/14/2018,2.59013
3/15/2018,2.60138
3/16/2018,2.6145
3/19/2018,2.63325
3/20/2018,2.65138
3/21/2018,2.67638
3/22/2018,2.677
3/23/2018,2.66638
3/26/2018,2.672
3/27/2018,2.67138
3/28/2018,2.6595
3/29/2018,2.66263
4/3/2018,2.67
4/4/2018,2.68094
4/5/2018,2.70031
4/6/2018,2.70825
4/9/2018,2.70356
4/10/2018,2.70419
4/11/2018,2.7095
4/12/2018,2.71719
4/13/2018,2.73094
4/16/2018,2.74406
4/17/2018,2.74606
4/18/2018,2.7475
4/19/2018,2.75844
4/20/2018,2.76031
4/23/2018,2.76875
4/24/2018,2.76875
4/25/2018,2.77188
4/26/2018,2.76993
4/27/2018,2.78031
4/30/2018,2.77004
5/1/2018,2.76598
5/2/2018,2.77685
5/3/2018,2.77273
5/4/2018,2.77666
5/8/2018,2.77094
5/9/2018,2.77094
5/10/2018,2.76813
5/11/2018,2.76579
5/14/2018,2.75748
5/15/2018,2.75386
5/16/2018,2.76148
5/17/2018,2.76648
5/18/2018,2.76482
5/21/2018,2.76523
5/22/2018,2.76402
5/23/2018,2.75409
5/24/2018,2.73742
5/25/2018,2.73137
5/29/2018,2.7075
5/30/2018,2.7
5/31/2018,2.71813
6/1/2018,2.72413
6/4/2018,2.74011
6/5/2018,2.73888
6/6/2018,2.74088
6/7/2018,2.75375
6/8/2018,2.74025
6/11/2018,2.75794
6/12/2018,2.76469
6/13/2018,2.76688
6/14/2018,2.77188
6/15/2018,2.77219
6/18/2018,2.77188
6/19/2018,2.7625
6/20/2018,2.7725
6/21/2018,2.77031
6/22/2018,2.77688
6/25/2018,2.76594
6/26/2018,2.77094
6/27/2018,2.76281
6/28/2018,2.76313
6/29/2018,2.76406
7/2/2018,2.77156
7/3/2018,2.77313
7/4/2018,2.77344
7/5/2018,2.784
7/6/2018,2.77375
7/9/2018,2.77594
7/10/2018,2.78094
7/11/2018,2.77844
7/12/2018,2.78531
7/13/2018,2.78688
7/16/2018,2.78775
7/17/2018,2.79575
7/18/2018,2.80088
7/19/2018,2.80744
7/20/2018,2.80163
7/23/2018,2.79919
7/24/2018,2.808
7/25/2018,2.80775
7/26/2018,2.81663
7/27/2018,2.82138
7/30/2018,2.82125
7/31/2018,2.82781
8/1/2018,2.83213
8/2/2018,2.82775
8/3/2018,2.82738
8/6/2018,2.82688
8/7/2018,2.82431
8/8/2018,2.82775
8/9/2018,2.8275
8/10/2018,2.8155
8/13/2018,2.803
8/14/2018,2.8135
8/15/2018,2.81488
8/16/2018,2.81663
8/17/2018,2.813
8/20/2018,2.813
8/21/2018,2.80775
8/22/2018,2.808
8/23/2018,2.812
8/24/2018,2.82
8/28/2018,2.82813
8/29/2018,2.833
8/30/2018,2.84238
8/31/2018,2.84
9/3/2018,2.83888
9/4/2018,2.84288
9/5/2018,2.84394
9/6/2018,2.84906
9/7/2018,2.8455
9/10/2018,2.86263
9/11/2018,2.8685
9/12/2018,2.86456
9/13/2018,2.87344
9/14/2018,2.88019
9/17/2018,2.87944
9/18/2018,2.8795
9/19/2018,2.88713
9/20/2018,2.89663
9/21/2018,2.90825
9/24/2018,2.90888
9/25/2018,2.91188
9/26/2018,2.9145
9/27/2018,2.91738
9/28/2018,2.91863
10/1/2018,2.9255
10/2/2018,2.92475
10/3/2018,2.92725
10/4/2018,2.95688
10/5/2018,2.95831
10/8/2018,2.95788
10/9/2018,2.962
10/10/2018,2.96913
10/11/2018,2.95425
10/12/2018,2.96338
10/15/2018,2.96681
10/16/2018,2.96713
10/17/2018,2.96575
10/18/2018,3.00056
10/19/2018,3.02038
10/22/2018,3.031
10/23/2018,3.03438
10/24/2018,3.03938
10/25/2018,3.05175
10/26/2018,3.05675
10/29/2018,3.06375
10/30/2018,3.07088
10/31/2018,3.08375
11/1/2018,3.09613
11/2/2018,3.10488
11/5/2018,3.11688
11/6/2018,3.11638
11/7/2018,3.12513
11/8/2018,3.14075
11/9/2018,3.14413
11/12/2018,3.13475
11/13/2018,3.13206
11/14/2018,3.12963
11/15/2018,3.11838
11/16/2018,3.12363
11/19/2018,3.10738
11/20/2018,3.09713
11/21/2018,3.11038
11/22/2018,3.1095
11/23/2018,3.12075
11/26/2018,3.12838
11/27/2018,3.13075
11/28/2018,3.13413
11/29/2018,3.11869
11/30/2018,3.12025
12/3/2018,3.13819
12/4/2018,3.13294
12/5/2018,3.12575
12/6/2018,3.11194
12/7/2018,3.10056
12/10/2018,3.084
12/11/2018,3.0895
12/12/2018,3.10125
12/13/2018,3.11238
12/14/2018,3.09769
12/17/2018,3.10388
12/18/2018,3.06131
12/19/2018,3.05275
12/20/2018,3.06544
12/21/2018,3.07313
12/24/2018,3.04788
12/27/2018,3.03238
12/28/2018,3.01313
12/31/2018,3.00544
1/2/2019,3.002
1/3/2019,3.005
1/4/2019,2.96488
1/7/2019,2.99475
1/8/2019,3.01613
1/9/2019,3.039
1/10/2019,3.019
1/11/2019,3.01869
1/14/2019,3.01088
1/15/2019,3.00838
1/16/2019,3.03013
1/17/2019,3.01188
1/18/2019,3.03013
1/21/2019,3.03988
1/22/2019,3.03713
1/23/2019,3.035
1/24/2019,3.02913
1/25/2019,3.0315
1/28/2019,3.03
1/29/2019,3.02375
1/30/2019,3.02063
1/31/2019,2.9835
2/1/2019,2.96163
2/4/2019,2.98013
2/5/2019,2.98575
2/6/2019,2.962
2/7/2019,2.94825
2/8/2019,2.93575
2/11/2019,2.92425
2/12/2019,2.91525
2/13/2019,2.91575
2/14/2019,2.91675
2/15/2019,2.906
2/18/2019,2.90713
2/19/2019,2.89113
2/20/2019,2.87425
2/21/2019,2.88863
2/22/2019,2.89163
2/25/2019,2.88313
2/26/2019,2.87825
2/27/2019,2.8665
2/28/2019,2.86488
3/1/2019,2.879
3/4/2019,2.88325
3/5/2019,2.88363
3/6/2019,2.88638
3/7/2019,2.87613
3/8/2019,2.86363
3/11/2019,2.869
3/12/2019,2.8685
3/13/2019,2.859
3/14/2019,2.84588
3/15/2019,2.8405
3/18/2019,2.81763
3/19/2019,2.81038
3/20/2019,2.8135
3/21/2019,2.79413
3/22/2019,2.787
3/25/2019,2.74575
3/26/2019,2.72463
3/27/2019,2.68288
3/28/2019,2.69425
3/29/2019,2.71063
4/1/2019,2.73
4/2/2019,2.73325
4/3/2019,2.7495
4/4/2019,2.7365
4/5/2019,2.75113
4/8/2019,2.74988
4/9/2019,2.75413
4/10/2019,2.74013
4/11/2019,2.73413
4/12/2019,2.74838
4/15/2019,2.75488
4/16/2019,2.75525
4/17/2019,2.76188
4/18/2019,2.74638
4/23/2019,2.73563
4/24/2019,2.72513
4/25/2019,2.71625
4/26/2019,2.7175
4/29/2019,2.713
4/30/2019,2.71688
5/1/2019,2.71038
5/2/2019,2.73688
5/3/2019,2.7455
5/7/2019,2.72138
5/8/2019,2.71375
5/9/2019,2.70213
5/10/2019,2.69338
5/13/2019,2.67225
5/14/2019,2.63925
5/15/2019,2.6325
5/16/2019,2.61425
5/17/2019,2.63538
5/20/2019,2.64688
5/21/2019,2.65363
5/22/2019,2.66563
5/23/2019,2.64475
5/24/2019,2.619
5/28/2019,2.59988
5/29/2019,2.57075
5/30/2019,2.57813
5/31/2019,2.51025
6/3/2019,2.41338
6/4/2019,2.40525
6/5/2019,2.3825
6/6/2019,2.34763
6/7/2019,2.34613
6/10/2019,2.33763
6/11/2019,2.34325
6/12/2019,2.333
6/13/2019,2.30563
6/14/2019,2.2465
6/17/2019,2.28675
6/18/2019,2.26438
6/19/2019,2.29775
6/20/2019,2.1615
6/21/2019,2.20213
6/24/2019,2.17875
6/25/2019,2.14738
6/26/2019,2.18325
6/27/2019,2.18463
6/28/2019,2.17813
7/1/2019,2.20188
7/2/2019,2.20313
7/3/2019,2.18038
7/4/2019,2.17938
7/5/2019,2.19163
7/8/2019,2.2615
7/9/2019,2.2735
7/10/2019,2.28575
7/11/2019,2.19325
7/12/2019,2.23113
7/15/2019,2.2105
7/16/2019,2.21088
7/17/2019,2.217
7/18/2019,2.19213
7/19/2019,2.15775
7/22/2019,2.18838
7/23/2019,2.19125
7/24/2019,2.1795
7/25/2019,2.17888
7/26/2019,2.19663
7/29/2019,2.198
7/30/2019,2.1885
7/31/2019,2.18863
8/1/2019,2.2385
8/2/2019,2.11588
8/5/2019,2.03675
8/6/2019,1.99413
8/7/2019,1.977
8/8/2019,1.993
8/9/2019,1.98788
8/12/2019,1.99063
8/13/2019,1.97013
8/14/2019,2.029
8/15/2019,1.9325
8/16/2019,1.945
8/19/2019,1.95325
8/20/2019,1.9485
8/21/2019,1.95425
8/22/2019,1.97325
8/23/2019,2.0285
8/27/2019,1.94938
8/28/2019,1.94938
8/29/2019,1.96138
8/30/2019,1.974
9/2/2019,1.94938
9/3/2019,1.93638
9/4/2019,1.89688
9/5/2019,1.891
9/6/2019,1.949
9/9/2019,1.94875
9/10/2019,1.97038
9/11/2019,2.00863
9/12/2019,2.00563
9/13/2019,2.04913
9/16/2019,2.06963
9/17/2019,2.06538
9/18/2019,2.0645
9/19/2019,2.07413
9/20/2019,2.065
9/23/2019,2.03338
9/24/2019,2.02925
9/25/2019,1.985
9/26/2019,2.02013
9/27/2019,2.04325
9/30/2019,2.03213
10/1/2019,2.0355
10/2/2019,1.95825
10/3/2019,1.91425
10/4/2019,1.85313
10/7/2019,1.86775
10/8/2019,1.8885
10/9/2019,1.88188
10/10/2019,1.896
10/11/2019,1.9555
10/14/2019,1.97313
10/15/2019,1.97413
10/16/2019,1.99225
10/17/2019,1.99313
10/18/2019,1.98725
10/21/2019,1.96063
10/22/2019,1.96725
10/23/2019,1.94275
10/24/2019,1.96088
10/25/2019,1.95575
10/28/2019,1.99525
10/29/2019,1.98875
10/30/2019,1.97988
10/31/2019,1.95538
11/1/2019,1.92525
11/4/2019,1.96
11/5/2019,1.96688
11/6/2019,1.97663
11/7/2019,1.983
11/8/2019,1.99975
11/11/2019,1.99413
11/12/2019,2.00563
11/13/2019,1.987
11/14/2019,1.97113
11/15/2019,1.961
11/18/2019,1.95338
11/19/2019,1.94163
11/20/2019,1.90925
11/21/2019,1.90863
11/22/2019,1.91488
11/25/2019,1.94175
11/26/2019,1.94163
11/27/2019,1.93975
11/28/2019,1.95025
11/29/2019,1.95213
12/2/2019,1.9625
12/3/2019,1.93663
12/4/2019,1.917
12/5/2019,1.92263
12/6/2019,1.92313
12/9/2019,1.93525
12/10/2019,1.93288
12/11/2019,1.94325
12/12/2019,1.93288
12/13/2019,1.96388
12/16/2019,1.95963
12/17/2019,1.96838
12/18/2019,1.96963
12/19/2019,1.998
12/20/2019,1.99963
12/23/2019,2.0015
12/24/2019,2.012
12/27/2019,2.00425
12/30/2019,2.001
12/31/2019,1.99625
1/2/2020,1.99488
1/3/2020,1.96413
1/6/2020,1.95488
1/7/2020,1.9545
1/8/2020,1.95113
1/9/2020,1.96875
1/10/2020,1.96663
1/13/2020,1.962
1/14/2020,1.96313
1/15/2020,1.95275
1/16/2020,1.93013
1/17/2020,1.923
1/20/2020,1.92463
1/21/2020,1.91838
1/22/2020,1.919
1/23/2020,1.8945
1/24/2020,1.87988
1/27/2020,1.83725
1/28/2020,1.83125
1/29/2020,1.84713
1/30/2020,1.82163
1/31/2020,1.80663
2/3/2020,1.769
2/4/2020,1.803
2/5/2020,1.83113
2/6/2020,1.84263
2/7/2020,1.83488
2/10/2020,1.8005
2/11/2020,1.80713
2/12/2020,1.81275
2/13/2020,1.802
2/14/2020,1.79838
2/17/2020,1.79275
2/18/2020,1.77188
2/19/2020,1.76888
2/20/2020,1.76175
2/21/2020,1.72863
2/24/2020,1.63475
2/25/2020,1.64575
2/26/2020,1.61013
2/27/2020,1.53725
2/28/2020,1.3815
3/2/2020,1.15388
3/3/2020,1.24563
3/4/2020,0.9675
3/5/2020,0.94425
3/6/2020,0.84563
3/9/2020,0.7435
3/10/2020,0.79213
3/11/2020,0.7465
3/12/2020,0.75975
3/13/2020,0.82163
3/16/2020,0.81938
3/17/2020,0.86175
3/18/2020,0.88938
3/19/2020,0.922
3/20/2020,0.9335
3/23/2020,0.93738
3/24/2020,0.95675
3/25/2020,0.9875
3/26/2020,0.97275
3/27/2020,0.9685
3/30/2020,1.014
3/31/2020,0.9975
4/1/2020,1.00238
4/2/2020,1.06013
4/3/2020,1.04988
4/6/2020,1.04263
4/7/2020,1.04475
4/8/2020,1.05313
4/9/2020,1.05088
4/14/2020,1.02588
4/15/2020,1.01413
4/16/2020,0.98125
4/17/2020,0.98188
4/20/2020,0.98213
4/21/2020,0.9865
4/22/2020,0.97038
4/23/2020,0.96025
4/24/2020,0.9395
4/27/2020,0.92513
4/28/2020,0.90975
4/29/2020,0.89863
4/30/2020,0.86463
5/1/2020,0.8355
5/4/2020,0.82863
5/5/2020,0.83125
5/6/2020,0.79825
5/7/2020,0.78288
5/11/2020,0.76563
5/12/2020,0.76875
5/13/2020,0.76938
5/14/2020,0.76175
5/15/2020,0.75538
5/18/2020,0.71825
5/19/2020,0.72188
5/20/2020,0.70638
5/21/2020,0.68488
5/22/2020,0.68175
5/26/2020,0.67975
5/27/2020,0.6805
5/28/2020,0.67688
5/29/2020,0.6735
6/1/2020,0.6375
6/2/2020,0.6255
6/3/2020,0.6225
6/4/2020,0.62775
6/5/2020,0.634
6/8/2020,0.62988
6/9/2020,0.63275
6/10/2020,0.6455
6/11/2020,0.60463
6/12/2020,0.59338
6/15/2020,0.59075
6/16/2020,0.5855
6/17/2020,0.58388
6/18/2020,0.57738
6/19/2020,0.57575
6/22/2020,0.57375
6/23/2020,0.56538
6/24/2020,0.56375
6/25/2020,0.57038
6/26/2020,0.56625
6/29/2020,0.55588
6/30/2020,0.54575
7/1/2020,0.53325
7/2/2020,0.53863
7/3/2020,0.50563
7/6/2020,0.51563
7/7/2020,0.49225
7/8/2020,0.48813
7/9/2020,0.48413
7/10/2020,0.48013
7/13/2020,0.48125
7/14/2020,0.481
7/15/2020,0.47688
7/16/2020,0.4755
7/17/2020,0.47
7/20/2020,0.4685
7/21/2020,0.46438
7/22/2020,0.46325
7/23/2020,0.46213
7/24/2020,0.4595
7/27/2020,0.45688
7/28/2020,0.4605
7/29/2020,0.46113
7/30/2020,0.4565
7/31/2020,0.44863
8/3/2020,0.44675
8/4/2020,0.45088
8/5/2020,0.4435
8/6/2020,0.44638
8/7/2020,0.449
8/10/2020,0.45538
8/11/2020,0.45813
8/12/2020,0.45788
8/13/2020,0.4585
8/14/2020,0.46088
8/17/2020,0.46038
8/18/2020,0.44713
8/19/2020,0.44488
8/20/2020,0.44063
8/21/2020,0.441
8/24/2020,0.43913
8/25/2020,0.44
8/26/2020,0.44588
8/27/2020,0.44238
8/28/2020,0.44525
9/1/2020,0.43263
9/2/2020,0.425
9/3/2020,0.42625
9/4/2020,0.421
9/7/2020,0.421
9/8/2020,0.427
9/9/2020,0.41475
9/10/2020,0.41413
9/11/2020,0.41388
9/14/2020,0.40263
9/15/2020,0.38575
9/16/2020,0.378
9/17/2020,0.37625
9/18/2020,0.37388
9/21/2020,0.3785
9/22/2020,0.3765
9/23/2020,0.37175
9/24/2020,0.37213
9/25/2020,0.36925
9/28/2020,0.3655
9/29/2020,0.35925
9/30/2020,0.36013
