Date,JNK_Price,JNK_Volume
2009/1/2,41.489399,258600
2009/1/5,42.933533,797100
2009/1/6,43.805199,341400
2009/1/7,42.504185,254100
2009/1/8,41.957767,289800
2009/1/9,42.595249,150300
2009/1/12,42.491165,418500
2009/1/13,42.777393,265200
2009/1/14,40.721798,299700
2009/1/15,40.838898,153300
2009/1/16,42.009823,330000
2009/1/20,40.201408,282000
2009/1/21,40.78685,476100
2009/1/22,41.138126,276600
2009/1/23,40.825874,348900
2009/1/26,41.398327,249600
2009/1/27,41.346283,315600
2009/1/28,42.42614,505800
2009/1/29,41.632484,183000
2009/1/30,41.476376,169200
2009/2/2,40.68169,159300
2009/2/3,41.050106,163800
2009/2/4,40.865891,123000
2009/2/5,40.694847,150900
2009/2/6,41.418484,204000
2009/2/9,41.326397,162300
2009/2/10,40.971138,217500
2009/2/11,41.102715,125400
2009/2/12,40.905376,136500
2009/2/13,40.971138,143100
2009/2/17,39.602833,433500
2009/2/18,38.866001,417600
2009/2/19,39.10284,178500
2009/2/20,39.31337,227700
2009/2/23,37.53714,219600
2009/2/24,39.076527,280500
2009/2/25,38.023979,313500
2009/2/26,37.524002,159300
2009/2/27,37.247715,244800
2009/3/2,36.322609,267900
2009/3/3,36.322609,260100
2009/3/4,36.015598,213600
2009/3/5,35.081161,343800
2009/3/6,35.094509,169800
2009/3/9,34.507156,183000
2009/3/10,35.775314,420600
2009/3/11,36.482807,222300
2009/3/12,37.230331,270300
2009/3/13,37.550724,240000
2009/3/16,37.857758,269400
2009/3/17,38.138073,267600
2009/3/18,38.511841,364800
2009/3/19,38.391708,171600
2009/3/20,39.045799,202800
2009/3/23,39.593132,307200
2009/3/24,39.112556,168600
2009/3/25,39.379539,195900
2009/3/26,39.539722,415200
2009/3/27,39.686573,177300
2009/3/30,38.605278,244500
2009/3/31,39.299419,209100
2009/4/1,39.139469,174900
2009/4/2,40.210499,351600
2009/4/3,40.874756,599700
2009/4/6,40.630753,220800
2009/4/7,40.535873,310200
2009/4/8,40.535873,186900
2009/4/9,41.240822,554400
2009/4/13,41.674648,207000
2009/4/14,41.349274,241200
2009/4/15,42.366085,246600
2009/4/16,43.504852,374100
2009/4/17,44.386066,290400
2009/4/20,42.311852,466800
2009/4/21,43.193054,298200
2009/4/22,43.179482,319800
2009/4/23,43.125248,205500
2009/4/24,43.491295,153000
2009/4/27,43.287971,213000
2009/4/28,43.437065,171000
2009/4/29,44.020046,287100
2009/4/30,44.887695,323100
2009/5/1,45.302288,277500
2009/5/4,45.164978,345600
2009/5/5,45.714115,356400
2009/5/6,45.988663,433500
2009/5/7,45.247383,545700
2009/5/8,45.878819,763500
2009/5/11,46.963387,814800
2009/5/12,46.826077,335400
2009/5/13,45.865154,370800
2009/5/14,46.125961,218400
2009/5/15,45.233639,345300
2009/5/18,46.043594,315600
2009/5/19,46.812325,475200
2009/5/20,47.196735,497700
2009/5/21,46.551525,284700
2009/5/22,47.567398,251400
2009/5/26,47.237915,275700
2009/5/27,47.237915,362400
2009/5/28,47.855679,293700
2009/5/29,48.047859,315300
2009/6/1,49.089653,566100
2009/6/2,48.714642,310800
2009/6/3,48.339573,247500
2009/6/4,48.506252,291900
2009/6/5,48.811863,268800
2009/6/8,48.89518,280200
2009/6/9,49.145248,315900
2009/6/10,49.311932,336000
2009/6/11,49.339703,359100
2009/6/12,49.464699,206700
2009/6/15,48.395126,332700
2009/6/16,48.478477,395100
2009/6/17,47.922844,461400
2009/6/18,48.464581,396600
2009/6/19,48.659039,279600
2009/6/22,48.03397,389400
2009/6/23,47.867336,333600
2009/6/24,48.200657,249600
2009/6/25,48.089531,266400
2009/6/26,48.395126,199800
2009/6/29,48.784081,311100
2009/6/30,48.88131,319200
2009/7/1,48.36285,378300
2009/7/2,47.730572,239100
2009/7/6,47.294964,412200
2009/7/7,47.224724,193500
2009/7/8,47.210663,425400
2009/7/9,47.77272,252000
2009/7/10,47.266911,249600
2009/7/13,47.477619,332400
2009/7/14,47.632198,249300
2009/7/15,48.475224,357900
2009/7/16,48.798412,290700
2009/7/17,49.023224,370500
2009/7/20,49.72575,470100
2009/7/21,49.72575,500400
2009/7/22,49.866264,423300
2009/7/23,50.161335,435000
2009/7/24,50.540699,379500
2009/7/27,50.723377,402000
2009/7/28,50.793625,486600
2009/7/29,50.948174,489900
2009/7/30,51.636669,450300
2009/7/31,52.100334,629100
2009/8/3,52.223976,457500
2009/8/4,51.797722,567300
2009/8/5,51.996628,259800
2009/8/6,51.598831,290700
2009/8/7,52.749561,399300
2009/8/10,52.437042,384600
2009/8/11,52.280785,388800
2009/8/12,52.280785,338400
2009/8/13,51.64146,424800
2009/8/14,51.925625,207900
2009/8/17,50.575935,369300
2009/8/18,51.272102,495300
2009/8/19,51.527805,385800
2009/8/20,51.58466,396600
2009/8/21,51.826183,304800
2009/8/24,51.570427,466800
2009/8/25,51.698288,345000
2009/8/26,51.811951,264900
2009/8/27,51.627247,591600
2009/8/28,51.996628,421500
2009/8/31,52.053467,334500
2009/9/1,51.812199,504300
2009/9/2,50.950577,457500
2009/9/3,51.122883,439500
2009/9/4,51.726063,348000
2009/9/8,52.343533,319800
2009/9/9,52.027626,273000
2009/9/10,52.917988,384300
2009/9/11,53.133354,350700
2009/9/14,53.291325,325800
2009/9/15,54.023685,434400
2009/9/16,54.684284,558600
2009/9/17,54.555035,432300
2009/9/18,54.626846,431400
2009/9/21,54.569386,261900
2009/9/22,54.827915,275100
2009/9/23,55.057644,370200
2009/9/24,54.425804,466200
2009/9/25,55.086361,292500
2009/9/28,55.373562,268200
2009/9/29,55.28743,360000
2009/9/30,55.273014,414300
2009/10/1,54.034283,1577100
2009/10/2,54.09227,822300
2009/10/5,54.687046,251100
2009/10/6,54.803066,479400
2009/10/7,54.89011,249600
2009/10/8,54.977146,347400
2009/10/9,55.064198,268500
2009/10/12,55.165726,223800
2009/10/13,55.151215,169200
2009/10/14,55.441334,369600
2009/10/15,55.455841,291300
2009/10/16,55.397827,276900
2009/10/19,55.731434,273900
2009/10/20,55.789459,325800
2009/10/21,55.978035,292800
2009/10/22,56.1231,270300
2009/10/23,56.079597,309000
2009/10/26,55.905518,322800
2009/10/27,55.658955,355500
2009/10/28,54.904644,751500
2009/10/29,55.397827,462000
2009/10/30,55.10767,543000
2009/11/2,55.309891,477000
2009/11/3,55.368488,240900
2009/11/4,55.265945,300000
2009/11/5,55.309891,253200
2009/11/6,55.500359,197100
2009/11/9,55.822697,263700
2009/11/10,55.661495,338100
2009/11/11,55.881317,352800
2009/11/12,55.646885,423300
2009/11/13,55.74942,379800
2009/11/16,55.77879,465300
2009/11/17,55.954605,223800
2009/11/18,55.895962,422100
2009/11/19,55.793358,388500
2009/11/20,55.764084,329400
2009/11/23,55.822697,518100
2009/11/24,55.74942,312600
2009/11/25,55.983829,230100
2009/11/27,55.676163,312000
2009/11/30,55.881317,481800
2009/12/1,56.077999,545700
2009/12/2,56.033611,373500
2009/12/3,56.299847,463800
2009/12/4,56.580803,419700
2009/12/7,56.654713,213000
2009/12/8,56.699074,376200
2009/12/9,56.876564,419700
2009/12/10,56.994884,712500
2009/12/11,57.113144,661200
2009/12/14,57.675125,603900
2009/12/15,57.556854,473700
2009/12/16,57.734303,284400
2009/12/17,57.438538,469500
2009/12/18,57.527237,240600
2009/12/21,57.675125,360900
2009/12/22,57.630806,291000
2009/12/23,57.793434,299400
2009/12/24,58.192722,187500
2009/12/28,57.956142,652500
2009/12/29,57.929237,261600
2009/12/30,58.078541,266700
2009/12/31,57.929237,240300
2010/1/4,58.690502,821100
2010/1/5,59.242756,466800
2010/1/6,59.436836,543000
2010/1/7,59.630867,461700
2010/1/8,59.854759,398100
2010/1/11,59.795052,869700
2010/1/12,59.64579,527100
2010/1/13,59.481609,364800
2010/1/14,59.615948,671100
2010/1/15,59.362194,542100
2010/1/19,59.511425,346500
2010/1/20,59.153248,387900
2010/1/21,58.197979,1168500
2010/1/22,57.645622,1102800
2010/1/25,58.048649,721800
2010/1/26,58.06358,532200
2010/1/27,58.242699,690000
2010/1/28,58.16811,555900
2010/1/29,58.033722,641100
2010/2/1,58.148193,523500
2010/2/2,58.268681,479400
2010/2/3,58.253609,453000
2010/2/4,57.124084,1257300
2010/2/5,56.627106,1610100
2010/2/8,56.777718,702900
2010/2/9,56.913265,601800
2010/2/10,56.084927,690300
2010/2/11,55.979504,990000
2010/2/12,56.130112,852900
2010/2/16,56.747589,652800
2010/2/17,57.184338,645000
2010/2/18,57.831909,732300
2010/2/19,58.208412,1143300
2010/2/22,58.524715,958800
2010/2/23,57.997601,918000
2010/2/24,58.057835,531600
2010/2/25,58.313835,583500
2010/2/26,58.419304,436500
2010/3/1,58.557503,612600
2010/3/2,58.754974,683100
2010/3/3,59.134743,888900
2010/3/4,59.04361,339000
2010/3/5,59.484119,784800
2010/3/8,59.77272,585300
2010/3/9,59.894211,833400
2010/3/10,59.9702,707700
2010/3/11,59.939808,359400
2010/3/12,60.000587,408000
2010/3/15,59.77272,519600
2010/3/16,59.894211,680700
2010/3/17,59.879036,619500
2010/3/18,60.137257,421200
2010/3/19,59.894211,575100
2010/3/22,60.106892,486000
2010/3/23,60.091724,382800
2010/3/24,60.030933,373500
2010/3/25,60.319561,750300
2010/3/26,60.228424,607500
2010/3/29,60.410686,404700
2010/3/30,60.486629,474000
2010/3/31,60.441086,706500
2010/4/1,60.511524,700800
2010/4/5,60.205242,551700
2010/4/6,60.434967,571500
2010/4/7,60.496239,641700
2010/4/8,60.664669,430500
2010/4/9,60.787205,414000
2010/4/12,60.741272,416400
2010/4/13,60.940372,589800
2010/4/14,61.078209,531900
2010/4/15,61.399841,622800
2010/4/16,60.894421,1173000
2010/4/19,60.634037,581100
2010/4/20,61.338589,1118700
2010/4/21,61.384499,535200
2010/4/22,61.001598,824400
2010/4/23,61.461094,386100
2010/4/26,61.491722,451200
2010/4/27,60.802517,1166100
2010/4/28,61.139477,670500
2010/4/29,61.430435,438600
2010/4/30,61.568279,837000
2010/5/3,61.619244,406500
2010/5/4,60.785713,720900
2010/5/5,59.828686,1591500
2010/5/6,58.223381,4088700
2010/5/7,58.686462,2070900
2010/5/10,59.813267,1272300
2010/5/11,59.47369,838800
2010/5/12,60.122005,633900
2010/5/13,59.844151,836700
2010/5/14,59.334747,1392300
2010/5/17,59.427368,699300
2010/5/18,59.134037,921000
2010/5/19,58.53212,909000
2010/5/20,56.232189,1948800
2010/5/21,57.991856,1535700
2010/5/24,57.991856,732000
2010/5/25,57.883793,1531200
2010/5/26,56.880486,1778700
2010/5/27,57.930107,846900
2010/5/28,58.362293,894900
2010/6/1,57.910866,539100
2010/6/2,58.17551,916200
2010/6/3,58.144344,752100
2010/6/4,57.895245,1616700
2010/6/7,57.537243,752400
2010/6/8,57.61507,700500
2010/6/9,57.864143,537000
2010/6/10,58.424576,462300
2010/6/11,58.191067,411300
2010/6/14,58.611378,507600
2010/6/15,59.202976,1133100
2010/6/16,59.43642,732900
2010/6/17,59.810089,658500
2010/6/18,60.04356,695400
2010/6/21,60.261494,596700
2010/6/22,59.919064,838500
2010/6/23,59.592129,841200
2010/6/24,59.280788,422100
2010/6/25,59.794506,447300
2010/6/28,59.887928,297300
2010/6/29,59.187401,602400
2010/6/30,58.891644,961500
2010/7/1,59.265244,1168800
2010/7/2,59.657734,685800
2010/7/6,59.940342,687000
2010/7/7,60.505505,802200
2010/7/8,60.83519,957300
2010/7/9,60.678215,863700
2010/7/12,60.599686,1007700
2010/7/13,61.102074,878400
2010/7/14,60.85088,729900
2010/7/15,61.007908,568800
2010/7/16,60.521198,753000
2010/7/19,60.803818,544800
2010/7/20,61.180573,1340100
2010/7/21,61.164879,871800
2010/7/22,61.384666,747300
2010/7/23,61.714325,628800
2010/7/26,61.855652,752100
2010/7/27,61.918457,794400
2010/7/28,61.792843,544500
2010/7/29,61.887074,456300
2010/7/30,61.887074,812400
2010/8/2,62.289005,764700
2010/8/3,62.44725,1224000
2010/8/4,62.304844,653100
2010/8/5,62.241528,542700
2010/8/6,62.209885,656400
2010/8/9,62.19408,535500
2010/8/10,62.162441,701100
2010/8/11,61.561054,798600
2010/8/12,61.197041,764700
2010/8/13,61.386993,593400
2010/8/16,61.703491,617700
2010/8/17,61.782627,745500
2010/8/18,61.81424,663600
2010/8/19,61.687641,729300
2010/8/20,61.877552,812400
2010/8/23,61.798443,745800
2010/8/24,61.450268,664200
2010/8/25,61.418606,1319700
2010/8/26,61.102104,1031100
2010/8/27,61.481926,870900
2010/8/30,61.418606,567600
2010/8/31,61.624352,998700
2010/9/1,62.12035,762900
2010/9/2,62.231964,874500
2010/9/3,62.200096,896100
2010/9/7,62.247936,856800
2010/9/8,62.279827,692100
2010/9/9,62.550949,615900
2010/9/10,62.630699,767100
2010/9/13,62.981579,1133700
2010/9/14,62.997524,493800
2010/9/15,63.029465,395700
2010/9/16,63.236771,617700
2010/9/17,63.125134,452700
2010/9/20,63.332417,595800
2010/9/21,63.156994,537900
2010/9/22,62.997524,613500
2010/9/23,62.949661,514500
2010/9/24,63.252701,703500
2010/9/27,63.316536,757500
2010/9/28,63.444107,498300
2010/9/29,63.571705,641100
2010/9/30,63.810947,1222800
2010/10/1,64.013321,1227900
2010/10/4,63.852699,588600
2010/10/5,64.222122,660900
2010/10/6,64.157906,706800
2010/10/7,64.527382,577500
2010/10/8,64.623726,1010700
2010/10/11,64.623726,464400
2010/10/12,64.559517,736500
2010/10/13,64.88076,813000
2010/10/14,64.463089,751800
2010/10/15,64.527382,739800
2010/10/18,64.768326,553800
2010/10/19,64.495224,647700
2010/10/20,64.928932,636300
2010/10/21,64.88076,518100
2010/10/22,65.121681,466200
2010/10/25,65.314507,715500
2010/10/26,65.475098,498300
2010/10/27,65.459038,381600
2010/10/28,65.539368,389700
2010/10/29,65.6679,703800
2010/11/1,65.386406,1329900
2010/11/2,65.742287,656400
2010/11/3,66.049644,1310100
2010/11/4,66.729073,1256400
2010/11/5,66.518799,1086900
2010/11/8,66.17907,895500
2010/11/9,66.049644,687000
2010/11/10,65.661392,981000
2010/11/11,65.418732,1001400
2010/11/12,65.192261,1260900
2010/11/15,65.079048,1092900
2010/11/16,64.399605,1732200
2010/11/17,64.658455,1342500
2010/11/18,65.354034,839100
2010/11/19,65.386406,587100
2010/11/22,65.030502,621300
2010/11/23,64.124603,1675200
2010/11/24,64.480484,838200
2010/11/26,64.221664,257100
2010/11/29,64.561378,569100
2010/11/30,64.415787,1258500
2010/12/1,64.902885,1174500
2010/12/2,64.902885,883200
2010/12/3,65.228683,1537200
2010/12/6,65.163544,1104600
2010/12/7,65.326416,823800
2010/12/8,65.456779,1389900
2010/12/9,65.179848,891000
2010/12/10,65.082077,868500
2010/12/13,64.854012,1106100
2010/12/14,65.179848,819900
2010/12/15,64.854012,601200
2010/12/16,65.082077,460800
2010/12/17,65.424179,757200
2010/12/20,65.538254,782400
2010/12/21,65.619705,835800
2010/12/22,65.521942,750000
2010/12/23,65.81517,465300
2010/12/27,65.929192,622800
2010/12/28,65.701149,666000
2010/12/29,66.044434,1007700
2010/12/30,66.061089,496200
2010/12/31,66.177727,328800
2011/1/3,66.444397,1353900
2011/1/4,66.644409,1200600
2011/1/5,66.961029,1868400
2011/1/6,66.994385,1176900
2011/1/7,66.661072,743700
2011/1/10,66.594391,732300
2011/1/11,66.794357,747900
2011/1/12,66.811043,849000
2011/1/13,66.7444,576900
2011/1/14,66.961029,582600
2011/1/18,66.994385,565500
2011/1/19,66.894363,1151100
2011/1/20,66.911011,842400
2011/1/21,67.027687,921300
2011/1/24,67.177666,525300
2011/1/25,67.177666,961200
2011/1/26,67.377647,1077600
2011/1/27,67.411003,616800
2011/1/28,67.044357,1340100
2011/1/31,67.477661,1119900
2011/2/1,67.631943,684000
2011/2/2,67.615158,697200
2011/2/3,67.732552,1132800
2011/2/4,67.984116,1263600
2011/2/7,68.135033,1678200
2011/2/8,68.06794,2110500
2011/2/9,67.648674,1434000
2011/2/10,67.732552,691200
2011/2/11,67.883453,786600
2011/2/14,68.000885,495900
2011/2/15,67.933792,494400
2011/2/16,68.051201,662400
2011/2/17,68.051201,664200
2011/2/18,68.28598,425400
2011/2/22,67.766113,1080000
2011/2/23,67.833199,994800
2011/2/24,67.833199,821100
2011/2/25,68.118279,1574400
2011/2/28,68.386574,951600
2011/3/1,68.05748,1016100
2011/3/2,68.22625,547800
2011/3/3,68.563751,901500
2011/3/4,68.327507,886500
2011/3/7,68.462509,710400
2011/3/8,68.395012,524700
2011/3/9,68.158791,1127700
2011/3/10,67.888741,1073400
2011/3/11,67.973167,873000
2011/3/14,67.736885,1793400
2011/3/15,67.28125,1834200
2011/3/16,66.791893,2515800
2011/3/17,67.534393,927000
2011/3/18,67.888741,930000
2011/3/21,68.260033,846300
2011/3/22,68.276894,2257200
2011/3/23,68.158791,672300
2011/3/24,68.209381,900300
2011/3/25,68.175629,621600
2011/3/28,68.175629,798900
2011/3/29,68.209381,1004700
2011/3/30,68.378189,928500
2011/3/31,68.361267,694500
2011/4/1,68.281425,2618400
2011/4/4,68.790901,2493600
2011/4/5,68.60408,1174800
2011/4/6,68.773903,489000
2011/4/7,68.875771,825600
2011/4/8,68.790901,693900
2011/4/11,68.705978,711000
2011/4/12,68.502174,1160100
2011/4/13,68.875771,914400
2011/4/14,68.621063,750600
2011/4/15,68.756927,513000
2011/4/18,68.417305,1576800
2011/4/19,68.705978,889200
2011/4/20,68.892761,731400
2011/4/21,69.130478,653700
2011/4/25,69.062584,647100
2011/4/26,69.198441,533400
2011/4/27,69.164482,600300
2011/4/28,69.300285,932100
2011/4/29,69.45314,466500
2011/5/2,69.446289,572400
2011/5/3,69.480515,644700
2011/5/4,69.429199,658200
2011/5/5,69.189995,1053600
2011/5/6,69.583015,1035300
2011/5/9,69.565903,597900
2011/5/10,69.685562,510900
2011/5/11,69.565903,581100
2011/5/12,69.617188,566700
2011/5/13,69.429199,756900
2011/5/16,69.531738,566700
2011/5/17,69.66848,640200
2011/5/18,69.788055,607500
2011/5/19,69.719749,377700
2011/5/20,69.736778,364500
2011/5/23,69.480515,936000
2011/5/24,69.241287,1014300
2011/5/25,69.326683,756600
2011/5/26,69.326683,405900
2011/5/27,69.66848,1185900
2011/5/31,69.856438,1345200
2011/6/1,69.307953,1944300
2011/6/2,69.325165,842100
2011/6/3,68.860924,1513800
2011/6/6,68.706177,1065600
2011/6/7,68.809349,969000
2011/6/8,68.568626,1018200
2011/6/9,68.63739,1359000
2011/6/10,67.949623,1939200
2011/6/13,67.760513,1643400
2011/6/14,68.31073,624300
2011/6/15,67.949623,856800
2011/6/16,66.677315,5541000
2011/6/17,67.708946,2373000
2011/6/20,67.898041,913500
2011/6/21,68.3451,1589100
2011/6/22,67.777695,1060500
2011/6/23,68.069977,1760400
2011/6/24,67.8293,882000
2011/6/27,67.863701,600300
2011/6/28,68.224709,732900
2011/6/29,68.654587,1281900
2011/6/30,69.153206,1780800
2011/7/1,69.698273,1455000
2011/7/5,69.629028,1409400
2011/7/6,69.490623,928200
2011/7/7,69.888603,1315800
2011/7/8,69.819412,1717500
2011/7/11,69.144569,1435200
2011/7/12,68.971558,881700
2011/7/13,69.386803,990300
2011/7/14,69.473328,1220100
2011/7/15,69.404137,501000
2011/7/18,69.144569,517800
2011/7/19,69.542534,882900
2011/7/20,69.611748,749400
2011/7/21,69.992416,971400
2011/7/22,69.97509,467400
2011/7/25,69.698273,732000
2011/7/26,69.905922,847500
2011/7/27,69.404137,868500
2011/7/28,69.646378,944700
2011/7/29,69.646378,614400
2011/8/1,69.975441,909300
2011/8/2,69.087456,1050900
2011/8/3,68.93071,2011800
2011/8/4,66.841415,2350200
2011/8/5,66.754333,4418700
2011/8/8,63.916351,5062800
2011/8/9,65.62265,4299300
2011/8/10,64.699837,2638500
2011/8/11,65.814178,1902900
2011/8/12,65.62265,1835700
2011/8/15,66.632492,1392300
2011/8/16,66.214622,1114500
2011/8/17,66.928482,884100
2011/8/18,66.249413,1275600
2011/8/19,65.91864,1313400
2011/8/22,65.605247,942900
2011/8/23,66.17981,934800
2011/8/24,65.91864,1208700
2011/8/25,65.32663,894000
2011/8/26,65.91864,1427400
2011/8/29,66.754333,1638300
2011/8/30,66.667328,1259400
2011/8/31,67.53788,2021400
2011/9/1,67.420425,1324800
2011/9/2,67.15757,1212900
2011/9/6,66.351372,1178400
2011/9/7,66.947243,872700
2011/9/8,66.912193,1203000
2011/9/9,66.141037,1200600
2011/9/12,65.948326,1395600
2011/9/13,66.509109,3169200
2011/9/14,66.719444,1441200
2011/9/15,66.982346,1451400
2011/9/16,66.877159,1321500
2011/9/19,66.77198,1074900
2011/9/20,66.77198,1741500
2011/9/21,66.193672,2641500
2011/9/22,65.3349,2461800
2011/9/23,65.317375,1442100
2011/9/26,65.68541,1306200
2011/9/27,65.580276,1343700
2011/9/28,64.633904,1429800
2011/9/29,64.686478,1218600
2011/9/30,63.424629,1832700
2011/10/3,62.884884,3894300
2011/10/4,62.338024,3933300
2011/10/5,62.637924,2004600
2011/10/6,63.678646,1784400
2011/10/7,63.7845,3078900
2011/10/10,65.336754,1227600
2011/10/11,64.542976,2203500
2011/10/12,66.112877,2737500
2011/10/13,66.024689,2730000
2011/10/14,66.306923,1084500
2011/10/17,66.042328,1277100
2011/10/18,66.571465,1038600
2011/10/19,66.359863,1335600
2011/10/20,66.889015,1377900
2011/10/21,67.735741,1203000
2011/10/24,69.69371,4186200
2011/10/25,68.300201,2682300
2011/10/26,68.264915,1651500
2011/10/27,69.446785,3809400
2011/10/28,69.146935,1660200
2011/10/31,68.741165,1467000
2011/11/1,67.552002,2279100
2011/11/2,68.226479,1098900
2011/11/3,68.900932,873000
2011/11/4,68.865448,3241800
2011/11/7,68.457199,1767600
2011/11/8,68.634705,815100
2011/11/9,67.516533,1339200
2011/11/10,67.410049,2840700
2011/11/11,68.261986,626700
2011/11/14,67.765038,903000
2011/11/15,67.587509,1026900
2011/11/16,67.07283,1367100
2011/11/17,66.788811,1903800
2011/11/18,66.842079,1163100
2011/11/21,66.132095,1765200
2011/11/22,65.670639,2525100
2011/11/23,64.658974,1960200
2011/11/25,64.658974,792000
2011/11/28,65.936859,1110900
2011/11/29,66.149834,1075200
2011/11/30,67.232574,1746000
2011/12/1,67.314682,1912200
2011/12/2,67.725601,1923300
2011/12/5,68.082909,2058900
2011/12/6,68.422371,1705200
2011/12/7,67.939995,984000
2011/12/8,67.65416,1143900
2011/12/9,68.190063,865800
2011/12/12,67.993561,871200
2011/12/13,67.672028,1005600
2011/12/14,67.529099,1439400
2011/12/15,67.797058,937500
2011/12/16,68.047157,873000
2011/12/19,67.957855,1321500
2011/12/20,68.797493,2099400
2011/12/21,69.047585,1885200
2011/12/22,69.119072,1125900
2011/12/23,69.404915,999300
2011/12/27,69.565712,1025700
2011/12/28,69.2817,830100
2011/12/29,69.643463,1137300
2011/12/30,69.553017,687000
2012/1/3,69.932899,1569300
2012/1/4,69.89669,1877700
2012/1/5,69.643463,1942500
2012/1/6,69.589188,1249200
2012/1/9,69.589188,1387200
2012/1/10,69.932899,2327400
2012/1/11,69.824379,1494300
2012/1/12,69.824379,1430400
2012/1/13,69.824379,1308000
2012/1/17,69.770088,1877100
2012/1/18,70.16806,2001600
2012/1/19,70.367035,2741700
2012/1/20,70.475571,1570800
2012/1/23,70.76503,1887000
2012/1/24,70.819275,1567800
2012/1/25,71.434334,1857000
2012/1/26,71.597107,3444900
2012/1/27,71.380058,1147500
2012/1/30,71.380058,1469700
2012/1/31,71.398125,1455600
2012/2/1,71.663681,2044800
2012/2/2,71.64547,1509000
2012/2/3,71.82737,1362600
2012/2/6,71.845551,1170600
2012/2/7,71.972908,2508300
2012/2/8,72.027451,1713000
2012/2/9,72.172951,5373900
2012/2/10,71.790993,2191500
2012/2/13,71.790993,1642500
2012/2/14,71.718239,2008200
2012/2/15,71.409019,1315800
2012/2/16,71.681862,1866000
2012/2/17,71.754601,1171500
2012/2/21,71.991058,1346700
2012/2/22,72.172951,1327500
2012/2/23,72.609497,1644300
2012/2/24,72.682236,970200
2012/2/27,72.645882,998400
2012/2/28,72.90052,828900
2012/2/29,72.918701,1986900
2012/3/1,72.966263,1170600
2012/3/2,72.746704,870300
2012/3/5,72.563736,1222500
2012/3/6,71.722092,2884500
2012/3/7,71.850159,3301800
2012/3/8,72.435699,1636200
2012/3/9,72.435699,1375800
2012/3/12,72.325897,1339200
2012/3/13,72.911377,1624500
2012/3/14,72.710106,1863000
2012/3/15,72.490555,1009800
2012/3/16,72.399086,1490700
2012/3/19,72.600334,1097400
2012/3/20,72.490555,1619400
2012/3/21,72.380791,1002300
2012/3/22,72.344185,1431900
2012/3/23,72.106316,2242200
2012/3/26,72.618645,1581900
2012/3/27,72.691833,1919400
2012/3/28,72.270988,1199400
2012/3/29,72.270988,1227900
2012/3/30,72.03315,2330700
2012/4/2,72.20253,3180000
2012/4/3,72.184082,1602000
2012/4/4,72.092041,1704900
2012/4/5,71.74231,1632000
2012/4/9,71.48452,3334200
2012/4/10,71.226822,2664300
2012/4/11,71.650215,1969500
2012/4/12,72.16571,1326900
2012/4/13,71.926384,1407900
2012/4/16,72.036804,1427400
2012/4/17,72.404991,1266600
2012/4/18,72.386612,1814400
2012/4/19,72.184082,930300
2012/4/20,72.331398,1551600
2012/4/23,72.276154,1206300
2012/4/24,72.404991,906300
2012/4/25,72.957306,902400
2012/4/26,73.03093,1163100
2012/4/27,72.920471,1197900
2012/4/30,73.141426,2126400
2012/5/1,73.393333,2504700
2012/5/2,73.448929,1247700
2012/5/3,73.337799,1612500
2012/5/4,73.356293,1127100
2012/5/7,73.393333,1125300
2012/5/8,73.393333,1475100
2012/5/9,73.115463,2355000
2012/5/10,73.115463,2512500
2012/5/11,73.26368,1596000
2012/5/14,72.670876,2245200
2012/5/15,72.355957,2436000
2012/5/16,71.670601,2527500
2012/5/17,70.744362,5901600
2012/5/18,70.79995,4590000
2012/5/21,71.28157,2375100
2012/5/22,71.225952,2394000
2012/5/23,71.170425,2146800
2012/5/24,71.207474,966000
2012/5/25,71.114868,925800
2012/5/29,71.707626,1460400
2012/5/30,71.355659,1012800
2012/5/31,70.596161,6163800
2012/6/1,70.068642,3831300
2012/6/4,70.180489,2386800
2012/6/5,70.441452,1566000
2012/6/6,71.056587,2097900
2012/6/7,71.317535,1917600
2012/6/8,71.503929,2787000
2012/6/11,71.131126,2059200
2012/6/12,71.690346,2049600
2012/6/13,71.503929,1126800
2012/6/14,71.858124,1216500
2012/6/15,72.10041,1212900
2012/6/18,71.969971,760500
2012/6/19,72.603729,1447800
2012/6/20,72.846046,1747500
2012/6/21,72.435959,2052300
2012/6/22,72.752815,1652700
2012/6/25,72.715538,1445400
2012/6/26,72.641022,1606500
2012/6/27,73.051102,844500
2012/6/28,73.013794,1011300
2012/6/29,73.554398,2046300
2012/7/2,73.696892,3486600
2012/7/3,74.034454,590100
2012/7/5,73.959442,1175100
2012/7/6,73.903145,681300
2012/7/9,73.97818,673800
2012/7/10,73.71566,1410300
2012/7/11,74.053169,926400
2012/7/12,73.771896,1337100
2012/7/13,74.053169,1252200
2012/7/16,73.865654,709500
2012/7/17,74.22197,1068000
2012/7/18,74.597015,2350800
2012/7/19,74.728279,2355900
2012/7/20,74.278206,944400
2012/7/23,74.353233,3068100
2012/7/24,73.884415,1876500
2012/7/25,73.753151,1882500
2012/7/26,74.353233,1754100
2012/7/27,74.671974,2337900
2012/7/30,74.690773,2014200
2012/7/31,74.784538,1585500
2012/8/1,75.029724,1338600
2012/8/2,74.746788,872700
2012/8/3,75.124016,1267500
2012/8/6,75.067429,1549800
2012/8/7,74.935394,1707300
2012/8/8,75.010857,923100
2012/8/9,75.067429,1249500
2012/8/10,74.973122,639900
2012/8/13,75.029724,897600
2012/8/14,75.086296,1086900
2012/8/15,74.765663,840000
2012/8/16,74.935394,1385100
2012/8/17,74.973122,617700
2012/8/20,75.029724,657600
2012/8/21,75.23719,1497000
2012/8/22,75.23719,749100
2012/8/23,75.161743,780300
2012/8/24,75.425804,3207900
2012/8/27,75.406906,1016100
2012/8/28,75.369202,750300
2012/8/29,75.482361,883500
2012/8/30,75.501244,1448400
2012/8/31,75.708717,1146300
2012/9/4,75.600632,1936200
2012/9/5,75.63855,1130400
2012/9/6,76.017899,1896900
2012/9/7,76.207565,1471500
2012/9/10,76.226532,1407300
2012/9/11,76.586876,2205000
2012/9/12,76.890335,1528200
2012/9/13,77.250717,1976100
2012/9/14,77.326576,1957500
2012/9/17,77.307602,917100
2012/9/18,77.288651,1509300
2012/9/19,77.212753,941400
2012/9/20,76.890335,1075800
2012/9/21,76.852417,1413900
2012/9/24,76.776566,1244100
2012/9/25,76.245461,2083200
2012/9/26,75.923035,2864400
2012/9/27,76.43515,2345700
2012/9/28,76.264458,3063600
2012/10/1,76.249184,1192500
2012/10/2,76.249184,2171100
2012/10/3,76.287323,4260000
2012/10/4,76.630623,936000
2012/10/5,76.668739,1494000
2012/10/8,76.649689,747600
2012/10/9,76.535271,2424900
2012/10/10,76.420822,1385400
2012/10/11,76.687851,1239300
2012/10/12,76.764122,1239300
2012/10/15,77.164665,1127700
2012/10/16,77.298141,951300
2012/10/17,77.527008,1468500
2012/10/18,77.431641,761400
2012/10/19,77.088387,915600
2012/10/22,77.221855,2048400
2012/10/23,77.050163,1934400
2012/10/24,76.840439,1771800
2012/10/25,76.935753,1252200
2012/10/26,76.821373,1230300
2012/10/31,76.935753,1769400
2012/11/1,76.802261,1375500
2012/11/2,76.706924,1342800
2012/11/5,76.687851,939300
2012/11/6,76.764122,819900
2012/11/7,76.401749,1488300
2012/11/8,76.153816,2691900
2012/11/9,76.153816,2892900
2012/11/12,76.077545,1356900
2012/11/13,75.848686,2018700
2012/11/14,75.638916,2583600
2012/11/15,75.715141,2364600
2012/11/16,75.791443,1906200
2012/11/19,76.306419,3864900
2012/11/20,76.401749,1843500
2012/11/21,76.382652,1385100
2012/11/23,76.706924,836700
2012/11/26,76.554359,1254600
2012/11/27,76.783195,1398900
2012/11/28,76.840439,1370700
2012/11/29,77.126488,938100
2012/11/30,77.355324,1289400
2012/12/3,77.648766,1307400
2012/12/4,77.648766,1219200
2012/12/5,77.706299,1470300
2012/12/6,77.955612,858900
2012/12/7,77.898056,1145700
2012/12/10,78.013138,1090500
2012/12/11,78.166573,1091400
2012/12/12,78.377495,1000800
2012/12/13,78.1474,1535100
2012/12/14,78.166573,1535100
2012/12/17,78.511734,1152600
2012/12/18,78.511734,1056600
2012/12/19,78.377495,1306500
2012/12/20,78.569244,1506300
2012/12/21,78.396698,1648200
2012/12/24,78.032295,790800
2012/12/26,78.281624,1004100
2012/12/27,78.38765,1933200
2012/12/28,78.175606,1333200
2012/12/31,78.484016,1317900
2013/1/2,79.100945,2613300
2013/1/3,78.92746,2233500
2013/1/4,79.023865,1753200
2013/1/7,79.197365,2031000
2013/1/8,79.178062,1014900
2013/1/9,79.293755,804000
2013/1/10,79.428688,1214100
2013/1/11,79.447952,857100
2013/1/14,79.447952,882900
2013/1/15,79.447952,1246200
2013/1/16,79.255196,1354800
2013/1/17,79.563652,1675200
2013/1/18,79.679359,936300
2013/1/22,79.737175,1078200
2013/1/23,79.640732,919200
2013/1/24,79.737175,1365600
2013/1/25,79.737175,1260300
2013/1/28,79.756454,1440300
2013/1/29,79.486549,1469700
2013/1/30,78.792488,4063800
2013/1/31,78.696114,3319500
2013/2/1,78.913147,3064200
2013/2/4,78.58371,2808300
2013/2/5,78.79689,1975200
2013/2/6,78.603058,2254500
2013/2/7,78.351181,2349900
2013/2/8,78.389923,2176500
2013/2/11,78.448059,2143500
2013/2/12,78.699974,2124300
2013/2/13,78.79689,1596300
2013/2/14,78.971298,1691700
2013/2/15,78.79689,1893000
2013/2/19,79.048836,1677600
2013/2/20,78.951912,1506900
2013/2/21,79.029434,1604400
2013/2/22,79.12635,1718400
2013/2/25,78.971298,1937100
2013/2/26,79.300758,2773500
2013/2/27,79.378281,1894800
2013/2/28,79.261986,1381800
2013/3/1,79.544487,1847700
2013/3/4,79.447075,1508100
2013/3/5,79.56395,961800
2013/3/6,79.602936,1111500
2013/3/7,79.661369,866100
2013/3/8,79.68084,3497100
2013/3/11,79.700333,1287600
2013/3/12,79.68084,1752900
2013/3/13,79.914635,1177500
2013/3/14,79.973106,1510500
2013/3/15,80.031532,789300
2013/3/18,80.031532,1227000
2013/3/19,79.914635,1820100
2013/3/20,80.109436,800700
2013/3/21,79.992546,1125900
2013/3/22,79.953621,1220400
2013/3/25,79.895142,1815000
2013/3/26,80.012039,704700
2013/3/27,79.973106,881400
2013/3/28,80.089996,1296000
2013/4/1,80.242699,1776900
2013/4/2,80.125229,1769700
2013/4/3,80.125229,1305600
2013/4/4,79.96859,7308900
2013/4/5,80.086044,2386200
2013/4/8,80.144798,4742700
2013/4/9,80.262283,1719000
2013/4/10,80.653893,1769700
2013/4/11,80.614746,924000
2013/4/12,80.712631,863700
2013/4/15,80.281876,1510800
2013/4/16,80.732224,1457700
2013/4/17,80.556,1002900
2013/4/18,80.39933,1451100
2013/4/19,80.497269,942600
2013/4/22,80.751823,1295100
2013/4/23,81.006355,1073400
2013/4/24,81.163033,1387200
2013/4/25,81.260918,1463700
2013/4/26,81.300079,1029900
2013/4/29,81.495918,716400
2013/4/30,81.750435,1400700
2013/5/1,81.636292,2045400
2013/5/2,82.069229,1390500
2013/5/3,82.147972,1212000
2013/5/6,82.26606,807600
2013/5/7,82.246384,1218600
2013/5/8,82.541603,1282200
2013/5/9,82.26606,1259100
2013/5/10,81.951157,1848000
2013/5/13,81.71505,2031000
2013/5/14,81.71505,1605600
2013/5/15,81.616608,1239300
2013/5/16,81.655952,1521000
2013/5/17,81.793762,1212300
2013/5/20,81.892136,825900
2013/5/21,81.990562,1159500
2013/5/22,81.655952,1706100
2013/5/23,81.380424,2313000
2013/5/24,81.18364,1788000
2013/5/28,81.006516,1866000
2013/5/29,80.750626,3395400
2013/5/30,80.829384,2139300
2013/5/31,79.865021,3485400
2013/6/3,79.789825,5336700
2013/6/4,79.671196,1773300
2013/6/5,79.057999,3838500
2013/6/6,79.611839,5187000
2013/6/7,79.592033,2812200
2013/6/10,79.631607,2673900
2013/6/11,79.176704,3938400
2013/6/12,78.899765,4074900
2013/6/13,79.730492,4025100
2013/6/14,79.55249,1583700
2013/6/17,79.750259,1423500
2013/6/18,79.948074,1792200
2013/6/19,78.939354,5448600
2013/6/20,78.108604,5138400
2013/6/21,77.416344,7220400
2013/6/24,76.546059,7002300
2013/6/25,77.495461,2784600
2013/6/26,77.891022,2805900
2013/6/27,78.365715,2695500
2013/6/28,78.108604,4160100
2013/7/1,78.434662,2109000
2013/7/2,78.23584,2287500
2013/7/3,78.534073,654300
2013/7/5,77.520081,2336700
2013/7/8,78.514198,2247600
2013/7/9,78.494331,2573100
2013/7/10,78.891968,3719100
2013/7/11,79.786652,3438600
2013/7/12,79.806519,4129500
2013/7/15,80.124634,1344300
2013/7/16,79.925797,1633800
2013/7/17,80.442749,2597400
2013/7/18,80.979561,4591200
2013/7/19,80.939804,924300
2013/7/22,81.118759,1839000
2013/7/23,80.880157,779700
2013/7/24,80.303612,2410500
2013/7/25,80.164413,2200500
2013/7/26,80.303612,1668000
2013/7/29,79.945747,1791300
2013/7/30,79.826408,2863800
2013/7/31,80.084869,1617600
2013/8/1,79.539436,2810400
2013/8/2,79.978973,1534200
2013/8/5,79.55938,821700
2013/8/6,79.51944,1119300
2013/8/7,79.399574,1489500
2013/8/8,79.539436,1064700
2013/8/9,79.579391,1482300
2013/8/12,79.539436,1164900
2013/8/13,79.439514,1695300
2013/8/14,79.379593,1450800
2013/8/15,79.019966,2495700
2013/8/16,78.760216,3129300
2013/8/19,78.220779,1958100
2013/8/20,78.860146,2055600
2013/8/21,78.560432,968100
2013/8/22,78.999977,1973700
2013/8/23,79.219734,1890900
2013/8/26,79.159805,1502100
2013/8/27,78.780205,1878900
2013/8/28,79.079895,1023900
2013/8/29,79.299652,1348200
2013/8/30,79.259735,2283300
2013/9/3,79.008629,1887000
2013/9/4,79.149231,2838900
2013/9/5,78.827911,1569000
2013/9/6,79.068893,1713000
2013/9/9,79.350067,1780500
2013/9/10,79.4907,2340300
2013/9/11,79.631233,1159200
2013/9/12,79.550919,1043700
2013/9/13,79.510742,1209000
2013/9/16,79.892349,1791300
2013/9/17,80.133354,1608300
2013/9/18,80.8563,3323100
2013/9/19,80.615341,1494600
2013/9/20,80.434616,2178300
2013/9/23,80.555092,1585500
2013/9/24,80.334183,1554600
2013/9/25,80.273941,1075800
2013/9/26,80.25383,1478700
2013/9/27,80.153442,1732500
2013/9/30,80.012848,1385400
2013/10/1,80.19857,1368300
2013/10/2,80.279289,960000
2013/10/3,80.360046,1251900
2013/10/4,80.602242,1810200
2013/10/7,80.339859,501600
2013/10/8,80.360046,1581300
2013/10/9,80.440804,1277400
2013/10/10,80.783936,1131300
2013/10/11,80.90506,1571700
2013/10/14,80.985809,448500
2013/10/15,80.945404,1017000
2013/10/16,81.207848,3021600
2013/10/17,81.611534,2157900
2013/10/18,81.833603,1805700
2013/10/21,81.752861,2359200
2013/10/22,81.954712,2433000
2013/10/23,82.055634,1422600
2013/10/24,82.015266,847200
2013/10/25,82.096016,931800
2013/10/28,82.156563,601500
2013/10/29,82.217133,762300
2013/10/30,82.055634,1076100
2013/10/31,82.015266,1800600
2013/11/1,82.009193,1495500
2013/11/4,82.130913,681600
2013/11/5,81.887482,868500
2013/11/6,82.049759,1607400
2013/11/7,82.212051,1390200
2013/11/8,82.009193,4373700
2013/11/11,81.684654,2178900
2013/11/12,81.583221,1265100
2013/11/13,81.867218,1341600
2013/11/14,82.009193,1662300
2013/11/15,82.212051,1637100
2013/11/18,82.110634,1938600
2013/11/19,82.070061,726900
2013/11/20,81.988899,1046100
2013/11/21,82.232323,1271100
2013/11/22,82.313446,948600
2013/11/25,82.455444,1213500
2013/11/26,82.49601,561000
2013/11/27,82.49601,723300
2013/11/29,82.658302,540900
2013/12/2,82.53801,1393200
2013/12/3,82.517632,760500
2013/12/4,82.293419,1548300
2013/12/5,82.25264,2465100
2013/12/6,82.517632,1133100
2013/12/9,82.782654,1740600
2013/12/10,82.741859,892500
2013/12/11,82.599167,1449900
2013/12/12,82.53801,1771200
2013/12/13,82.53801,1738500
2013/12/16,82.701088,1968900
2013/12/17,82.82341,1897200
2013/12/18,82.82341,2210400
2013/12/19,82.721504,1406400
2013/12/20,82.782654,2458800
2013/12/23,82.864197,1383600
2013/12/24,82.925331,579300
2013/12/26,82.966103,333900
2013/12/27,82.959961,570900
2013/12/30,82.980476,783000
2013/12/31,83.08284,938100
2014/1/2,83.021423,1422300
2014/1/3,83.08284,763800
2014/1/6,83.246735,1097700
2014/1/7,83.267204,1112400
2014/1/8,83.246735,1368900
2014/1/9,83.349174,1103400
2014/1/10,83.554024,1480800
2014/1/13,83.533531,1244700
2014/1/14,83.615425,1516200
2014/1/15,83.758827,1231800
2014/1/16,83.779305,886800
2014/1/17,83.861267,932400
2014/1/21,83.881767,636300
2014/1/22,83.82029,1499700
2014/1/23,83.758827,1062600
2014/1/24,83.144302,2431200
2014/1/27,83.10334,2334600
2014/1/28,83.574501,2061900
2014/1/29,83.410614,1862700
2014/1/30,83.594955,2334300
2014/1/31,83.554024,2819400
2014/2/3,83.199951,2397300
2014/2/4,83.179375,2060700
2014/2/5,83.199951,2247300
2014/2/6,83.467567,954000
2014/2/7,83.838074,2503200
2014/2/10,83.858643,1717800
2014/2/11,84.064468,1982700
2014/2/12,84.002724,743700
2014/2/13,84.14682,1018200
2014/2/14,84.311447,667200
2014/2/18,84.393822,2012100
2014/2/19,84.311447,1633500
2014/2/20,84.558479,1313100
2014/2/21,84.70256,726000
2014/2/24,84.846657,966900
2014/2/25,85.031914,1886400
2014/2/26,85.114265,1035600
2014/2/27,85.278908,580200
2014/2/28,85.484749,864900
2014/3/3,85.323402,1441500
2014/3/4,85.530266,1034100
2014/3/5,85.468208,1251900
2014/3/6,85.261383,582600
2014/3/7,85.013168,2553300
2014/3/10,84.971786,1316400
2014/3/11,85.013168,854100
2014/3/12,85.033829,1236900
2014/3/13,84.90976,1971000
2014/3/14,84.785606,933000
2014/3/17,84.868332,933900
2014/3/18,85.137283,1085400
2014/3/19,84.847664,2661600
2014/3/20,85.137283,1118100
2014/3/21,85.054497,1118700
2014/3/24,85.240662,997800
2014/3/25,85.282051,832500
2014/3/26,85.220032,1134900
2014/3/27,85.261383,967800
2014/3/28,85.364807,588600
2014/3/31,85.468208,799200
2014/4/1,85.505608,2212200
2014/4/2,85.505608,879600
2014/4/3,85.526428,686700
2014/4/4,85.671898,1863600
2014/4/7,85.567986,1090800
2014/4/8,85.755081,1446300
2014/4/9,85.838165,1395900
2014/4/10,85.630348,1491300
2014/4/11,85.31855,4524300
2014/4/14,85.671898,1991400
2014/4/15,85.713455,2748300
2014/4/16,85.81739,1059300
2014/4/17,85.671898,795300
2014/4/21,85.713455,840000
2014/4/22,85.775803,1566600
2014/4/23,85.7966,1287000
2014/4/24,85.755081,1789500
2014/4/25,85.775803,987000
2014/4/28,85.900513,885000
2014/4/29,85.879723,837000
2014/4/30,85.942085,1284000
2014/5/1,85.998474,1805400
2014/5/2,86.082016,844500
2014/5/5,85.956696,1581000
2014/5/6,86.123787,540300
2014/5/7,86.207321,441900
2014/5/8,86.123787,933000
2014/5/9,86.228195,642900
2014/5/12,86.37439,2370300
2014/5/13,86.416122,1020900
2014/5/14,86.457909,489000
2014/5/15,86.395279,636600
2014/5/16,86.520576,872100
2014/5/19,86.541466,1225200
2014/5/20,86.499672,836100
2014/5/21,86.520576,1680000
2014/5/22,86.437027,1214100
2014/5/23,86.541466,786600
2014/5/27,86.56234,1040700
2014/5/28,86.541466,534900
2014/5/29,86.687622,417600
2014/5/30,86.729393,1309200
2014/6/2,86.672729,1868100
2014/6/3,86.630791,993600
2014/6/4,86.693718,1418400
2014/6/5,86.882545,1762200
2014/6/6,87.071404,2072100
2014/6/9,87.155319,557100
2014/6/10,87.218262,1116300
2014/6/11,87.134331,797700
2014/6/12,87.134331,468300
2014/6/13,87.281189,595800
2014/6/16,87.260223,786900
2014/6/17,87.260223,714000
2014/6/18,87.55397,1545600
2014/6/19,87.512001,738600
2014/6/20,87.61692,665100
2014/6/23,87.658859,561300
2014/6/24,87.700836,1060800
2014/6/25,87.61692,663000
2014/6/26,87.574936,1058100
2014/6/27,87.595909,416100
2014/6/30,87.55397,2274000
2014/7/1,87.62352,1035300
2014/7/2,87.62352,1188600
2014/7/3,87.644623,528300
2014/7/7,87.560295,739800
2014/7/8,87.539177,868200
2014/7/9,87.518097,1581000
2014/7/10,87.180893,2456100
2014/7/11,87.244102,910500
2014/7/14,87.307343,604800
2014/7/15,87.223022,850500
2014/7/16,87.075455,1106100
2014/7/17,86.422028,2410500
2014/7/18,86.717155,1085700
2014/7/21,86.611725,1646700
2014/7/22,86.738213,1036500
2014/7/23,87.01223,1334100
2014/7/24,87.033325,1762200
2014/7/25,86.801453,984000
2014/7/28,86.696053,1527000
2014/7/29,86.653885,1463100
2014/7/30,86.31665,2723700
2014/7/31,85.473503,4157100
2014/8/1,85.289246,4394400
2014/8/4,85.861046,2515500
2014/8/5,85.712845,2099700
2014/8/6,85.861046,2026800
2014/8/7,85.818718,1541400
2014/8/8,86.178795,1914900
2014/8/11,86.602318,1919100
2014/8/12,86.644745,2472600
2014/8/13,86.920059,1237500
2014/8/14,87.153038,1722900
2014/8/15,87.216576,2657400
2014/8/18,87.491905,1583700
2014/8/19,87.555412,1698900
2014/8/20,87.555412,778200
2014/8/21,87.534248,737700
2014/8/22,87.386017,675000
2014/8/25,87.661346,984900
2014/8/26,87.724861,757800
2014/8/27,87.64016,495000
2014/8/28,87.618973,735000
2014/8/29,87.618973,942900
2014/9/2,87.740234,1256100
2014/9/3,87.484901,1576200
2014/9/4,87.18708,3477900
2014/9/5,87.102005,2708700
2014/9/8,87.016869,589200
2014/9/9,86.591362,3309000
2014/9/10,86.548813,1745100
2014/9/11,86.463715,1124100
2014/9/12,86.399872,1124100
2014/9/15,86.27224,2097900
2014/9/16,86.314774,1639500
2014/9/17,86.463715,1443600
2014/9/18,86.52755,1183800
2014/9/19,86.676476,1239000
2014/9/22,86.548813,1398900
2014/9/23,86.165802,1700100
2014/9/24,85.825455,2077200
2014/9/25,85.39991,2723100
2014/9/26,85.293564,3433800
2014/9/29,85.059555,3030600
2014/9/30,85.485039,2431500
2014/10/1,85.681725,2542500
2014/10/2,85.681725,2115900
2014/10/3,86.023766,1905300
2014/10/6,86.08786,1983300
2014/10/7,85.809967,2319600
2014/10/8,86.066475,2807100
2014/10/9,85.190025,2197200
2014/10/10,84.399055,6579000
2014/10/13,84.142509,2931000
2014/10/14,84.3349,3354900
2014/10/15,84.185272,4363800
2014/10/16,84.741089,3429900
2014/10/17,85.510681,4567500
2014/10/20,86.280296,3638100
2014/10/21,86.643707,3307500
2014/10/22,86.045105,3387600
2014/10/23,86.109245,3524700
2014/10/24,86.451302,1563300
2014/10/27,86.173386,1861200
2014/10/28,86.173386,2346000
2014/10/29,86.323029,2346300
2014/10/30,86.280296,1300800
2014/10/31,86.280296,1899300
2014/11/3,86.449936,2451900
2014/11/4,86.170746,2590200
2014/11/5,86.084846,2163300
2014/11/6,86.256645,1535700
2014/11/7,86.299606,1547100
2014/11/10,86.321083,706800
2014/11/11,86.492889,1687800
2014/11/12,86.342567,2452200
2014/11/13,85.891525,3063900
2014/11/14,85.612297,2588400
2014/11/17,85.461945,1965600
2014/11/18,85.290176,3172500
2014/11/19,85.204216,2241600
2014/11/20,85.161247,1004100
2014/11/21,85.633797,1792200
2014/11/24,85.655273,1524900
2014/11/25,85.784126,1538100
2014/11/26,85.870056,907200
2014/11/28,85.010941,1398000
2014/12/1,84.35704,5166600
2014/12/2,84.615997,2954100
2014/12/3,84.615997,2130600
2014/12/4,84.529678,2197500
2014/12/5,84.443367,1330200
2014/12/8,83.925453,1467900
2014/12/9,83.688049,4257900
2014/12/10,82.695335,3996000
2014/12/11,82.177383,4287000
2014/12/12,81.206322,3838500
2014/12/15,81.443703,5952900
2014/12/16,80.839455,5275800
2014/12/17,82.371651,5232900
2014/12/18,82.954338,4164900
2014/12/19,83.925453,3349800
2014/12/22,83.817535,2623800
2014/12/23,84.076508,2484600
2014/12/24,84.313858,778200
2014/12/26,84.054924,584100
2014/12/29,84.152489,1755300
2014/12/30,84.087433,1380900
2014/12/31,83.718819,1291800
2015/1/2,83.870605,1245900
2015/1/5,83.285179,4987500
2015/1/6,82.894867,3541200
2015/1/7,83.35022,2964300
2015/1/8,83.913971,2579100
2015/1/9,84.369339,3645600
2015/1/12,84.282608,2963400
2015/1/13,84.195862,2600400
2015/1/14,84.000679,2298900
2015/1/15,83.523666,2712000
2015/1/16,83.762184,2944500
2015/1/20,83.762184,2261100
2015/1/21,84.087433,1862100
2015/1/22,84.195862,2225100
2015/1/23,84.217537,2380200
2015/1/26,84.716255,3590400
2015/1/27,84.607834,3243600
2015/1/28,84.282608,2592900
2015/1/29,84.607834,2079300
2015/1/30,84.434372,1772400
2015/2/2,84.615211,1136700
2015/2/3,85.029114,2602200
2015/2/4,84.789482,1709400
2015/2/5,85.29055,3549300
2015/2/6,85.464775,2808900
2015/2/9,85.377686,1462200
2015/2/10,85.617325,2438400
2015/2/11,85.639099,1324800
2015/2/12,85.682686,1865700
2015/2/13,85.900536,1647300
2015/2/17,85.856949,3768000
2015/2/18,86.074844,2074800
2015/2/19,85.987686,943500
2015/2/20,86.161957,1333500
2015/2/23,86.249138,552000
2015/2/24,86.401619,1110600
2015/2/25,86.445175,5203800
2015/2/26,86.554092,1616400
2015/2/27,86.663033,1285800
2015/3/2,86.638969,1434600
2015/3/3,86.376266,3885900
2015/3/4,86.244957,2118000
2015/3/5,86.332481,2190300
2015/3/6,85.85096,4270200
2015/3/9,85.785271,3159000
2015/3/10,85.588242,4468800
2015/3/11,85.719582,2736000
2015/3/12,85.916618,1626300
2015/3/13,85.522614,2049000
2015/3/16,85.369354,2201700
2015/3/17,84.953476,3798900
2015/3/18,85.697693,3825600
2015/3/19,85.041,3255000
2015/3/20,85.653931,2485200
2015/3/23,85.785271,2099100
2015/3/24,85.85096,2256600
2015/3/25,85.675819,2357700
2015/3/26,85.697693,2772300
2015/3/27,85.675819,1107000
2015/3/30,85.872856,1708200
2015/3/31,85.85096,1915200
2015/4/1,86.068718,2742600
2015/4/2,86.112671,2247600
2015/4/6,86.310623,2185800
2015/4/7,86.574585,1639500
2015/4/8,86.618561,1392600
2015/4/9,86.574585,1919100
2015/4/10,86.662582,924900
2015/4/13,86.706573,1716000
2015/4/14,86.816528,1663800
2015/4/15,87.036507,1968600
2015/4/16,86.94854,1380900
2015/4/17,86.684578,1989000
2015/4/20,86.94854,1237200
2015/4/21,86.9925,1782300
2015/4/22,86.970512,1052400
2015/4/23,86.94854,1181100
2015/4/24,87.058495,1860900
2015/4/27,87.124458,2102400
2015/4/28,87.058495,2284500
2015/4/29,86.860512,2766000
2015/4/30,86.750534,3639300
2015/5/1,86.94503,1204800
2015/5/4,87.011353,1728000
2015/5/5,86.94503,4983300
2015/5/6,86.679832,2889900
2015/5/7,86.61351,2300100
2015/5/8,87.166054,4619700
2015/5/11,86.790344,3241500
2015/5/12,86.768242,3864600
2015/5/13,86.635628,4238400
2015/5/14,87.099754,3417900
2015/5/15,87.188148,2535900
2015/5/18,87.011353,1249800
2015/5/19,86.834541,2112600
2015/5/20,86.834541,1855500
2015/5/21,86.922928,2363700
2015/5/22,87.033447,1528200
2015/5/26,86.900841,2064000
2015/5/27,87.121834,2190300
2015/5/28,87.033447,2073600
2015/5/29,87.121834,2049600
2015/6/1,87.088547,2924700
2015/6/2,86.999718,1793700
2015/6/3,86.555626,4150800
2015/6/4,86.355774,3599700
2015/6/5,86.155922,2852400
2015/6/8,86.067146,3785100
2015/6/9,85.933899,4303200
2015/6/10,85.933899,3162600
2015/6/11,86.13372,2480700
2015/6/12,85.911659,3750900
2015/6/15,85.467537,5915400
2015/6/16,85.822845,2174400
2015/6/17,85.778442,2506500
2015/6/18,86.000511,2862000
2015/6/19,85.933899,2521800
2015/6/22,86.266968,1968300
2015/6/23,86.244766,927000
2015/6/24,86.089287,2205000
2015/6/25,85.956085,3035700
2015/6/26,85.667419,2982000
2015/6/29,85.04567,4443300
2015/6/30,85.33432,2476800
2015/7/1,85.465958,3354300
2015/7/2,85.622192,2200200
2015/7/6,85.399055,2434200
2015/7/7,85.309769,3476100
2015/7/8,84.774246,2109000
2015/7/9,84.997368,1919400
2015/7/10,85.376732,4550700
2015/7/13,85.465958,3181800
2015/7/14,85.443695,1615200
2015/7/15,85.465958,1827300
2015/7/16,85.555267,1652400
2015/7/17,85.242821,2377200
2015/7/20,85.064308,3754500
2015/7/21,84.796532,1878300
2015/7/22,84.350258,4627200
2015/7/23,84.394875,2185200
2015/7/24,84.082458,2023800
2015/7/27,83.725426,4574100
2015/7/28,84.015518,6004200
2015/7/29,84.528793,2275800
2015/7/30,84.774246,3031200
2015/7/31,84.729576,2475600
2015/8/3,84.467262,2111700
2015/8/4,84.48967,2934300
2015/8/5,84.444832,2714700
2015/8/6,84.10849,3100200
2015/8/7,83.772141,3169800
2015/8/10,83.906654,1370100
2015/8/11,83.547897,1917300
2015/8/12,83.368507,3369300
2015/8/13,83.301285,2585700
2015/8/14,83.368507,1470600
2015/8/17,83.256393,1969800
2015/8/18,83.233971,2498700
2015/8/19,83.032173,3914400
2015/8/20,82.583725,2834400
2015/8/21,82.337082,4916700
2015/8/24,81.395332,5856900
2015/8/25,81.61953,4309200
2015/8/26,82.426804,3260400
2015/8/27,82.897667,4719000
2015/8/28,82.94249,2918700
2015/8/31,82.98732,2373300
2015/9/1,82.617767,1976400
2015/9/2,83.068451,2455500
2015/9/3,83.045937,2447100
2015/9/4,82.955788,1480800
2015/9/8,83.496658,1854900
2015/9/9,83.406509,3836100
2015/9/10,83.564278,3179400
2015/9/11,83.474113,2188500
2015/9/14,83.474113,2035800
2015/9/15,83.406509,1584300
2015/9/16,83.136078,2325600
2015/9/17,83.226219,6549000
2015/9/18,82.82058,5308500
2015/9/21,82.843109,2705700
2015/9/22,82.302216,2510100
2015/9/23,82.144478,2048100
2015/9/24,81.671211,3791700
2015/9/25,81.378242,3981900
2015/9/28,80.206367,4801200
2015/9/29,80.138763,3918300
2015/9/30,80.364105,3644700
2015/10/1,80.130775,3252000
2015/10/2,80.040146,4773900
2015/10/5,80.923729,8933100
2015/10/6,81.172882,6220500
2015/10/7,81.943222,6439500
2015/10/8,82.237701,4191000
2015/10/9,82.260361,3560100
2015/10/12,82.169716,1866300
2015/10/13,82.011147,4237800
2015/10/14,82.011147,2811300
2015/10/15,82.056458,6573300
2015/10/16,82.41893,2214000
2015/10/19,82.713432,3011700
2015/10/20,82.713432,3981300
2015/10/21,82.600151,6384900
2015/10/22,82.577545,4084200
2015/10/23,82.917358,5004600
2015/10/26,82.826691,4509600
2015/10/27,82.600151,3401400
2015/10/28,82.781425,4467900
2015/10/29,82.600151,2270100
2015/10/30,82.622826,5566200
2015/11/2,82.866425,2710500
2015/11/3,82.911964,2723700
2015/11/4,82.798126,3174600
2015/11/5,82.593231,2493600
2015/11/6,82.228989,3356700
2015/11/9,81.864723,5765700
2015/11/10,81.614326,5801700
2015/11/11,81.432182,1073400
2015/11/12,80.81752,8271000
2015/11/13,80.635414,4973100
2015/11/16,80.931358,3809100
2015/11/17,80.81752,4258800
2015/11/18,80.976852,3234900
2015/11/19,80.498795,5068500
2015/11/20,80.293915,3759300
2015/11/23,80.225609,2103000
2015/11/24,80.271149,2839200
2015/11/25,80.271149,2590800
2015/11/27,80.521568,981600
2015/11/30,80.498795,2439300
2015/12/1,80.869591,4756500
2015/12/2,80.617836,4311900
2015/12/3,80.457619,3822300
2015/12/4,80.297379,3682800
2015/12/7,79.748016,4148400
2015/12/8,78.83242,11601300
2015/12/9,79.015549,6235800
2015/12/10,78.695084,3705000
2015/12/11,77.115677,11666400
2015/12/14,76.497673,9248400
2015/12/15,77.390373,7474200
2015/12/16,78.054161,7894500
2015/12/17,77.184395,6972600
2015/12/18,76.886803,4682400
2015/12/21,76.81813,4290000
2015/12/22,77.481964,4508100
2015/12/23,77.871063,4925400
2015/12/24,77.962646,2109900
2015/12/28,77.504829,2415300
2015/12/29,78.031944,3630900
2015/12/30,78.05497,2666400
2015/12/31,78.05497,1560300
2016/1/4,77.663651,4693800
2016/1/5,77.824799,2972100
2016/1/6,77.755745,3976200
2016/1/7,77.341408,3911100
2016/1/8,77.065163,6831300
2016/1/11,76.950073,5172900
2016/1/12,77.134239,3705300
2016/1/13,76.098412,6201600
2016/1/14,76.282555,5919300
2016/1/15,75.338821,5987400
2016/1/19,74.970497,5995200
2016/1/20,74.325996,8860200
2016/1/21,74.67128,7467300
2016/1/22,75.868202,4869300
2016/1/25,75.223701,5192700
2016/1/26,75.868202,5090100
2016/1/27,75.684082,5879700
2016/1/28,76.029327,3953700
2016/1/29,76.443665,5222100
2016/2/1,75.946175,4482600
2016/2/2,75.321373,2883300
2016/2/3,75.599045,5410800
2016/2/4,75.413933,3763500
2016/2/5,74.742867,4148400
2016/2/8,73.840401,4884900
2016/2/9,73.493294,3725700
2016/2/10,73.377563,3746100
2016/2/11,72.8685,4799400
2016/2/12,74.048653,7081500
2016/2/16,74.164352,3123900
2016/2/17,74.719711,5268900
2016/2/18,74.789131,2957700
2016/2/19,74.927994,1638300
2016/2/22,75.66848,3662700
2016/2/23,75.57592,6390000
2016/2/24,75.69162,3031200
2016/2/25,76.015572,3949200
2016/2/26,76.524681,5098500
2016/2/29,77.357719,9575400
2016/3/1,78.774986,11803800
2016/3/2,78.216454,5472000
2016/3/3,78.425888,3517200
2016/3/4,78.681862,3813300
2016/3/7,78.751694,3742800
2016/3/8,78.216454,7056000
2016/3/9,78.402641,2307900
2016/3/10,78.961151,4325100
2016/3/11,79.892029,4775700
2016/3/14,79.705803,3269400
2016/3/15,79.193855,3878100
2016/3/16,79.752388,4482900
2016/3/17,80.287666,6525900
2016/3/18,80.380707,4526700
2016/3/21,80.35743,3210000
2016/3/22,80.241074,4107300
2016/3/23,79.82222,4161600
2016/3/24,79.473122,3012600
2016/3/28,79.077507,3119700
2016/3/29,79.310219,4212900
2016/3/30,79.589478,3811800
2016/3/31,79.705803,4860300
2016/4/1,79.87899,6019500
2016/4/4,79.574829,4251600
2016/4/5,79.247261,3964800
2016/4/6,79.832169,6397500
2016/4/7,79.364243,4184400
2016/4/8,79.87899,3272100
2016/4/11,80.019363,1763100
2016/4/12,80.534103,3370800
2016/4/13,81.095657,3164100
2016/4/14,81.025459,2925900
2016/4/15,80.861671,2906700
2016/4/18,81.423203,2845500
2016/4/19,81.86776,2440500
2016/4/20,82.031548,3607500
2016/4/21,81.750801,3966300
2016/4/22,81.984787,3379200
2016/4/25,81.704018,2403600
2016/4/26,82.031548,2928600
2016/4/27,82.476097,3179100
2016/4/28,82.452682,3150000
2016/4/29,82.593086,4680600
2016/5/2,82.665985,1925100
2016/5/3,82.455597,3397200
2016/5/4,82.030083,5377500
2016/5/5,82.053719,4380900
2016/5/6,82.030083,3938700
2016/5/9,81.982819,2799900
2016/5/10,82.621078,3611400
2016/5/11,82.597427,3854700
2016/5/12,82.597427,2467200
2016/5/13,82.266479,3472800
2016/5/16,82.762909,2745900
2016/5/17,82.692001,3279600
2016/5/18,82.621078,3982200
2016/5/19,82.431961,3945000
2016/5/20,82.715622,3978300
2016/5/23,82.762909,2058000
2016/5/24,83.259361,3550200
2016/5/25,83.448486,2650500
2016/5/26,83.283005,1930500
2016/5/27,83.377548,2005800
2016/5/31,83.283005,1809600
2016/6/1,83.323387,5022900
2016/6/2,83.347145,2353500
2016/6/3,83.489746,3127500
2016/6/6,83.893799,3583500
2016/6/7,84.297798,3836400
2016/6/8,84.678062,2703900
2016/6/9,84.297798,3050400
2016/6/10,83.846222,3309000
2016/6/13,83.370926,2883600
2016/6/14,83.085724,5982300
2016/6/15,82.990654,5822100
2016/6/16,82.966919,7776600
2016/6/17,83.061974,4620000
2016/6/20,83.656113,3278700
2016/6/21,84.131432,4725600
2016/6/22,84.060135,7143300
2016/6/23,84.678062,2576400
2016/6/24,83.418449,6622500
2016/6/27,81.968735,13028700
2016/6/28,83.085724,7293300
2016/6/29,84.107689,6612600
2016/6/30,84.820663,7383600
2016/7/1,84.885147,3719400
2016/7/5,84.479042,3349500
2016/7/6,84.885147,5060700
2016/7/7,85.028473,5382600
2016/7/8,86.175247,9373800
2016/7/11,86.342506,5327100
2016/7/12,86.557533,5458500
2016/7/13,86.342506,4732200
2016/7/14,86.414162,3794400
2016/7/15,86.270859,2164500
2016/7/18,86.629196,1886400
2016/7/19,86.366402,4118700
2016/7/20,86.581421,2504100
2016/7/21,86.557533,1780500
2016/7/22,86.868141,1673100
2016/7/25,86.390282,1949100
2016/7/26,86.151375,3395400
2016/7/27,86.390282,3835200
2016/7/28,85.984154,2451600
2016/7/29,86.151375,4062300
2016/8/1,85.618248,3530100
2016/8/2,85.522148,8601600
2016/8/3,85.810364,5883300
2016/8/4,86.386765,3677700
2016/8/5,86.554848,3678000
2016/8/8,87.035187,4943700
2016/8/9,87.323418,2729400
2016/8/10,87.299362,1970100
2016/8/11,87.443466,1968000
2016/8/12,87.539528,1813500
2016/8/15,87.779701,1752300
2016/8/16,87.515518,3955200
2016/8/17,87.659607,1620900
2016/8/18,87.995865,1670700
2016/8/19,87.755699,1558200
2016/8/22,87.563553,1470300
2016/8/23,87.947823,1698300
2016/8/24,87.683624,1399500
2016/8/25,87.731651,1859400
2016/8/26,87.755699,1625700
2016/8/29,88.211998,2565000
2016/8/30,88.187981,1572600
2016/8/31,87.755699,6321300
2016/9/1,87.96328,3103800
2016/9/2,88.44606,3208800
2016/9/6,88.54261,3066600
2016/9/7,88.37365,1684500
2016/9/8,88.180511,2150700
2016/9/9,87.263222,3912300
2016/9/12,87.552902,5471400
2016/9/13,86.925285,6517200
2016/9/14,86.852859,6080100
2016/9/15,87.311493,3418200
2016/9/16,87.239105,2909400
2016/9/19,87.33564,3138000
2016/9/20,87.287361,3384900
2016/9/21,87.987404,5619300
2016/9/22,88.325363,4083900
2016/9/23,88.132256,6030900
2016/9/26,87.746017,2306100
2016/9/27,88.083984,2391300
2016/9/28,88.66333,4127700
2016/9/29,88.252937,4680600
2016/9/30,88.639175,3542400
2016/10/3,88.653755,4889100
2016/10/4,88.556671,3761100
2016/10/5,88.799332,3418200
2016/10/6,88.799332,2583600
2016/10/7,88.993385,2973000
2016/10/10,89.333084,1242600
2016/10/11,88.823578,4170900
2016/10/12,88.750778,2309700
2016/10/13,88.629456,5159700
2016/10/14,88.750778,2246700
2016/10/17,88.726509,3190500
2016/10/18,89.017662,2202300
2016/10/19,89.308815,1716000
2016/10/20,89.284554,2929500
2016/10/21,89.381592,2937000
2016/10/24,89.454376,1305300
2016/10/25,89.405853,2901000
2016/10/26,88.993385,2629200
2016/10/27,88.629456,4703100
2016/10/28,88.24131,5435700
2016/10/31,87.974388,10216200
2016/11/1,87.696358,4902900
2016/11/2,87.18425,8914800
2016/11/3,87.208618,3522000
2016/11/4,87.354958,4497900
2016/11/7,88.501167,5043600
2016/11/8,88.35482,6239100
2016/11/9,87.769531,8153700
2016/11/10,86.525803,8462400
2016/11/11,85.672264,5082600
2016/11/14,86.306305,7860300
2016/11/15,87.452507,5826900
2016/11/16,87.111092,4323900
2016/11/17,86.915985,3639900
2016/11/18,86.867226,4796700
2016/11/21,87.598831,3269100
2016/11/22,88.257263,5976600
2016/11/23,87.867088,2626200
2016/11/25,88.013405,740100
2016/11/28,88.086578,7753800
2016/11/29,87.915871,2670900
2016/11/30,88.086578,3519300
2016/12/1,87.738564,5572200
2016/12/2,88.253227,4394100
2016/12/5,88.52282,3076800
2016/12/6,88.865906,3642900
2016/12/7,89.429596,9339600
2016/12/8,89.356064,3243300
2016/12/9,89.356064,1873200
2016/12/12,89.258057,3794700
2016/12/13,89.527626,2419200
2016/12/14,88.767891,3688500
2016/12/15,88.865906,2935500
2016/12/16,88.939453,3082800
2016/12/19,89.258057,1596600
2016/12/20,89.30706,3610500
2016/12/21,89.503128,4170000
2016/12/22,89.625687,4394400
2016/12/23,89.846214,1779600
2016/12/27,89.625687,1699800
2016/12/28,89.52961,2816400
2016/12/29,89.652763,1602300
2016/12/30,89.77594,2252400
2017/1/3,90.219269,5394600
2017/1/4,90.613312,4596900
2017/1/5,90.465576,6218400
2017/1/6,90.490181,3472200
2017/1/9,90.514801,4212300
2017/1/10,90.564056,1882200
2017/1/11,90.539452,2688600
2017/1/12,90.564056,2636700
2017/1/13,90.588676,1907100
2017/1/17,90.539452,2724000
2017/1/18,90.588676,2062200
2017/1/19,90.3424,2949600
2017/1/20,90.514801,4297800
2017/1/23,90.539452,2262900
2017/1/24,90.736488,2284800
2017/1/25,91.007416,3696000
2017/1/26,91.056679,4044000
2017/1/27,91.130524,2875200
2017/1/30,90.933517,2990100
2017/1/31,90.90889,3514800
2017/2/1,91.119232,3657600
2017/2/2,91.069756,4780200
2017/2/3,91.267746,3026700
2017/2/6,91.119232,2766900
2017/2/7,91.069756,2055300
2017/2/8,91.044983,2727000
2017/2/9,91.242966,2247300
2017/2/10,91.317207,1938900
2017/2/13,91.416199,2609100
2017/2/14,91.539932,2644800
2017/2/15,91.515182,1425900
2017/2/16,91.416199,2414100
2017/2/17,91.465706,1036800
2017/2/21,91.812157,1758600
2017/2/22,91.836906,2797200
2017/2/23,91.935883,2206200
2017/2/24,91.935883,2066700
2017/2/27,92.084351,3480600
2017/2/28,92.109138,2844900
2017/3/1,92.447304,2472600
2017/3/2,92.22348,2017200
2017/3/3,92.22348,2703300
2017/3/6,91.825676,2839200
2017/3/7,91.278625,4046400
2017/3/8,90.607307,5983200
2017/3/9,90.333801,9661500
2017/3/10,90.333801,9696300
2017/3/13,90.482964,5324700
2017/3/14,90.134857,8202600
2017/3/15,91.37809,8151900
2017/3/16,91.104584,6299700
2017/3/17,91.07972,4273200
2017/3/20,90.980263,2564100
2017/3/21,90.259193,6363600
2017/3/22,90.582413,3913500
2017/3/23,90.458099,3707700
2017/3/24,90.855934,3016200
2017/3/27,90.6819,1924200
2017/3/28,91.328377,6231600
2017/3/29,91.427826,5937900
2017/3/30,91.900269,7498200
2017/3/31,91.825676,3280800
2017/4/3,91.805672,3771300
2017/4/4,91.830688,3365400
2017/4/5,91.705765,4392000
2017/4/6,91.830688,2408100
2017/4/7,91.830688,3107700
2017/4/10,92.005547,3690600
2017/4/11,91.830688,4173000
2017/4/12,91.905609,1550400
2017/4/13,91.680779,3588300
2017/4/17,91.980545,1836600
2017/4/18,91.955589,1931400
2017/4/19,91.905609,2683500
2017/4/20,92.180374,2943600
2017/4/21,92.105438,2213100
2017/4/24,92.530144,1271100
2017/4/25,92.729988,2345400
2017/4/26,92.630051,1273200
2017/4/27,92.754967,2062800
2017/4/28,92.779953,2066700
2017/5/1,92.754845,1728300
2017/5/2,92.905426,2440200
2017/5/3,92.980721,1855200
2017/5/4,92.428619,3216000
2017/5/5,92.679573,4559400
2017/5/8,92.779953,1811100
2017/5/9,92.704651,4532700
2017/5/10,93.056,2958000
2017/5/11,93.056,2239500
2017/5/12,93.08107,1899600
2017/5/15,93.306969,2843700
2017/5/16,93.407341,3763800
2017/5/17,92.955605,3577800
2017/5/18,93.08107,3757500
2017/5/19,93.306969,4915200
2017/5/22,93.557907,2201700
2017/5/23,93.583015,2439900
2017/5/24,93.733582,1630800
2017/5/25,93.633224,2243400
2017/5/26,93.683403,1040400
2017/5/30,93.859077,1649100
2017/5/31,93.833984,3169500
2017/6/1,94.038429,3768900
2017/6/2,94.08889,2839500
2017/6/5,94.038429,1859700
2017/6/6,93.912178,2106000
2017/6/7,93.71035,4119000
2017/6/8,93.760765,2646300
2017/6/9,93.71035,2521500
2017/6/12,93.962685,1736400
2017/6/13,94.08889,1971600
2017/6/14,94.038429,2478900
2017/6/15,93.811256,2745600
2017/6/16,93.558891,2999700
2017/6/19,93.912178,2702700
2017/6/20,93.634598,3046200
2017/6/21,93.054092,6568800
2017/6/22,93.281265,6678900
2017/6/23,93.634598,2368200
2017/6/26,93.760765,3821700
2017/6/27,93.533638,3729600
2017/6/28,93.861748,4121100
2017/6/29,93.685074,4613100
2017/6/30,93.887009,1779000
2017/7/3,93.831192,1802400
2017/7/5,93.704453,3622500
2017/7/6,93.476257,5105400
2017/7/7,93.374855,6782700
2017/7/10,93.552307,3315000
2017/7/11,93.501595,2785500
2017/7/12,94.034019,5888700
2017/7/13,94.110115,4279800
2017/7/14,94.28756,5592600
2017/7/17,94.338234,2319900
2017/7/18,94.465027,3688500
2017/7/19,94.617142,2080200
2017/7/20,94.718552,1903800
2017/7/21,94.617142,4035600
2017/7/24,94.718552,1032900
2017/7/25,94.743919,1254300
2017/7/26,94.870682,1595100
2017/7/27,94.845314,2898300
2017/7/28,94.845314,2108400
2017/7/31,94.819962,2193000
2017/8/1,94.980408,2980800
2017/8/2,94.980408,2020200
2017/8/3,94.751205,3401700
2017/8/4,94.776703,5169900
2017/8/7,94.751205,1395300
2017/8/8,94.471115,4180500
2017/8/9,94.063698,5858400
2017/8/10,93.401634,6928500
2017/8/11,93.630791,5146800
2017/8/14,94.038239,3226800
2017/8/15,94.140099,3784200
2017/8/16,94.140099,2361900
2017/8/17,93.656273,4455300
2017/8/18,93.732674,4065300
2017/8/21,93.834518,2073000
2017/8/22,94.267403,3252600
2017/8/23,94.216461,1815900
2017/8/24,94.343796,1809600
2017/8/25,94.547501,1990200
2017/8/28,94.547501,1506600
2017/8/29,94.445641,1913700
2017/8/30,94.649353,4414200
2017/8/31,94.878532,3445500
2017/9/1,94.914337,3174300
2017/9/5,94.786469,3400800
2017/9/6,94.70974,2806800
2017/9/7,94.735306,1728300
2017/9/8,94.453949,2476500
2017/9/11,94.76091,2451000
2017/9/12,94.888763,2881500
2017/9/13,94.837646,3130800
2017/9/14,95.042252,2071500
2017/9/15,95.067787,1600500
2017/9/18,95.042252,3680700
2017/9/19,95.195686,1368900
2017/9/20,95.170097,2953200
2017/9/21,95.01664,1587300
2017/9/22,95.144547,1722900
2017/9/25,95.22126,1821600
2017/9/26,95.323555,1560900
2017/9/27,95.374733,1275300
2017/9/28,95.374733,1516200
2017/9/29,95.451454,2244300
2017/10/2,95.469429,2913900
2017/10/3,95.649239,2400300
2017/10/4,95.495125,1884300
2017/10/5,95.623535,2181600
2017/10/6,95.495125,2885700
2017/10/9,95.572174,417600
2017/10/10,95.649239,3402300
2017/10/11,95.520813,1650300
2017/10/12,95.443748,1662900
2017/10/13,95.495125,2361600
2017/10/16,95.520813,1660800
2017/10/17,95.674904,1911900
2017/10/18,95.726273,1854600
2017/10/19,95.777649,1164300
2017/10/20,95.854698,1083000
2017/10/23,95.751968,1024500
2017/10/24,95.829018,3203400
2017/10/25,95.520813,3746700
2017/10/26,95.39238,3591900
2017/10/27,95.623535,2876100
2017/10/30,95.597855,2031900
2017/10/31,95.649239,1866000
2017/11/1,95.571815,2342400
2017/11/2,95.520203,3197100
2017/11/3,95.468597,2954700
2017/11/6,95.417007,5660700
2017/11/7,95.287994,5992200
2017/11/8,94.823524,3993300
2017/11/9,94.204292,12599700
2017/11/10,94.642921,5422200
2017/11/13,94.539726,4831200
2017/11/14,94.178467,3578400
2017/11/15,94.101074,6158700
2017/11/16,94.978348,7202400
2017/11/17,94.926765,3800100
2017/11/20,94.978348,1995600
2017/11/21,95.158974,3219600
2017/11/22,95.365402,3309600
2017/11/24,95.442787,995700
2017/11/27,95.210587,2508000
2017/11/28,95.468597,7488000
2017/11/29,95.339584,2974200
2017/11/30,95.313805,5152800
2017/12/1,95.254158,5307000
2017/12/4,95.202332,2789100
2017/12/5,95.254158,2532600
2017/12/6,95.150505,2590500
2017/12/7,95.228256,3307800
2017/12/8,95.280113,2006700
2017/12/11,95.331932,1871100
2017/12/12,95.331932,1505100
2017/12/13,95.331932,2791500
2017/12/14,95.098663,4553400
2017/12/15,95.124588,2114100
2017/12/18,95.228256,3988200
2017/12/19,95.051186,2073600
2017/12/20,95.15535,3477900
2017/12/21,95.181389,2051700
2017/12/22,95.363647,4680000
2017/12/26,95.49379,1478400
2017/12/27,95.519844,2064000
2017/12/28,95.441727,1752600
2017/12/29,95.597946,1667100
2018/1/2,95.702103,3825000
2018/1/3,96.170731,8505000
2018/1/4,96.300858,2887200
2018/1/5,96.405014,2724900
2018/1/8,96.300858,3486000
2018/1/9,96.066551,2927700
2018/1/10,95.884338,16481400
2018/1/11,96.118622,3348000
2018/1/12,95.962425,5027700
2018/1/16,95.988464,5822400
2018/1/17,95.910355,4194300
2018/1/18,95.832245,5777100
2018/1/19,95.858284,3398700
2018/1/22,95.936409,4673100
2018/1/23,96.222763,3063000
2018/1/24,96.144691,3828000
2018/1/25,96.040527,4050000
2018/1/26,96.118622,2640300
2018/1/29,95.806221,5021100
2018/1/30,95.389671,7499700
2018/1/31,95.545876,6138900
2018/2/1,95.310555,8204100
2018/2/2,94.839874,9277200
2018/2/5,94.238464,11461200
2018/2/6,94.735291,14334000
2018/2/7,94.369202,8502900
2018/2/8,93.689346,12165900
2018/2/9,93.297142,21190800
2018/2/12,93.924675,8982600
2018/2/13,93.663208,5217600
2018/2/14,93.820076,5754600
2018/2/15,94.499947,6080400
2018/2/16,94.970627,5556000
2018/2/20,94.630699,5533200
2018/2/21,94.26461,5999100
2018/2/22,94.26461,4991400
2018/2/23,94.813721,3894900
2018/2/26,95.022903,6475800
2018/2/27,94.761436,4713600
2018/2/28,94.682976,5624100
2018/3/1,94.270599,5337000
2018/3/2,94.559517,5458500
2018/3/5,94.506996,3616200
2018/3/6,94.638321,3079500
2018/3/7,94.401932,4068900
2018/3/8,94.480721,3810000
2018/3/9,94.795929,3989700
2018/3/12,94.690865,3033900
2018/3/13,94.401932,4026300
2018/3/14,94.296844,3608100
2018/3/15,94.34938,2024400
2018/3/16,94.480721,2181000
2018/3/19,94.165543,4324800
2018/3/20,94.296844,3230400
2018/3/21,94.375664,3233700
2018/3/22,93.797783,3466200
2018/3/23,93.561401,5016300
2018/3/26,94.139244,4253400
2018/3/27,94.007919,3869100
2018/3/28,93.955368,4497900
2018/3/29,94.165543,5063700
2018/4/2,93.928154,6435600
2018/4/3,94.112793,6111000
2018/4/4,94.350182,3130800
2018/4/5,94.429306,2894400
2018/4/6,94.271049,4504200
2018/4/9,94.613937,4703400
2018/4/10,94.956848,4444200
2018/4/11,94.956848,2382900
2018/4/12,95.326118,8871300
2018/4/13,95.378868,4896900
2018/4/16,95.51075,2663700
2018/4/17,95.563499,3986700
2018/4/18,95.458008,4410000
2018/4/19,95.194214,3865500
2018/4/20,94.930458,3319500
2018/4/23,94.640282,2692200
2018/4/24,94.482033,6141600
2018/4/25,94.350182,4110300
2018/4/26,94.666687,6093600
2018/4/27,94.613937,2824500
2018/4/30,94.613937,4125300
2018/5/1,94.595398,3204000
2018/5/2,94.595398,3570000
2018/5/3,94.568886,5471100
2018/5/4,94.621864,2869800
2018/5/7,94.701378,3628800
2018/5/8,94.595398,3528600
2018/5/9,94.72789,3483600
2018/5/10,94.939835,4421400
2018/5/11,94.886871,3079200
2018/5/14,94.913361,4794600
2018/5/15,94.436394,4598400
2018/5/16,94.595398,3397200
2018/5/17,94.595398,4008900
2018/5/18,94.489418,3886800
2018/5/21,94.595398,3405300
2018/5/22,94.648407,2427900
2018/5/23,94.701378,4146900
2018/5/24,94.72789,3297000
2018/5/25,94.595398,3183900
2018/5/29,94.171448,5520300
2018/5/30,94.515915,3702600
2018/5/31,94.383423,3564000
2018/6/1,94.535164,3908700
2018/6/4,94.801384,3139200
2018/6/5,94.987747,4537200
2018/6/6,95.12085,4036200
2018/6/7,95.174095,3756300
2018/6/8,95.174095,3842400
2018/6/11,95.333832,3053400
2018/6/12,95.440323,4316400
2018/6/13,95.440323,3598200
2018/6/14,95.733147,3755100
2018/6/15,95.70652,2988600
2018/6/18,95.653297,2958300
2018/6/19,95.520164,3002400
2018/6/20,95.626678,2498100
2018/6/21,95.440323,4534800
2018/6/22,95.466934,1998900
2018/6/25,95.25396,4679700
2018/6/26,95.25396,1622700
2018/6/27,95.014351,5228700
2018/6/28,94.668274,4350000
2018/6/29,94.455284,5859300
2018/7/2,94.444588,4800900
2018/7/3,94.498077,3491100
2018/7/5,94.872528,4286100
2018/7/6,95.113281,3331800
2018/7/9,95.273743,2634600
2018/7/10,95.273743,3127200
2018/7/11,95.193527,3277500
2018/7/12,95.460983,7356900
2018/7/13,95.460983,2789400
2018/7/16,95.38076,2193600
2018/7/17,95.460983,2912700
2018/7/18,95.541222,2790000
2018/7/19,95.487732,2282400
2018/7/20,95.514481,1928400
2018/7/23,95.514481,2780700
2018/7/24,95.701729,2378400
2018/7/25,95.862198,3841500
2018/7/26,95.915672,3001500
2018/7/27,95.862198,1935000
2018/7/30,95.942444,2292300
2018/7/31,96.129684,6030300
2018/8/1,96.212959,4355700
2018/8/2,96.239822,2301300
2018/8/3,96.374168,3154500
2018/8/6,96.42791,2978700
2018/8/7,96.53537,3006900
2018/8/8,96.53537,2815200
2018/8/9,96.374168,2811600
2018/8/10,96.212959,3462300
2018/8/13,96.186089,4238700
2018/8/14,96.320442,3337800
2018/8/15,96.105484,3923100
2018/8/16,96.266678,3028200
2018/8/17,96.34729,1935000
2018/8/20,96.42791,2674500
2018/8/21,96.615982,2804100
2018/8/22,96.642838,1948500
2018/8/23,96.589096,3500400
2018/8/24,96.750298,1687500
2018/8/27,96.804054,1236000
2018/8/28,96.804054,2495700
2018/8/29,96.750298,2135700
2018/8/30,96.642838,3517200
2018/8/31,96.723442,4270800
2018/9/4,96.642448,4958700
2018/9/5,96.534485,3936900
2018/9/6,96.534485,3648600
2018/9/7,96.534485,7155300
2018/9/10,96.723434,2780700
2018/9/11,96.750427,5059800
2018/9/12,96.966408,2961300
2018/9/13,97.12838,4024200
2018/9/14,97.236343,3482100
2018/9/17,97.12838,2013600
2018/9/18,97.12838,2418600
2018/9/19,96.939407,3884400
2018/9/20,97.074371,3200700
2018/9/21,97.12838,2353200
2018/9/24,97.020401,4032900
2018/9/25,97.047386,2303100
2018/9/26,97.074371,7172700
2018/9/27,97.263351,3473700
2018/9/28,97.317345,2278500
2018/10/1,97.629295,4466700
2018/10/2,97.493668,3957000
2018/10/3,97.330887,8578800
2018/10/4,96.896881,5058300
2018/10/5,96.435738,11892300
2018/10/8,96.218704,6155100
2018/10/9,96.327202,4490700
2018/10/10,95.567665,9108900
2018/10/11,95.811806,9908700
2018/10/12,96.300087,3097500
2018/10/15,96.083061,4110900
2018/10/16,96.48999,2892600
2018/10/17,96.381477,2929800
2018/10/18,95.947418,5621400
2018/10/19,95.947418,4466700
2018/10/22,95.974564,3551100
2018/10/23,95.920319,5398800
2018/10/24,95.486275,6532500
2018/10/25,95.621925,4427400
2018/10/26,95.187889,6368700
2018/10/29,95.187889,4852200
2018/10/30,95.242126,4695600
2018/10/31,95.377785,4200300
2018/11/1,95.729393,5709900
2018/11/2,95.783928,3555600
2018/11/5,95.865685,3114000
2018/11/6,96.056488,3853800
2018/11/7,96.519875,8367900
2018/11/8,96.383598,6969600
2018/11/9,95.783928,6295200
2018/11/12,95.18425,4365000
2018/11/13,95.047966,5386800
2018/11/14,94.829887,8048100
2018/11/15,94.775375,9046800
2018/11/16,94.339264,20139900
2018/11/19,94.230225,7159500
2018/11/20,93.79409,5130600
2018/11/21,94.202972,3843000
2018/11/23,93.766838,2096400
2018/11/26,94.17569,4557900
2018/11/27,94.17569,3968700
2018/11/28,94.884415,6254700
2018/11/29,94.938919,4484400
2018/11/30,94.666359,3646800
2018/12/3,95.337349,4907400
2018/12/4,94.84436,7152300
2018/12/6,94.433533,7304700
2018/12/7,94.351379,5637900
2018/12/10,94.269226,4281600
2018/12/11,94.515709,4764000
2018/12/12,94.789589,6052800
2018/12/13,95.036079,4645500
2018/12/14,94.625267,5334300
2018/12/17,93.995338,6247500
2018/12/18,93.721466,7548300
2018/12/19,92.876381,5695200
2018/12/20,91.940445,16207200
2018/12/21,91.3899,7876200
2018/12/24,90.701736,4095300
2018/12/26,92.243271,6219600
2018/12/27,92.188194,6663300
2018/12/28,92.325844,5130900
2018/12/31,92.46347,4712400
2019/1/2,92.353371,6569400
2019/1/3,92.38089,6619500
2019/1/4,93.894882,10540200
2019/1/7,94.940918,9270600
2019/1/8,95.601555,8160600
2019/1/9,95.739182,8899200
2019/1/10,96.207161,16731300
2019/1/11,95.876816,7779900
2019/1/14,95.601555,5082600
2019/1/15,95.849304,3124800
2019/1/16,96.041992,3052800
2019/1/17,96.289734,3328800
2019/1/18,96.537476,4811100
2019/1/22,95.986931,5412000
2019/1/23,96.152115,5108700
2019/1/24,96.262207,4023900
2019/1/25,96.482437,4314900
2019/1/28,96.344803,3757200
2019/1/29,96.317238,4697400
2019/1/30,97.060509,5116800
2019/1/31,97.308243,8217600
2019/2/1,97.266754,7898700
2019/2/4,97.488007,2892300
2019/2/5,97.81987,8149500
2019/2/6,97.847511,5641200
2019/2/7,97.432693,7681800
2019/2/8,97.432693,4768800
2019/2/11,97.460342,2141100
2019/2/12,97.958145,7500000
2019/2/13,97.847511,3592800
2019/2/14,97.875191,5675400
2019/2/15,98.179405,1833900
2019/2/19,98.207062,2136900
2019/2/20,98.345345,3309000
2019/2/21,98.262367,6398700
2019/2/22,98.428314,4658700
2019/2/25,98.511284,2327700
2019/2/26,98.704872,7498200
2019/2/27,98.704872,3795900
2019/2/28,98.704872,5932200
2019/3/1,98.907745,6170700
2019/3/4,98.79657,6425700
2019/3/5,98.79657,6207300
2019/3/6,98.602051,8023800
2019/3/7,98.546455,8108100
2019/3/8,98.379692,6912000
2019/3/11,98.657722,9080100
2019/3/12,98.852264,15580500
2019/3/13,99.130173,11071800
2019/3/14,99.074593,8883900
2019/3/15,99.102379,9784500
2019/3/18,99.157951,6620400
2019/3/19,99.241341,21554400
2019/3/20,99.574837,21693900
2019/3/21,99.574837,16819500
2019/3/22,99.241341,10687800
2019/3/25,99.241341,13585500
2019/3/26,99.435898,9087600
2019/3/27,99.491463,14190900
2019/3/28,99.685997,11702100
2019/3/29,99.963898,21277200
2019/4/1,99.731026,13678200
2019/4/2,99.758865,8740500
2019/4/3,99.786697,6498000
2019/4/4,99.981514,7173000
2019/4/5,100.120689,7628100
2019/4/8,100.092873,6272700
2019/4/9,100.092873,18148200
2019/4/10,100.454704,6564000
2019/4/11,100.677383,9764400
2019/4/12,100.816551,10486200
2019/4/15,100.705223,8298000
2019/4/16,100.733047,12189300
2019/4/17,100.510376,7202400
2019/4/18,100.593887,8816100
2019/4/22,100.454704,10268700
2019/4/23,100.733047,17929200
2019/4/24,100.649567,9732600
2019/4/25,100.677383,7975200
2019/4/26,100.900063,10444500
2019/4/29,100.900063,6775800
2019/4/30,100.955734,7318500
2019/5/1,100.306183,23695800
2019/5/2,100.361923,11589300
2019/5/3,100.612831,7448900
2019/5/6,100.640625,6198000
2019/5/7,100.055161,11649500
2019/5/8,100.073761,6782300
2019/5/9,99.897202,9208300
2019/5/10,100.129509,10828700
2019/5/13,99.274574,7314400
2019/5/14,99.488304,8001900
2019/5/15,99.562637,5586900
2019/5/16,99.832138,7305300
2019/5/17,99.80426,6745200
2019/5/20,99.739227,5018700
2019/5/21,99.99012,7800500
2019/5/22,100.073761,7031200
2019/5/23,99.618393,5555000
2019/5/24,99.488304,5437100
2019/5/28,99.451118,5158200
2019/5/29,99.172348,9855500
2019/5/30,99.358192,4181000
2019/5/31,98.642677,7595900
2019/6/3,98.752846,22330500
2019/6/4,99.649239,10250200
2019/6/5,99.901344,11059200
2019/6/6,100.153465,6270800
2019/6/7,100.480286,10041400
2019/6/10,100.611,7477600
2019/6/11,100.769714,10078900
2019/6/12,100.526978,4031400
2019/6/13,100.732384,3363500
2019/6/14,100.648346,5354100
2019/6/17,100.508286,5084700
2019/6/18,101.133881,7549600
2019/6/19,101.647461,13102500
2019/6/20,102.207687,12177600
2019/6/21,101.955597,5145200
2019/6/24,101.852875,3653000
2019/6/25,101.479385,7007100
2019/6/26,101.404694,6831200
2019/6/27,101.656784,5814000
2019/6/28,101.722153,5855300
2019/7/1,101.702461,10600200
2019/7/2,101.899445,5780000
2019/7/3,102.255898,3978200
2019/7/5,101.880676,5289200
2019/7/8,101.711838,4085100
2019/7/9,101.580498,4523100
2019/7/10,101.871307,6118200
2019/7/11,101.674309,4667100
2019/7/12,101.758751,3592900
2019/7/15,101.899445,3129700
2019/7/16,101.664932,4909200
2019/7/17,101.627403,5479400
2019/7/18,101.608635,6579100
2019/7/19,101.411652,5629900
2019/7/22,101.749367,4838200
2019/7/23,101.936943,5709900
2019/7/24,102.002617,5781600
2019/7/25,101.927589,4941700
2019/7/26,102.15271,3971000
2019/7/29,102.021393,3816000
2019/7/30,102.040146,4544300
2019/7/31,101.861916,10981600
2019/8/1,101.869461,15406800
2019/8/2,101.671555,9089000
2019/8/5,100.55957,19279000
2019/8/6,101.181526,15650000
2019/8/7,101.200386,14264200
2019/8/8,101.50193,11012700
2019/8/9,101.39827,6687900
2019/8/12,101.134422,6897500
2019/8/13,101.483086,7768500
2019/8/14,100.606689,10585000
2019/8/15,100.96479,9296800
2019/8/16,101.285187,4894200
2019/8/19,101.624428,4666400
2019/8/20,101.671555,4262300
2019/8/21,102.114479,7248800
2019/8/22,102.312363,8238500
2019/8/23,101.794052,9870700
2019/8/26,102.312363,5369500
2019/8/27,102.293526,6549000
2019/8/28,102.547951,3719300
2019/8/29,102.651627,2459900
2019/8/30,102.538536,4576700
2019/9/3,102.231834,4806100
2019/9/4,102.468491,3710300
2019/9/5,102.837646,7313700
2019/9/6,103.017509,15031900
2019/9/9,103.131088,7462300
2019/9/10,103.083755,3811800
2019/9/11,103.083755,3245200
2019/9/12,103.121635,5860200
2019/9/13,102.951241,16885500
2019/9/16,103.282562,4934100
2019/9/17,103.358284,6307000
2019/9/18,103.320427,4754100
2019/9/19,103.197357,3125600
2019/9/20,103.320427,4897300
2019/9/23,103.282562,2188500
2019/9/24,103.168976,5588500
2019/9/25,103.102692,5018700
2019/9/26,103.017509,4073600
2019/9/27,102.875519,4463700
2019/9/30,102.932327,4780700
2019/10/1,102.69175,6937600
2019/10/2,102.121239,5958900
2019/10/3,102.064201,12886800
2019/10/4,102.396988,5191900
2019/10/7,102.349449,5163900
2019/10/8,101.940567,7689900
2019/10/9,102.140259,4931200
2019/10/10,102.396988,4791700
2019/10/11,102.76783,7404600
2019/10/14,102.881905,2788100
2019/10/15,103.053085,9449200
2019/10/16,103.024536,4046700
2019/10/17,103.129143,3308000
2019/10/18,103.138649,2324900
2019/10/21,103.195694,3322200
2019/10/22,103.224228,3766400
2019/10/23,103.319313,3211300
2019/10/24,103.404877,7003400
2019/10/25,103.509468,5441000
2019/10/28,103.585548,2961500
2019/10/29,103.357338,2886600
2019/10/30,103.224228,5095600
2019/10/31,102.872414,10742700
2019/11/1,103.37957,6939400
2019/11/4,103.541931,5326100
2019/11/5,103.455971,7222200
2019/11/6,103.29361,4547100
2019/11/7,103.274498,6431300
2019/11/8,103.341354,2706100
2019/11/11,103.255417,1778300
2019/11/12,103.29361,3315200
2019/11/13,103.179001,2929300
2019/11/14,103.112137,3280100
2019/11/15,103.33181,3145500
2019/11/18,103.236305,2035300
2019/11/19,102.902008,3677000
2019/11/20,102.739647,5564300
2019/11/21,102.739647,5716400
2019/11/22,103.073944,4277900
2019/11/25,103.360466,6408100
2019/11/26,103.522842,4894700
2019/11/27,103.675652,3474400
2019/11/29,103.475067,5548300
2019/12/2,103.388733,7956600
2019/12/3,103.302391,5832100
2019/12/4,103.628593,3382800
2019/12/5,103.724541,5643900
2019/12/6,103.868446,3434200
2019/12/9,103.887634,4112700
2019/12/10,104.156281,5871200
2019/12/11,104.386551,3168600
2019/12/12,104.645599,7141800
2019/12/13,104.741531,3485000
2019/12/16,104.981407,5543000
2019/12/17,105.298004,8310800
2019/12/18,105.489899,6949300
2019/12/19,105.489899,4793400
2019/12/20,105.301018,6365200
2019/12/23,105.358849,2285800
2019/12/24,105.445564,661400
2019/12/26,105.609367,1866100
2019/12/27,105.561211,1269100
2019/12/30,105.474464,4324700
2019/12/31,105.551559,4824800
2020/1/2,105.975548,5336600
2020/1/3,105.898445,4804500
2020/1/6,105.831001,4226400
2020/1/7,105.753914,3863800
2020/1/8,105.840622,5670300
2020/1/9,106.081535,2654600
2020/1/10,106.120079,4471300
2020/1/13,106.158623,4066500
2020/1/14,106.110435,5061000
2020/1/15,106.158623,4838400
2020/1/16,106.226074,3355600
2020/1/17,106.158623,4095800
2020/1/21,105.908096,4318100
2020/1/22,106.071899,3666500
2020/1/23,105.734642,6330100
2020/1/24,105.320297,11566600
2020/1/27,104.520523,9893700
2020/1/28,105.416664,9177800
2020/1/29,105.416664,5003900
2020/1/30,105.561211,11166700
2020/1/31,105.069778,9437300
2020/2/3,105.116226,9601000
2020/2/4,105.76461,9992800
2020/2/5,106.18074,9264000
2020/2/6,106.219452,6365400
2020/2/7,106.064606,7926900
2020/2/10,106.219452,6671000
2020/2/11,106.258171,8337600
2020/2/12,106.558167,5973200
2020/2/13,106.558167,8693500
2020/2/14,106.606544,6023100
2020/2/18,106.403313,5109800
2020/2/19,106.490417,4158300
2020/2/20,106.635582,6908900
2020/2/21,106.529121,7348100
2020/2/24,105.377502,16215100
2020/2/25,104.545242,23056400
2020/2/26,104.661385,21379800
2020/2/27,103.180733,24377900
2020/2/28,103.519447,27210800
2020/3/2,104.427513,18714200
2020/3/3,104.009445,21513400
2020/3/4,105.390015,12608900
2020/3/5,104.0289,15654200
2020/3/6,102.706657,15232300
2020/3/9,97.923279,17373000
2020/3/10,99.566353,17194300
2020/3/11,97.369095,14161300
2020/3/12,93.421829,12492500
2020/3/13,96.426033,11375500
2020/3/16,90.874588,9870500
2020/3/17,91.525978,12048600
2020/3/18,87.617599,6897400
2020/3/19,85.624527,8420300
2020/3/20,83.748116,5710000
2020/3/23,82.221703,5819300
2020/3/24,85.507858,11514100
2020/3/25,87.530106,10444500
2020/3/26,91.166252,11132400
2020/3/27,91.759308,26896200
2020/3/30,92.702377,7723300
2020/3/31,92.109314,6767400
2020/4/1,89.615181,6736400
2020/4/2,90.220886,6371800
2020/4/3,88.452621,7634900
2020/4/6,90.660522,7390300
2020/4/7,90.973145,7008800
2020/4/8,93.054031,6351500
2020/4/9,99.296715,14485200
2020/4/13,98.09507,9198600
2020/4/14,98.339302,10252400
2020/4/15,97.381889,10337200
2020/4/16,97.313515,5999400
2020/4/17,97.821518,7404700
2020/4/20,96.307266,8245700
2020/4/21,94.265434,14076900
2020/4/22,95.193535,5665800
2020/4/23,95.017693,9170700
2020/4/24,94.392448,6381600
2020/4/27,94.753906,4916200
2020/4/28,94.919998,4914800
2020/4/29,96.522179,6722900
2020/4/30,96.746887,10369500
2020/5/1,95.221718,7433900
2020/5/4,95.084229,5674800
2020/5/5,95.820786,7114900
2020/5/6,95.45742,6974500
2020/5/7,95.702942,4561200
2020/5/8,96.63591,8576000
2020/5/11,96.223442,3882900
2020/5/12,96.174332,8058700
2020/5/13,95.604729,8974300
2020/5/14,95.339569,9137400
2020/5/15,95.388672,8959500
2020/5/18,97.009094,8685200
2020/5/19,97.126945,9433000
2020/5/20,98.187584,9634500
2020/5/21,98.167938,9637800
2020/5/22,98.492027,6077200
2020/5/26,99.336594,7906600
2020/5/27,99.631226,6243100
2020/5/28,99.690155,12965000
2020/5/29,100.161545,10153400
2020/6/1,100.821648,10967300
2020/6/2,101.847832,9614800
2020/6/3,102.499046,11107700
2020/6/4,102.163582,5687500
2020/6/5,103.219345,6944000
2020/6/8,103.367355,8340100
2020/6/9,102.696396,14667200
2020/6/10,102.528656,9498600
2020/6/11,99.913887,10845600
2020/6/12,100.920326,12604500
2020/6/15,101.620888,11581200
2020/6/16,102.360909,12079900
2020/6/17,102.124115,7923900
2020/6/18,101.818237,6044600
2020/6/19,101.689957,6439300
2020/6/22,101.532089,8101200
2020/6/23,101.699821,4865100
2020/6/24,100.604576,11881900
2020/6/25,100.535507,12479500
2020/6/26,99.617882,6121200
2020/6/29,98.798904,36056100
2020/6/30,99.815216,11008300
2020/7/1,100.100784,9179400
2020/7/2,100.864311,11218200
2020/7/6,101.578255,7395500
2020/7/7,101.022964,5642000
2020/7/8,101.270859,5306900
2020/7/9,100.953552,7430800
2020/7/10,101.270859,5829900
2020/7/13,100.765152,6893800
2020/7/14,101.72699,9466600
2020/7/15,102.36161,5527000
2020/7/16,102.450851,8760200
2020/7/17,102.817741,4424800
2020/7/20,103.432526,3357900
2020/7/21,103.898567,6452400
2020/7/22,104.15638,5022900
2020/7/23,103.997726,7767700
2020/7/24,104.176216,8078100
2020/7/27,104.443947,3977900
2020/7/28,104.116714,4985800
2020/7/29,104.741417,4697000
2020/7/30,105.058731,19671800
2020/7/31,105.207458,9107600
2020/8/3,105.222404,6123900
2020/8/4,105.262245,6776200
2020/8/5,105.431557,5998700
2020/8/6,105.590904,6949600
2020/8/7,105.451469,6271500
2020/8/10,105.381752,3512100
2020/8/11,104.475441,9360000
2020/8/12,104.69455,5234500
2020/8/13,104.206528,7157100
2020/8/14,103.957542,5612700
2020/8/17,104.684593,3552400
2020/8/18,104.704506,4474900
2020/8/19,104.296173,7511000
2020/8/20,104.724434,5480300
2020/8/21,104.704506,3495600
2020/8/24,105.272202,5549300
2020/8/25,105.451469,6261700
2020/8/26,105.431557,5248000
2020/8/27,105.292122,6448000
2020/8/28,105.361839,4837400
2020/8/31,105.321999,4966900
2020/9/1,105.830002,6008900
2020/9/2,106.010002,5974800
2020/9/3,105.360001,9789000
2020/9/4,105.059998,8056800
2020/9/8,104.419998,9460900
2020/9/9,105.199997,6872700
2020/9/10,104.809998,11398300
2020/9/11,105.059998,7463700
2020/9/14,104.919998,4844500
2020/9/15,105.150002,3641700
2020/9/16,105.120003,4776100
2020/9/17,105.160004,7095000
2020/9/18,104.849998,5637200
2020/9/21,103.910004,11733000
2020/9/22,104.239998,11214900
2020/9/23,103.260002,10597900
