,JPYUSD CURNCY
1/1/2008,0.008957
1/2/2008,0.009119
1/3/2008,0.009148
1/4/2008,0.009209
1/7/2008,0.009159
1/8/2008,0.009183
1/9/2008,0.009087
1/10/2008,0.009146
1/11/2008,0.009188
1/14/2008,0.009245
1/15/2008,0.009365
1/16/2008,0.00929
1/17/2008,0.009385
1/18/2008,0.009357
1/21/2008,0.009437
1/22/2008,0.009395
1/23/2008,0.00937
1/24/2008,0.00933
1/25/2008,0.00937
1/28/2008,0.009355
1/29/2008,0.009336
1/30/2008,0.009409
1/31/2008,0.009395
2/1/2008,0.009388
2/4/2008,0.009371
2/5/2008,0.009362
2/6/2008,0.009387
2/7/2008,0.009304
2/8/2008,0.009317
2/11/2008,0.009349
2/12/2008,0.009319
2/13/2008,0.00923
2/14/2008,0.00927
2/15/2008,0.009275
2/18/2008,0.00924
2/19/2008,0.009278
2/20/2008,0.009249
2/21/2008,0.009311
2/22/2008,0.009332
2/25/2008,0.009254
2/26/2008,0.009321
2/27/2008,0.009391
2/28/2008,0.00949
2/29/2008,0.00964
3/3/2008,0.009663
3/4/2008,0.009674
3/5/2008,0.009614
3/6/2008,0.00974
3/7/2008,0.00974
3/10/2008,0.009828
3/11/2008,0.009669
3/12/2008,0.009822
3/13/2008,0.009936
3/14/2008,0.010094
3/17/2008,0.010273
3/18/2008,0.010015
3/19/2008,0.010095
3/20/2008,0.010049
3/21/2008,0.010042
3/24/2008,0.009926
3/25/2008,0.010001
3/26/2008,0.010084
3/27/2008,0.010036
3/28/2008,0.010079
3/31/2008,0.010031
4/1/2008,0.009818
4/2/2008,0.009768
4/3/2008,0.009779
4/4/2008,0.009855
4/7/2008,0.009766
4/8/2008,0.009741
4/9/2008,0.009823
4/10/2008,0.009809
4/11/2008,0.009905
4/14/2008,0.009892
4/15/2008,0.00982
4/16/2008,0.00982
4/17/2008,0.009758
4/18/2008,0.009645
4/21/2008,0.009683
4/22/2008,0.009706
4/23/2008,0.009673
4/24/2008,0.009593
4/25/2008,0.009576
4/28/2008,0.009598
4/29/2008,0.009614
4/30/2008,0.009624
5/1/2008,0.009576
5/2/2008,0.009488
5/5/2008,0.009537
5/6/2008,0.009544
5/7/2008,0.009548
5/8/2008,0.009639
5/9/2008,0.009721
5/12/2008,0.009638
5/13/2008,0.009546
5/14/2008,0.009519
5/15/2008,0.009547
5/16/2008,0.00961
5/19/2008,0.009585
5/20/2008,0.009645
5/21/2008,0.009704
5/22/2008,0.009608
5/23/2008,0.009673
5/26/2008,0.009668
5/27/2008,0.009594
5/28/2008,0.009552
5/29/2008,0.009478
5/30/2008,0.009477
6/2/2008,0.009576
6/3/2008,0.009515
6/4/2008,0.009504
6/5/2008,0.009438
6/6/2008,0.009531
6/9/2008,0.009406
6/10/2008,0.009308
6/11/2008,0.009349
6/12/2008,0.009263
6/13/2008,0.009243
6/16/2008,0.009241
6/17/2008,0.009265
6/18/2008,0.00927
6/19/2008,0.009259
6/20/2008,0.009317
6/23/2008,0.009272
6/24/2008,0.009275
6/25/2008,0.009276
6/26/2008,0.009362
6/27/2008,0.009422
6/30/2008,0.009415
7/1/2008,0.009423
7/2/2008,0.009444
7/3/2008,0.00937
7/4/2008,0.009364
7/7/2008,0.00933
7/8/2008,0.009302
7/9/2008,0.009367
7/10/2008,0.009339
7/11/2008,0.00941
7/14/2008,0.009421
7/15/2008,0.009549
7/16/2008,0.009512
7/17/2008,0.00941
7/18/2008,0.009348
7/21/2008,0.009394
7/22/2008,0.009317
7/23/2008,0.009268
7/24/2008,0.009317
7/25/2008,0.009273
7/28/2008,0.009306
7/29/2008,0.00925
7/30/2008,0.009248
7/31/2008,0.009268
8/1/2008,0.009284
8/4/2008,0.009236
8/5/2008,0.00923
8/6/2008,0.009107
8/7/2008,0.009137
8/8/2008,0.009076
8/11/2008,0.009086
8/12/2008,0.009151
8/13/2008,0.009129
8/14/2008,0.009113
8/15/2008,0.009049
8/18/2008,0.00908
8/19/2008,0.009114
8/20/2008,0.009102
8/21/2008,0.009221
8/22/2008,0.009082
8/25/2008,0.009148
8/26/2008,0.009124
8/27/2008,0.009132
8/28/2008,0.009132
8/29/2008,0.009192
9/1/2008,0.009247
9/2/2008,0.009207
9/3/2008,0.009234
9/4/2008,0.009338
9/5/2008,0.009282
9/8/2008,0.009238
9/9/2008,0.009362
9/10/2008,0.009284
9/11/2008,0.009334
9/12/2008,0.009264
9/15/2008,0.009555
9/16/2008,0.009466
9/17/2008,0.009557
9/18/2008,0.009484
9/19/2008,0.009306
9/22/2008,0.009478
9/23/2008,0.009473
9/24/2008,0.009424
9/25/2008,0.009385
9/26/2008,0.009432
9/29/2008,0.009599
9/30/2008,0.009424
10/1/2008,0.009459
10/2/2008,0.009494
10/3/2008,0.009495
10/6/2008,0.009821
10/7/2008,0.009854
10/8/2008,0.010085
10/9/2008,0.010018
10/10/2008,0.009933
10/13/2008,0.009802
10/14/2008,0.009797
10/15/2008,0.010004
10/16/2008,0.009845
10/17/2008,0.009833
10/20/2008,0.009817
10/21/2008,0.009985
10/22/2008,0.010239
10/23/2008,0.010277
10/24/2008,0.010607
10/27/2008,0.010775
10/28/2008,0.010201
10/29/2008,0.010269
10/30/2008,0.010145
10/31/2008,0.010156
11/3/2008,0.010089
11/4/2008,0.010029
11/5/2008,0.010211
11/6/2008,0.01023
11/7/2008,0.010179
11/10/2008,0.010203
11/11/2008,0.010239
11/12/2008,0.010524
11/13/2008,0.010237
11/14/2008,0.010294
11/17/2008,0.01037
11/18/2008,0.010307
11/19/2008,0.010448
11/20/2008,0.01067
11/21/2008,0.010423
11/24/2008,0.010273
11/25/2008,0.010501
11/26/2008,0.010453
11/27/2008,0.010503
11/28/2008,0.010468
12/1/2008,0.010729
12/2/2008,0.010732
12/3/2008,0.010719
12/4/2008,0.01084
12/5/2008,0.010764
12/8/2008,0.010774
12/9/2008,0.010855
12/10/2008,0.01078
12/11/2008,0.010939
12/12/2008,0.010964
12/15/2008,0.011031
12/16/2008,0.011229
12/17/2008,0.011464
12/18/2008,0.011185
12/19/2008,0.011196
12/22/2008,0.011078
12/23/2008,0.010991
12/24/2008,0.011055
12/25/2008,0.011064
12/26/2008,0.01101
12/29/2008,0.011028
12/30/2008,0.011071
12/31/2008,0.011021
1/1/2009,0.011029
1/2/2009,0.01089
1/5/2009,0.010708
1/6/2009,0.010677
1/7/2009,0.010792
1/8/2009,0.010965
1/9/2009,0.011066
1/12/2009,0.011208
1/13/2009,0.011188
1/14/2009,0.011229
1/15/2009,0.011132
1/16/2009,0.011027
1/19/2009,0.011032
1/20/2009,0.01114
1/21/2009,0.011176
1/22/2009,0.011246
1/23/2009,0.011268
1/26/2009,0.011224
1/27/2009,0.01124
1/28/2009,0.011072
1/29/2009,0.01111
1/30/2009,0.011115
2/2/2009,0.011179
2/3/2009,0.011181
2/4/2009,0.011182
2/5/2009,0.010964
2/6/2009,0.010881
2/9/2009,0.010934
2/10/2009,0.011052
2/11/2009,0.011062
2/12/2009,0.010995
2/13/2009,0.010886
2/16/2009,0.010902
2/17/2009,0.010822
2/18/2009,0.010662
2/19/2009,0.010617
2/20/2009,0.010712
2/23/2009,0.01057
2/24/2009,0.010346
2/25/2009,0.010267
2/26/2009,0.010151
2/27/2009,0.010248
3/2/2009,0.010262
3/3/2009,0.010188
3/4/2009,0.010085
3/5/2009,0.010195
3/6/2009,0.010177
3/9/2009,0.010117
3/10/2009,0.010135
3/11/2009,0.01028
3/12/2009,0.010233
3/13/2009,0.010205
3/16/2009,0.010185
3/17/2009,0.010141
3/18/2009,0.010393
3/19/2009,0.010578
3/20/2009,0.01042
3/23/2009,0.010314
3/24/2009,0.010219
3/25/2009,0.010253
3/26/2009,0.01013
3/27/2009,0.010219
3/30/2009,0.010282
3/31/2009,0.010104
4/1/2009,0.010149
4/2/2009,0.010048
4/3/2009,0.009968
4/6/2009,0.009902
4/7/2009,0.009958
4/8/2009,0.010024
4/9/2009,0.009959
4/10/2009,0.009978
4/13/2009,0.00999
4/14/2009,0.010103
4/15/2009,0.010064
4/16/2009,0.010071
4/17/2009,0.010085
4/20/2009,0.010215
4/21/2009,0.010128
4/22/2009,0.010203
4/23/2009,0.010207
4/24/2009,0.010292
4/27/2009,0.010334
4/28/2009,0.010369
4/29/2009,0.010239
4/30/2009,0.010139
5/1/2009,0.01009
5/4/2009,0.010122
5/5/2009,0.010114
5/6/2009,0.010171
5/7/2009,0.010089
5/8/2009,0.010155
5/11/2009,0.010258
5/12/2009,0.010368
5/13/2009,0.010494
5/14/2009,0.010438
5/15/2009,0.010503
5/18/2009,0.010383
5/19/2009,0.01042
5/20/2009,0.010539
5/21/2009,0.010591
5/22/2009,0.010551
5/25/2009,0.010544
5/26/2009,0.010523
5/27/2009,0.010489
5/28/2009,0.010326
5/29/2009,0.01049
6/1/2009,0.010352
6/2/2009,0.010444
6/3/2009,0.010418
6/4/2009,0.010354
6/5/2009,0.01014
6/8/2009,0.010153
6/9/2009,0.010268
6/10/2009,0.010191
6/11/2009,0.010243
6/12/2009,0.01016
6/15/2009,0.01022
6/16/2009,0.010375
6/17/2009,0.010443
6/18/2009,0.010358
6/19/2009,0.010387
6/22/2009,0.010431
6/23/2009,0.010502
6/24/2009,0.010455
6/25/2009,0.010422
6/26/2009,0.010503
6/29/2009,0.01041
6/30/2009,0.010377
7/1/2009,0.010346
7/2/2009,0.010423
7/3/2009,0.010422
7/6/2009,0.010488
7/7/2009,0.010539
7/8/2009,0.010766
7/9/2009,0.010753
7/10/2009,0.010804
7/13/2009,0.010765
7/14/2009,0.010694
7/15/2009,0.010611
7/16/2009,0.010647
7/17/2009,0.010613
7/20/2009,0.010615
7/21/2009,0.010667
7/22/2009,0.010679
7/23/2009,0.010529
7/24/2009,0.010542
7/27/2009,0.010508
7/28/2009,0.010577
7/29/2009,0.010527
7/30/2009,0.010465
7/31/2009,0.010562
8/3/2009,0.010496
8/4/2009,0.010501
8/5/2009,0.01053
8/6/2009,0.010476
8/7/2009,0.010252
8/10/2009,0.010293
8/11/2009,0.010416
8/12/2009,0.010411
8/13/2009,0.01048
8/14/2009,0.010532
8/17/2009,0.01058
8/18/2009,0.010562
8/19/2009,0.010629
8/20/2009,0.010617
8/21/2009,0.010594
8/24/2009,0.010576
8/25/2009,0.010618
8/26/2009,0.010609
8/27/2009,0.010693
8/28/2009,0.010684
8/31/2009,0.010738
9/1/2009,0.010761
9/2/2009,0.010844
9/3/2009,0.010795
9/4/2009,0.010751
9/7/2009,0.010746
9/8/2009,0.01083
9/9/2009,0.010866
9/10/2009,0.010901
9/11/2009,0.011027
9/14/2009,0.010997
9/15/2009,0.010981
9/16/2009,0.010998
9/17/2009,0.01098
9/18/2009,0.010953
9/21/2009,0.010877
9/22/2009,0.010977
9/23/2009,0.010955
9/24/2009,0.010957
9/25/2009,0.011157
9/28/2009,0.011158
9/29/2009,0.011099
9/30/2009,0.01115
10/1/2009,0.011162
10/2/2009,0.011135
10/5/2009,0.01117
10/6/2009,0.011258
10/7/2009,0.011284
10/8/2009,0.011313
10/9/2009,0.011139
10/12/2009,0.011133
10/13/2009,0.011145
10/14/2009,0.01118
10/15/2009,0.011042
10/16/2009,0.011
10/19/2009,0.011042
10/20/2009,0.011016
10/21/2009,0.01099
10/22/2009,0.010954
10/23/2009,0.010862
10/26/2009,0.010847
10/27/2009,0.010894
10/28/2009,0.011022
10/29/2009,0.010938
10/30/2009,0.011099
11/2/2009,0.011082
11/3/2009,0.01107
11/4/2009,0.01102
11/5/2009,0.011022
11/6/2009,0.011127
11/9/2009,0.011116
11/10/2009,0.011134
11/11/2009,0.01113
11/12/2009,0.011065
11/13/2009,0.011152
11/16/2009,0.011229
11/17/2009,0.011203
11/18/2009,0.011195
11/19/2009,0.011238
11/20/2009,0.011253
11/23/2009,0.01124
11/24/2009,0.011298
11/25/2009,0.011448
11/26/2009,0.01155
11/27/2009,0.011564
11/30/2009,0.011574
12/1/2009,0.011534
12/2/2009,0.011444
12/3/2009,0.011329
12/4/2009,0.011045
12/7/2009,0.011172
12/8/2009,0.011306
12/9/2009,0.01138
12/10/2009,0.011337
12/11/2009,0.011228
12/14/2009,0.011284
12/15/2009,0.011159
12/16/2009,0.01114
12/17/2009,0.011115
12/18/2009,0.011058
12/21/2009,0.010966
12/22/2009,0.010889
12/23/2009,0.010912
12/24/2009,0.010924
12/25/2009,0.010977
12/28/2009,0.010914
12/29/2009,0.01087
12/30/2009,0.010818
12/31/2009,0.010753
1/1/2010,0.010749
1/4/2010,0.010809
1/5/2010,0.010905
1/6/2010,0.010832
1/7/2010,0.010713
1/8/2010,0.01079
1/11/2010,0.010859
1/12/2010,0.010991
1/13/2010,0.010944
1/14/2010,0.010965
1/15/2010,0.011015
1/18/2010,0.011016
1/19/2010,0.010972
1/20/2010,0.010959
1/21/2010,0.011057
1/22/2010,0.011132
1/25/2010,0.011077
1/26/2010,0.011154
1/27/2010,0.011113
1/28/2010,0.011121
1/29/2010,0.011078
2/1/2010,0.011036
2/2/2010,0.011064
2/3/2010,0.010992
2/4/2010,0.011228
2/5/2010,0.011206
2/8/2010,0.011204
2/9/2010,0.011149
2/10/2010,0.011118
2/11/2010,0.011141
2/12/2010,0.011115
2/15/2010,0.01111
2/16/2010,0.011094
2/17/2010,0.010958
2/18/2010,0.010896
2/19/2010,0.010927
2/22/2010,0.010972
2/23/2010,0.011085
2/24/2010,0.011093
2/25/2010,0.011224
2/26/2010,0.011246
3/1/2010,0.011219
3/2/2010,0.011255
3/3/2010,0.011305
3/4/2010,0.011231
3/5/2010,0.011075
3/8/2010,0.011073
3/9/2010,0.011115
3/10/2010,0.011046
3/11/2010,0.011049
3/12/2010,0.011043
3/15/2010,0.011046
3/16/2010,0.011073
3/17/2010,0.011074
3/18/2010,0.011064
3/19/2010,0.011043
3/22/2010,0.011094
3/23/2010,0.011062
3/24/2010,0.010834
3/25/2010,0.010784
3/26/2010,0.010808
3/29/2010,0.010815
3/30/2010,0.010778
3/31/2010,0.0107
4/1/2010,0.010658
4/2/2010,0.010569
4/5/2010,0.010597
4/6/2010,0.010662
4/7/2010,0.010714
4/8/2010,0.01071
4/9/2010,0.010732
4/12/2010,0.010725
4/13/2010,0.01073
4/14/2010,0.010726
4/15/2010,0.010749
4/16/2010,0.010852
4/19/2010,0.010822
4/20/2010,0.010727
4/21/2010,0.010732
4/22/2010,0.010697
4/23/2010,0.010642
4/26/2010,0.010642
4/27/2010,0.010722
4/28/2010,0.010635
4/29/2010,0.010634
4/30/2010,0.010654
5/3/2010,0.010578
5/4/2010,0.010578
5/5/2010,0.010659
5/6/2010,0.011044
5/7/2010,0.010919
5/10/2010,0.010719
5/11/2010,0.010793
5/12/2010,0.010727
5/13/2010,0.010782
5/14/2010,0.010813
5/17/2010,0.0108
5/18/2010,0.010842
5/19/2010,0.010906
5/20/2010,0.01115
5/21/2010,0.011104
5/24/2010,0.011075
5/25/2010,0.011082
5/26/2010,0.011122
5/27/2010,0.010982
5/28/2010,0.010981
5/31/2010,0.010957
6/1/2010,0.010993
6/2/2010,0.010854
6/3/2010,0.010786
6/4/2010,0.010881
6/7/2010,0.010944
6/8/2010,0.010934
6/9/2010,0.010954
6/10/2010,0.010946
6/11/2010,0.010911
6/14/2010,0.010919
6/15/2010,0.010936
6/16/2010,0.010936
6/17/2010,0.010989
6/18/2010,0.011026
6/21/2010,0.010976
6/22/2010,0.011041
6/23/2010,0.011134
6/24/2010,0.011161
6/25/2010,0.011206
6/28/2010,0.011189
6/29/2010,0.011288
6/30/2010,0.011308
7/1/2010,0.011414
7/2/2010,0.011395
7/5/2010,0.011393
7/6/2010,0.011426
7/7/2010,0.011402
7/8/2010,0.011319
7/9/2010,0.011285
7/12/2010,0.011284
7/13/2010,0.01127
7/14/2010,0.011313
7/15/2010,0.011443
7/16/2010,0.01155
7/19/2010,0.011535
7/20/2010,0.011428
7/21/2010,0.011488
7/22/2010,0.011501
7/23/2010,0.011435
7/26/2010,0.01151
7/27/2010,0.011375
7/28/2010,0.011433
7/29/2010,0.011522
7/30/2010,0.011568
8/2/2010,0.011561
8/3/2010,0.011658
8/4/2010,0.011591
8/5/2010,0.011649
8/6/2010,0.011695
8/9/2010,0.011637
8/10/2010,0.011704
8/11/2010,0.01172
8/12/2010,0.011642
8/13/2010,0.011601
8/16/2010,0.011719
8/17/2010,0.011693
8/18/2010,0.011702
8/19/2010,0.011711
8/20/2010,0.01168
8/23/2010,0.011743
8/24/2010,0.01191
8/25/2010,0.011825
8/26/2010,0.01184
8/27/2010,0.011732
8/30/2010,0.011818
8/31/2010,0.011878
9/1/2010,0.011843
9/2/2010,0.011864
9/3/2010,0.011855
9/6/2010,0.011876
9/7/2010,0.011928
9/8/2010,0.011922
9/9/2010,0.011937
9/10/2010,0.011882
9/13/2010,0.011947
9/14/2010,0.012043
9/15/2010,0.011663
9/16/2010,0.011657
9/17/2010,0.011648
9/20/2010,0.01167
9/21/2010,0.011752
9/22/2010,0.011835
9/23/2010,0.01185
9/24/2010,0.011873
9/27/2010,0.011864
9/28/2010,0.011922
9/29/2010,0.011946
9/30/2010,0.011973
10/1/2010,0.012017
10/4/2010,0.011996
10/5/2010,0.012016
10/6/2010,0.012058
10/7/2010,0.012135
10/8/2010,0.012207
10/11/2010,0.012185
10/12/2010,0.012237
10/13/2010,0.012224
10/14/2010,0.012273
10/15/2010,0.012274
10/18/2010,0.012304
10/19/2010,0.012258
10/20/2010,0.012332
10/21/2010,0.012296
10/22/2010,0.012289
10/25/2010,0.012374
10/26/2010,0.01228
10/27/2010,0.012231
10/28/2010,0.012343
10/29/2010,0.012438
11/1/2010,0.012422
11/2/2010,0.012403
11/3/2010,0.012332
11/4/2010,0.012384
11/5/2010,0.012303
11/8/2010,0.012319
11/9/2010,0.012242
11/10/2010,0.012155
11/11/2010,0.012123
11/12/2010,0.012117
11/15/2010,0.012035
11/16/2010,0.012003
11/17/2010,0.012021
11/18/2010,0.011973
11/19/2010,0.011969
11/22/2010,0.012
11/23/2010,0.012025
11/24/2010,0.011972
11/25/2010,0.011962
11/26/2010,0.011891
11/29/2010,0.011869
11/30/2010,0.01195
12/1/2010,0.011877
12/2/2010,0.011931
12/3/2010,0.012116
12/6/2010,0.012099
12/7/2010,0.011977
12/8/2010,0.011899
12/9/2010,0.011942
12/10/2010,0.011913
12/13/2010,0.011992
12/14/2010,0.011953
12/15/2010,0.011869
12/16/2010,0.011916
12/17/2010,0.011905
12/20/2010,0.011937
12/21/2010,0.011941
12/22/2010,0.011966
12/23/2010,0.01206
12/24/2010,0.012064
12/27/2010,0.012076
12/28/2010,0.012138
12/29/2010,0.012253
12/30/2010,0.012266
12/31/2010,0.012323
1/3/2011,0.012235
1/4/2011,0.012186
1/5/2011,0.012012
1/6/2011,0.012
1/7/2011,0.012029
1/10/2011,0.012091
1/11/2011,0.012013
1/12/2011,0.012049
1/13/2011,0.012076
1/14/2011,0.012068
1/17/2011,0.012095
1/18/2011,0.012106
1/19/2011,0.012192
1/20/2011,0.012048
1/21/2011,0.012112
1/24/2011,0.012117
1/25/2011,0.012157
1/26/2011,0.01217
1/27/2011,0.01206
1/28/2011,0.012177
1/31/2011,0.012189
2/1/2011,0.012292
2/2/2011,0.012262
2/3/2011,0.012251
2/4/2011,0.012168
2/7/2011,0.012147
2/8/2011,0.012141
2/9/2011,0.012142
2/10/2011,0.012015
2/11/2011,0.011986
2/14/2011,0.012001
2/15/2011,0.011937
2/16/2011,0.01195
2/17/2011,0.012003
2/18/2011,0.012021
2/21/2011,0.012027
2/22/2011,0.01208
2/23/2011,0.012121
2/24/2011,0.012211
2/25/2011,0.012244
2/28/2011,0.012228
3/1/2011,0.012217
3/2/2011,0.012216
3/3/2011,0.012129
3/4/2011,0.012148
3/7/2011,0.01216
3/8/2011,0.012097
3/9/2011,0.012086
3/10/2011,0.012051
3/11/2011,0.012219
3/14/2011,0.01225
3/15/2011,0.012388
3/16/2011,0.012561
3/17/2011,0.012675
3/18/2011,0.012406
3/21/2011,0.012342
3/22/2011,0.012352
3/23/2011,0.012359
3/24/2011,0.012349
3/25/2011,0.012295
3/28/2011,0.012241
3/29/2011,0.012124
3/30/2011,0.012064
3/31/2011,0.012029
4/1/2011,0.011897
4/4/2011,0.011897
4/5/2011,0.011783
4/6/2011,0.011697
4/7/2011,0.011776
4/8/2011,0.011798
4/11/2011,0.011821
4/12/2011,0.011965
4/13/2011,0.011928
4/14/2011,0.011977
4/15/2011,0.012031
4/18/2011,0.012099
4/19/2011,0.012109
4/20/2011,0.012113
4/21/2011,0.012217
4/22/2011,0.012214
4/25/2011,0.012221
4/26/2011,0.012262
4/27/2011,0.012172
4/28/2011,0.012266
4/29/2011,0.012313
5/2/2011,0.01231
5/3/2011,0.012356
5/4/2011,0.012404
5/5/2011,0.012491
5/6/2011,0.012402
5/9/2011,0.012445
5/10/2011,0.012363
5/11/2011,0.012338
5/12/2011,0.012355
5/13/2011,0.012376
5/16/2011,0.012377
5/17/2011,0.012283
5/18/2011,0.012243
5/19/2011,0.012254
5/20/2011,0.012238
5/23/2011,0.012195
5/24/2011,0.012202
5/25/2011,0.012199
5/26/2011,0.012301
5/27/2011,0.012375
5/30/2011,0.012355
5/31/2011,0.012266
6/1/2011,0.012354
6/2/2011,0.012362
6/3/2011,0.012456
6/6/2011,0.012484
6/7/2011,0.012484
6/8/2011,0.012517
6/9/2011,0.012443
6/10/2011,0.01245
6/13/2011,0.012462
6/14/2011,0.012424
6/15/2011,0.012352
6/16/2011,0.012398
6/17/2011,0.012492
6/20/2011,0.01246
6/21/2011,0.012468
6/22/2011,0.012454
6/23/2011,0.01242
6/24/2011,0.012436
6/27/2011,0.012362
6/28/2011,0.012327
6/29/2011,0.01238
6/30/2011,0.012413
7/1/2011,0.012371
7/4/2011,0.012376
7/5/2011,0.012335
7/6/2011,0.012359
7/7/2011,0.012309
7/8/2011,0.012397
7/11/2011,0.01246
7/12/2011,0.012618
7/13/2011,0.012659
7/14/2011,0.012636
7/15/2011,0.012639
7/18/2011,0.012652
7/19/2011,0.012629
7/20/2011,0.012694
7/21/2011,0.012771
7/22/2011,0.012733
7/25/2011,0.012774
7/26/2011,0.01284
7/27/2011,0.012824
7/28/2011,0.012874
7/29/2011,0.013027
8/1/2011,0.012953
8/2/2011,0.012961
8/3/2011,0.012976
8/4/2011,0.012678
8/5/2011,0.012752
8/8/2011,0.012859
8/9/2011,0.012995
8/10/2011,0.013009
8/11/2011,0.013015
8/12/2011,0.013039
8/15/2011,0.013014
8/16/2011,0.013022
8/17/2011,0.013055
8/18/2011,0.013058
8/19/2011,0.013065
8/22/2011,0.013021
8/23/2011,0.013047
8/24/2011,0.01299
8/25/2011,0.012909
8/26/2011,0.013043
8/29/2011,0.013015
8/30/2011,0.013032
8/31/2011,0.013045
9/1/2011,0.013002
9/2/2011,0.013019
9/5/2011,0.013005
9/6/2011,0.012877
9/7/2011,0.012946
9/8/2011,0.012902
9/9/2011,0.01289
9/12/2011,0.012951
9/13/2011,0.012997
9/14/2011,0.013049
9/15/2011,0.013037
9/16/2011,0.013022
9/19/2011,0.013057
9/20/2011,0.01308
9/21/2011,0.01308
9/22/2011,0.013117
9/23/2011,0.013063
9/26/2011,0.013096
9/27/2011,0.013019
9/28/2011,0.013053
9/29/2011,0.013014
9/30/2011,0.012983
10/3/2011,0.01305
10/4/2011,0.01302
10/5/2011,0.013022
10/6/2011,0.013034
10/7/2011,0.013029
10/10/2011,0.013042
10/11/2011,0.013047
10/12/2011,0.012943
10/13/2011,0.013004
10/14/2011,0.012952
10/17/2011,0.013017
10/18/2011,0.013018
10/19/2011,0.013019
10/20/2011,0.013022
10/21/2011,0.013113
10/24/2011,0.013142
10/25/2011,0.01314
10/26/2011,0.013131
10/27/2011,0.013167
10/28/2011,0.013188
10/31/2011,0.012793
11/1/2011,0.012758
11/2/2011,0.012813
11/3/2011,0.012811
11/4/2011,0.012781
11/7/2011,0.012811
11/8/2011,0.012865
11/9/2011,0.012851
11/10/2011,0.012878
11/11/2011,0.012966
11/14/2011,0.012976
11/15/2011,0.012982
11/16/2011,0.012977
11/17/2011,0.01299
11/18/2011,0.013002
11/21/2011,0.013006
11/22/2011,0.012992
11/23/2011,0.012935
11/24/2011,0.012968
11/25/2011,0.012863
11/28/2011,0.012822
11/29/2011,0.012832
11/30/2011,0.012884
12/1/2011,0.01287
12/2/2011,0.012824
12/5/2011,0.012851
12/6/2011,0.012864
12/7/2011,0.012873
12/8/2011,0.01288
12/9/2011,0.012884
12/12/2011,0.012834
12/13/2011,0.01282
12/14/2011,0.012808
12/15/2011,0.012844
12/16/2011,0.012856
12/19/2011,0.012813
12/20/2011,0.012839
12/21/2011,0.012811
12/22/2011,0.012793
12/23/2011,0.012807
12/26/2011,0.012824
12/27/2011,0.01284
12/28/2011,0.012829
12/29/2011,0.01288
12/30/2011,0.013001
1/2/2012,0.013004
1/3/2012,0.013031
1/4/2012,0.013032
1/5/2012,0.012968
1/6/2012,0.012993
1/9/2012,0.013014
1/10/2012,0.013013
1/11/2012,0.013011
1/12/2012,0.013028
1/13/2012,0.012993
1/16/2012,0.013022
1/17/2012,0.013016
1/18/2012,0.013017
1/19/2012,0.012969
1/20/2012,0.012981
1/23/2012,0.012983
1/24/2012,0.012875
1/25/2012,0.012856
1/26/2012,0.012911
1/27/2012,0.013036
1/30/2012,0.013099
1/31/2012,0.013112
2/1/2012,0.01312
2/2/2012,0.01312
2/3/2012,0.013054
2/6/2012,0.013062
2/7/2012,0.013027
2/8/2012,0.01298
2/9/2012,0.012877
2/10/2012,0.012882
2/13/2012,0.012891
2/14/2012,0.012749
2/15/2012,0.01275
2/16/2012,0.012669
2/17/2012,0.012569
2/20/2012,0.012558
2/21/2012,0.01254
2/22/2012,0.012456
2/23/2012,0.0125
2/24/2012,0.012315
2/27/2012,0.012405
2/28/2012,0.012429
2/29/2012,0.012323
3/1/2012,0.01233
3/2/2012,0.012224
3/5/2012,0.012261
3/6/2012,0.012362
3/7/2012,0.012332
3/8/2012,0.012262
3/9/2012,0.012126
3/12/2012,0.012161
3/13/2012,0.012056
3/14/2012,0.011942
3/15/2012,0.011967
3/16/2012,0.011985
3/19/2012,0.011998
3/20/2012,0.011945
3/21/2012,0.011989
3/22/2012,0.012116
3/23/2012,0.012144
3/26/2012,0.012074
3/27/2012,0.012023
3/28/2012,0.012064
3/29/2012,0.012128
3/30/2012,0.012068
4/2/2012,0.012184
4/3/2012,0.012077
4/4/2012,0.012128
4/5/2012,0.012141
4/6/2012,0.012251
4/9/2012,0.012272
4/10/2012,0.012396
4/11/2012,0.012367
4/12/2012,0.012363
4/13/2012,0.012358
4/16/2012,0.012436
4/17/2012,0.01237
4/18/2012,0.012307
4/19/2012,0.012256
4/20/2012,0.012264
4/23/2012,0.012317
4/24/2012,0.012298
4/25/2012,0.012294
4/26/2012,0.012347
4/27/2012,0.012459
4/30/2012,0.012527
5/1/2012,0.012485
5/2/2012,0.012478
5/3/2012,0.012471
5/4/2012,0.012523
5/7/2012,0.012516
5/8/2012,0.01252
5/9/2012,0.012557
5/10/2012,0.012511
5/11/2012,0.012509
5/14/2012,0.012523
5/15/2012,0.012471
5/16/2012,0.012449
5/17/2012,0.012613
5/18/2012,0.012657
5/21/2012,0.01261
5/22/2012,0.012506
5/23/2012,0.012581
5/24/2012,0.012564
5/25/2012,0.01255
5/28/2012,0.012583
5/29/2012,0.012579
5/30/2012,0.012647
5/31/2012,0.012769
6/1/2012,0.01282
6/4/2012,0.012761
6/5/2012,0.012698
6/6/2012,0.012629
6/7/2012,0.012559
6/8/2012,0.012582
6/11/2012,0.012588
6/12/2012,0.012577
6/13/2012,0.012582
6/14/2012,0.012603
6/15/2012,0.012704
6/18/2012,0.01264
6/19/2012,0.012667
6/20/2012,0.012571
6/21/2012,0.012456
6/22/2012,0.012434
6/25/2012,0.012552
6/26/2012,0.012577
6/27/2012,0.012542
6/28/2012,0.012585
6/29/2012,0.01253
7/2/2012,0.012576
7/3/2012,0.012532
7/4/2012,0.01252
7/5/2012,0.012513
7/6/2012,0.012553
7/9/2012,0.012569
7/10/2012,0.01259
7/11/2012,0.012538
7/12/2012,0.012609
7/13/2012,0.012624
7/16/2012,0.012682
7/17/2012,0.012648
7/18/2012,0.01269
7/19/2012,0.012725
7/20/2012,0.012743
7/23/2012,0.012757
7/24/2012,0.01279
7/25/2012,0.012797
7/26/2012,0.012782
7/27/2012,0.012748
7/30/2012,0.012793
7/31/2012,0.012801
8/1/2012,0.012748
8/2/2012,0.012783
8/3/2012,0.012746
8/6/2012,0.01278
8/7/2012,0.012723
8/8/2012,0.01275
8/9/2012,0.012729
8/10/2012,0.012775
8/13/2012,0.01277
8/14/2012,0.012701
8/15/2012,0.012661
8/16/2012,0.012604
8/17/2012,0.012569
8/20/2012,0.01259
8/21/2012,0.012613
8/22/2012,0.012726
8/23/2012,0.01274
8/24/2012,0.012716
8/27/2012,0.012698
8/28/2012,0.012737
8/29/2012,0.012705
8/30/2012,0.012719
8/31/2012,0.012757
9/3/2012,0.012778
9/4/2012,0.012754
9/5/2012,0.012756
9/6/2012,0.01268
9/7/2012,0.012783
9/10/2012,0.012775
9/11/2012,0.012858
9/12/2012,0.012844
9/13/2012,0.012904
9/14/2012,0.012755
9/17/2012,0.012705
9/18/2012,0.012687
9/19/2012,0.012759
9/20/2012,0.012782
9/21/2012,0.012796
9/24/2012,0.012845
9/25/2012,0.012854
9/26/2012,0.012863
9/27/2012,0.012886
9/28/2012,0.01283
10/1/2012,0.012821
10/2/2012,0.012795
10/3/2012,0.012741
10/4/2012,0.012742
10/5/2012,0.012712
10/8/2012,0.012766
10/9/2012,0.012779
10/10/2012,0.01279
10/11/2012,0.012765
10/12/2012,0.012749
10/15/2012,0.012715
10/16/2012,0.012677
10/17/2012,0.012668
10/18/2012,0.012615
10/19/2012,0.01261
10/22/2012,0.012509
10/23/2012,0.012523
10/24/2012,0.012529
10/25/2012,0.012453
10/26/2012,0.012556
10/29/2012,0.012532
10/30/2012,0.012559
10/31/2012,0.012533
11/1/2012,0.012479
11/2/2012,0.012432
11/5/2012,0.012455
11/6/2012,0.012445
11/7/2012,0.0125
11/8/2012,0.012582
11/9/2012,0.012582
11/12/2012,0.012578
11/13/2012,0.012598
11/14/2012,0.01246
11/15/2012,0.01232
11/16/2012,0.0123
11/19/2012,0.012284
11/20/2012,0.012243
11/21/2012,0.012115
11/22/2012,0.012124
11/23/2012,0.012137
11/26/2012,0.012185
11/27/2012,0.012172
11/28/2012,0.012181
11/29/2012,0.012178
11/30/2012,0.012125
12/3/2012,0.012159
12/4/2012,0.012211
12/5/2012,0.012125
12/6/2012,0.012135
12/7/2012,0.012123
12/10/2012,0.012142
12/11/2012,0.012117
12/12/2012,0.01201
12/13/2012,0.011955
12/14/2012,0.011974
12/17/2012,0.011921
12/18/2012,0.011875
12/19/2012,0.011846
12/20/2012,0.011851
12/21/2012,0.011872
12/24/2012,0.011773
12/25/2012,0.011797
12/26/2012,0.01168
12/27/2012,0.011614
12/28/2012,0.011642
12/31/2012,0.01153
1/1/2013,0.011535
1/2/2013,0.011449
1/3/2013,0.011463
1/4/2013,0.011344
1/7/2013,0.011391
1/8/2013,0.011488
1/9/2013,0.011379
1/10/2013,0.011263
1/11/2013,0.011213
1/14/2013,0.011176
1/15/2013,0.011263
1/16/2013,0.011315
1/17/2013,0.011127
1/18/2013,0.0111
1/21/2013,0.011158
1/22/2013,0.011273
1/23/2013,0.011285
1/24/2013,0.011071
1/25/2013,0.011002
1/28/2013,0.011007
1/29/2013,0.011023
1/30/2013,0.010979
1/31/2013,0.010903
2/1/2013,0.010773
2/4/2013,0.010825
2/5/2013,0.010679
2/6/2013,0.010677
2/7/2013,0.01068
2/8/2013,0.01079
2/11/2013,0.010601
2/12/2013,0.010698
2/13/2013,0.010705
2/14/2013,0.010768
2/15/2013,0.010694
2/18/2013,0.010642
2/19/2013,0.010686
2/20/2013,0.010688
2/21/2013,0.010738
2/22/2013,0.010706
2/25/2013,0.010891
2/26/2013,0.010873
2/27/2013,0.010842
2/28/2013,0.010804
3/1/2013,0.010684
3/4/2013,0.010696
3/5/2013,0.01072
3/6/2013,0.01063
3/7/2013,0.010545
3/8/2013,0.010416
3/11/2013,0.010386
3/12/2013,0.010408
3/13/2013,0.010404
3/14/2013,0.010403
3/15/2013,0.010496
3/18/2013,0.010505
3/19/2013,0.010508
3/20/2013,0.010414
3/21/2013,0.010539
3/22/2013,0.010583
3/25/2013,0.010618
3/26/2013,0.010588
3/27/2013,0.010587
3/28/2013,0.010619
3/29/2013,0.010614
4/1/2013,0.010726
4/2/2013,0.010704
4/3/2013,0.010748
4/4/2013,0.01038
4/5/2013,0.010251
4/8/2013,0.010063
4/9/2013,0.010098
4/10/2013,0.010021
4/11/2013,0.010033
4/12/2013,0.010162
4/15/2013,0.010335
4/16/2013,0.010251
4/17/2013,0.010194
4/18/2013,0.010187
4/19/2013,0.01005
4/22/2013,0.010078
4/23/2013,0.010053
4/24/2013,0.01005
4/25/2013,0.010075
4/26/2013,0.0102
4/29/2013,0.010229
4/30/2013,0.010263
5/1/2013,0.010268
5/2/2013,0.010211
5/3/2013,0.010101
5/6/2013,0.010067
5/7/2013,0.010102
5/8/2013,0.010099
5/9/2013,0.009941
5/10/2013,0.009842
5/13/2013,0.009821
5/14/2013,0.009764
5/15/2013,0.009781
5/16/2013,0.009779
5/17/2013,0.009687
5/20/2013,0.00978
5/21/2013,0.009758
5/22/2013,0.009694
5/23/2013,0.009802
5/24/2013,0.00987
5/27/2013,0.009907
5/28/2013,0.00977
5/29/2013,0.009887
5/30/2013,0.009927
5/31/2013,0.009949
6/3/2013,0.010045
6/4/2013,0.009995
6/5/2013,0.010094
6/6/2013,0.010312
6/7/2013,0.01025
6/10/2013,0.010126
6/11/2013,0.010414
6/12/2013,0.010418
6/13/2013,0.010485
6/14/2013,0.010616
6/17/2013,0.010581
6/18/2013,0.01049
6/19/2013,0.010369
6/20/2013,0.010278
6/21/2013,0.010214
6/24/2013,0.010233
6/25/2013,0.010223
6/26/2013,0.01023
6/27/2013,0.010167
6/28/2013,0.010086
7/1/2013,0.010033
7/2/2013,0.009938
7/3/2013,0.010009
7/4/2013,0.009997
7/5/2013,0.009883
7/8/2013,0.009903
7/9/2013,0.009886
7/10/2013,0.010034
7/11/2013,0.010105
7/12/2013,0.01008
7/15/2013,0.010014
7/16/2013,0.010091
7/17/2013,0.010043
7/18/2013,0.009956
7/19/2013,0.009937
7/22/2013,0.010034
7/23/2013,0.010057
7/24/2013,0.009973
7/25/2013,0.010071
7/26/2013,0.010179
7/29/2013,0.010209
7/30/2013,0.010201
7/31/2013,0.010216
8/1/2013,0.010045
8/2/2013,0.010106
8/5/2013,0.010172
8/6/2013,0.010231
8/7/2013,0.01038
8/8/2013,0.010339
8/9/2013,0.010393
8/12/2013,0.010319
8/13/2013,0.010183
8/14/2013,0.01019
8/15/2013,0.010269
8/16/2013,0.010253
8/19/2013,0.010249
8/20/2013,0.010281
8/21/2013,0.010235
8/22/2013,0.010129
8/23/2013,0.010129
8/26/2013,0.010152
8/27/2013,0.010305
8/28/2013,0.010242
8/29/2013,0.010168
8/30/2013,0.010188
9/2/2013,0.010067
9/3/2013,0.010043
9/4/2013,0.010025
9/5/2013,0.009989
9/6/2013,0.01009
9/9/2013,0.010043
9/10/2013,0.009961
9/11/2013,0.010011
9/12/2013,0.010046
9/13/2013,0.010063
9/16/2013,0.010095
9/17/2013,0.010089
9/18/2013,0.010211
9/19/2013,0.010052
9/20/2013,0.010065
9/23/2013,0.010118
9/24/2013,0.010127
9/25/2013,0.010159
9/26/2013,0.010102
9/27/2013,0.010182
9/30/2013,0.01018
10/1/2013,0.010203
10/2/2013,0.010272
10/3/2013,0.010282
10/4/2013,0.010259
10/7/2013,0.01034
10/8/2013,0.010322
10/9/2013,0.010273
10/10/2013,0.010188
10/11/2013,0.010144
10/14/2013,0.010144
10/15/2013,0.010186
10/16/2013,0.010126
10/17/2013,0.010213
10/18/2013,0.010228
10/21/2013,0.010185
10/22/2013,0.010189
10/23/2013,0.010268
10/24/2013,0.010279
10/25/2013,0.010267
10/28/2013,0.010239
10/29/2013,0.010185
10/30/2013,0.010151
10/31/2013,0.010167
11/1/2013,0.01013
11/4/2013,0.01014
11/5/2013,0.010152
11/6/2013,0.010136
11/7/2013,0.010195
11/8/2013,0.010094
11/11/2013,0.010086
11/12/2013,0.010036
11/13/2013,0.010076
11/14/2013,0.009999
11/15/2013,0.009981
11/18/2013,0.01
11/19/2013,0.009987
11/20/2013,0.009996
11/21/2013,0.009886
11/22/2013,0.009876
11/25/2013,0.009835
11/26/2013,0.009874
11/27/2013,0.009789
11/28/2013,0.009773
11/29/2013,0.009762
12/2/2013,0.009714
12/3/2013,0.009755
12/4/2013,0.00977
12/5/2013,0.009825
12/6/2013,0.009718
12/9/2013,0.009684
12/10/2013,0.009724
12/11/2013,0.009763
12/12/2013,0.009674
12/13/2013,0.009688
12/16/2013,0.009708
12/17/2013,0.00974
12/18/2013,0.00959
12/19/2013,0.009593
12/20/2013,0.009607
12/23/2013,0.009606
12/24/2013,0.009593
12/25/2013,0.009587
12/26/2013,0.009541
12/27/2013,0.009509
12/30/2013,0.009512
12/31/2013,0.009497
1/1/2014,0.009502
1/2/2014,0.009542
1/3/2014,0.009537
1/6/2014,0.009595
1/7/2014,0.009561
1/8/2014,0.009534
1/9/2014,0.00954
1/10/2014,0.0096
1/13/2014,0.009708
1/14/2014,0.009596
1/15/2014,0.009564
1/16/2014,0.009582
1/17/2014,0.009585
1/20/2014,0.009599
1/21/2014,0.009588
1/22/2014,0.009567
1/23/2014,0.009682
1/24/2014,0.009779
1/27/2014,0.009752
1/28/2014,0.009714
1/29/2014,0.009777
1/30/2014,0.009736
1/31/2014,0.0098
2/3/2014,0.009904
2/4/2014,0.009838
2/5/2014,0.009856
2/6/2014,0.009793
2/7/2014,0.009769
2/10/2014,0.009779
2/11/2014,0.009743
2/12/2014,0.009753
2/13/2014,0.009787
2/14/2014,0.009823
2/17/2014,0.009812
2/18/2014,0.009769
2/19/2014,0.009774
2/20/2014,0.009778
2/21/2014,0.009757
2/24/2014,0.009756
2/25/2014,0.009781
2/26/2014,0.009767
2/27/2014,0.009792
2/28/2014,0.009825
3/3/2014,0.009857
3/4/2014,0.009784
3/5/2014,0.009775
3/6/2014,0.009702
3/7/2014,0.009684
3/10/2014,0.009684
3/11/2014,0.009707
3/12/2014,0.009732
3/13/2014,0.00982
3/14/2014,0.009865
3/17/2014,0.009827
3/18/2014,0.009858
3/19/2014,0.009773
3/20/2014,0.009767
3/21/2014,0.009777
3/24/2014,0.00978
3/25/2014,0.009779
3/26/2014,0.0098
3/27/2014,0.009786
3/28/2014,0.009725
3/31/2014,0.009687
4/1/2014,0.009645
4/2/2014,0.009627
4/3/2014,0.009622
4/4/2014,0.009682
4/7/2014,0.0097
4/8/2014,0.009822
4/9/2014,0.009804
4/10/2014,0.009849
4/11/2014,0.009841
4/14/2014,0.009819
4/15/2014,0.009812
4/16/2014,0.009783
4/17/2014,0.009767
4/18/2014,0.009764
4/21/2014,0.009747
4/22/2014,0.009745
4/23/2014,0.009753
4/24/2014,0.009774
4/25/2014,0.009786
4/28/2014,0.009757
4/29/2014,0.009743
4/30/2014,0.009781
5/1/2014,0.009772
5/2/2014,0.009784
5/5/2014,0.00979
5/6/2014,0.009834
5/7/2014,0.009813
5/8/2014,0.009837
5/9/2014,0.00982
5/12/2014,0.009792
5/13/2014,0.009779
5/14/2014,0.009814
5/15/2014,0.009844
5/16/2014,0.009852
5/19/2014,0.009852
5/20/2014,0.009869
5/21/2014,0.009865
5/22/2014,0.009829
5/23/2014,0.009807
5/26/2014,0.009812
5/27/2014,0.009807
5/28/2014,0.009819
5/29/2014,0.009824
5/30/2014,0.009825
6/2/2014,0.009767
6/3/2014,0.009755
6/4/2014,0.009733
6/5/2014,0.009764
6/6/2014,0.009758
6/9/2014,0.009753
6/10/2014,0.00977
6/11/2014,0.009797
6/12/2014,0.009833
6/13/2014,0.009799
6/16/2014,0.00982
6/17/2014,0.00979
6/18/2014,0.009811
6/19/2014,0.00981
6/20/2014,0.009797
6/23/2014,0.00981
6/24/2014,0.009807
6/25/2014,0.009817
6/26/2014,0.009831
6/27/2014,0.009862
6/30/2014,0.009869
7/1/2014,0.00985
7/2/2014,0.009825
7/3/2014,0.009785
7/4/2014,0.009795
7/7/2014,0.009817
7/8/2014,0.009845
7/9/2014,0.009838
7/10/2014,0.009867
7/11/2014,0.009865
7/14/2014,0.009849
7/15/2014,0.009834
7/16/2014,0.009835
7/17/2014,0.009884
7/18/2014,0.009867
7/21/2014,0.009862
7/22/2014,0.009856
7/23/2014,0.009854
7/24/2014,0.009822
7/25/2014,0.00982
7/28/2014,0.009817
7/29/2014,0.009792
7/30/2014,0.00973
7/31/2014,0.009728
8/1/2014,0.009746
8/4/2014,0.009748
8/5/2014,0.009747
8/6/2014,0.009794
8/7/2014,0.009795
8/8/2014,0.009801
8/11/2014,0.009785
8/12/2014,0.009779
8/13/2014,0.009765
8/14/2014,0.009761
8/15/2014,0.00977
8/18/2014,0.009749
8/19/2014,0.009717
8/20/2014,0.009638
8/21/2014,0.00963
8/22/2014,0.009621
8/25/2014,0.00961
8/26/2014,0.009609
8/27/2014,0.009627
8/28/2014,0.009641
8/29/2014,0.009606
9/1/2014,0.009583
9/2/2014,0.009516
9/3/2014,0.009543
9/4/2014,0.0095
9/5/2014,0.009516
9/8/2014,0.009431
9/9/2014,0.009416
9/10/2014,0.009359
9/11/2014,0.009337
9/12/2014,0.009315
9/15/2014,0.00933
9/16/2014,0.009334
9/17/2014,0.009228
9/18/2014,0.009201
9/19/2014,0.00917
9/22/2014,0.009189
9/23/2014,0.009185
9/24/2014,0.009171
9/25/2014,0.009195
9/26/2014,0.00915
9/29/2014,0.009133
9/30/2014,0.00912
10/1/2014,0.009184
10/2/2014,0.009223
10/3/2014,0.009109
10/6/2014,0.009193
10/7/2014,0.009257
10/8/2014,0.009252
10/9/2014,0.009273
10/10/2014,0.009289
10/13/2014,0.00936
10/14/2014,0.009341
10/15/2014,0.009441
10/16/2014,0.009405
10/17/2014,0.009355
10/20/2014,0.009351
10/21/2014,0.009346
10/22/2014,0.009333
10/23/2014,0.009237
10/24/2014,0.009246
10/27/2014,0.009276
10/28/2014,0.009247
10/29/2014,0.009182
10/30/2014,0.009157
10/31/2014,0.008901
11/3/2014,0.008768
11/4/2014,0.008802
11/5/2014,0.008721
11/6/2014,0.008681
11/7/2014,0.008724
11/10/2014,0.008706
11/11/2014,0.008635
11/12/2014,0.00866
11/13/2014,0.008639
11/14/2014,0.008598
11/17/2014,0.008577
11/18/2014,0.008558
11/19/2014,0.008476
11/20/2014,0.008458
11/21/2014,0.008488
11/24/2014,0.008455
11/25/2014,0.008477
11/26/2014,0.008493
11/27/2014,0.008495
11/28/2014,0.00843
12/1/2014,0.008447
12/2/2014,0.008387
12/3/2014,0.008348
12/4/2014,0.008348
12/5/2014,0.008233
12/8/2014,0.008286
12/9/2014,0.008354
12/10/2014,0.008487
12/11/2014,0.008428
12/12/2014,0.008417
12/15/2014,0.008485
12/16/2014,0.008591
12/17/2014,0.008428
12/18/2014,0.008414
12/19/2014,0.00837
12/22/2014,0.00833
12/23/2014,0.008286
12/24/2014,0.008301
12/25/2014,0.008327
12/26/2014,0.008308
12/29/2014,0.00829
12/30/2014,0.00837
12/31/2014,0.008355
1/1/2015,0.008349
1/2/2015,0.0083
1/5/2015,0.008359
1/6/2015,0.008448
1/7/2015,0.008386
1/8/2015,0.008357
1/9/2015,0.008436
1/12/2015,0.008449
1/13/2015,0.00848
1/14/2015,0.008522
1/15/2015,0.008606
1/16/2015,0.008503
1/19/2015,0.008506
1/20/2015,0.008418
1/21/2015,0.008478
1/22/2015,0.00844
1/23/2015,0.00849
1/26/2015,0.008442
1/27/2015,0.008484
1/28/2015,0.008508
1/29/2015,0.008454
1/30/2015,0.008508
2/2/2015,0.008501
2/3/2015,0.008507
2/4/2015,0.008527
2/5/2015,0.008509
2/6/2015,0.008396
2/9/2015,0.008429
2/10/2015,0.008373
2/11/2015,0.008301
2/12/2015,0.008399
2/13/2015,0.008417
2/16/2015,0.00844
2/17/2015,0.008385
2/18/2015,0.008418
2/19/2015,0.008407
2/20/2015,0.008403
2/23/2015,0.008417
2/24/2015,0.008405
2/25/2015,0.008413
2/26/2015,0.008374
2/27/2015,0.00836
3/2/2015,0.008324
3/3/2015,0.008352
3/4/2015,0.008355
3/5/2015,0.008325
3/6/2015,0.008277
3/9/2015,0.008254
3/10/2015,0.008255
3/11/2015,0.008233
3/12/2015,0.008245
3/13/2015,0.008238
3/16/2015,0.008241
3/17/2015,0.008239
3/18/2015,0.008325
3/19/2015,0.00828
3/20/2015,0.008329
3/23/2015,0.008353
3/24/2015,0.00835
3/25/2015,0.008369
3/26/2015,0.00839
3/27/2015,0.008394
3/30/2015,0.008328
3/31/2015,0.008324
4/1/2015,0.00835
4/2/2015,0.008353
4/3/2015,0.008405
4/6/2015,0.008365
4/7/2015,0.008315
4/8/2015,0.008324
4/9/2015,0.008294
4/10/2015,0.00832
4/13/2015,0.008325
4/14/2015,0.008375
4/15/2015,0.008394
4/16/2015,0.008404
4/17/2015,0.008408
4/20/2015,0.00839
4/21/2015,0.008356
4/22/2015,0.00834
4/23/2015,0.008362
4/24/2015,0.008405
4/27/2015,0.0084
4/28/2015,0.008413
4/29/2015,0.008402
4/30/2015,0.008377
5/1/2015,0.00832
5/4/2015,0.008324
5/5/2015,0.008343
5/6/2015,0.008371
5/7/2015,0.008351
5/8/2015,0.008348
5/11/2015,0.008328
5/12/2015,0.008343
5/13/2015,0.008393
5/14/2015,0.008391
5/15/2015,0.008382
5/18/2015,0.008335
5/19/2015,0.008286
5/20/2015,0.00824
5/21/2015,0.008263
5/22/2015,0.008227
5/25/2015,0.008226
5/26/2015,0.008122
5/27/2015,0.008086
5/28/2015,0.008067
5/29/2015,0.008055
6/1/2015,0.008014
6/2/2015,0.008057
6/3/2015,0.00805
6/4/2015,0.008041
6/5/2015,0.007961
6/8/2015,0.008033
6/9/2015,0.008042
6/10/2015,0.008151
6/11/2015,0.008102
6/12/2015,0.008104
6/15/2015,0.008104
6/16/2015,0.008106
6/17/2015,0.008102
6/18/2015,0.008133
6/19/2015,0.008152
6/22/2015,0.008106
6/23/2015,0.008068
6/24/2015,0.008074
6/25/2015,0.008089
6/26/2015,0.008074
6/29/2015,0.00816
6/30/2015,0.008163
7/1/2015,0.008119
7/2/2015,0.008126
7/3/2015,0.008141
7/6/2015,0.008159
7/7/2015,0.008161
7/8/2015,0.008285
7/9/2015,0.008242
7/10/2015,0.008144
7/13/2015,0.008101
7/14/2015,0.008105
7/15/2015,0.008078
7/16/2015,0.008055
7/17/2015,0.008061
7/20/2015,0.008047
7/21/2015,0.008071
7/22/2015,0.008067
7/23/2015,0.008071
7/24/2015,0.008077
7/27/2015,0.008114
7/28/2015,0.008094
7/29/2015,0.008068
7/30/2015,0.008055
7/31/2015,0.008073
8/3/2015,0.008062
8/4/2015,0.00804
8/5/2015,0.008008
8/6/2015,0.008017
8/7/2015,0.008049
8/10/2015,0.008024
8/11/2015,0.007993
8/12/2015,0.008051
8/13/2015,0.008037
8/14/2015,0.008044
8/17/2015,0.008039
8/18/2015,0.008038
8/19/2015,0.008077
8/20/2015,0.008103
8/21/2015,0.008193
8/24/2015,0.008444
8/25/2015,0.008412
8/26/2015,0.008338
8/27/2015,0.008262
8/28/2015,0.008216
8/31/2015,0.008249
9/1/2015,0.008377
9/2/2015,0.00831
9/3/2015,0.008329
9/4/2015,0.008401
9/7/2015,0.008384
9/8/2015,0.008346
9/9/2015,0.008297
9/10/2015,0.00829
9/11/2015,0.008293
9/14/2015,0.008317
9/15/2015,0.008304
9/16/2015,0.008294
9/17/2015,0.008333
9/18/2015,0.008335
9/21/2015,0.008295
9/22/2015,0.008323
9/23/2015,0.008314
9/24/2015,0.008328
9/25/2015,0.008293
9/28/2015,0.008339
9/29/2015,0.008351
9/30/2015,0.008342
10/1/2015,0.008338
10/2/2015,0.008339
10/5/2015,0.008302
10/6/2015,0.008318
10/7/2015,0.008332
10/8/2015,0.008338
10/9/2015,0.008316
10/12/2015,0.008331
10/13/2015,0.008351
10/14/2015,0.008415
10/15/2015,0.008411
10/16/2015,0.008371
10/19/2015,0.008368
10/20/2015,0.008344
10/21/2015,0.008338
10/22/2015,0.008285
10/23/2015,0.008233
10/26/2015,0.008258
10/27/2015,0.008302
10/28/2015,0.008258
10/29/2015,0.008256
10/30/2015,0.008291
11/2/2015,0.008281
11/3/2015,0.00826
11/4/2015,0.008227
11/5/2015,0.008214
11/6/2015,0.008121
11/9/2015,0.008119
11/10/2015,0.00812
11/11/2015,0.008139
11/12/2015,0.008156
11/13/2015,0.008156
11/16/2015,0.008118
11/17/2015,0.008101
11/18/2015,0.008088
11/19/2015,0.008139
11/20/2015,0.008145
11/23/2015,0.008141
11/24/2015,0.008161
11/25/2015,0.00815
11/26/2015,0.008158
11/27/2015,0.008145
11/30/2015,0.008123
12/1/2015,0.008138
12/2/2015,0.008114
12/3/2015,0.008156
12/4/2015,0.008123
12/7/2015,0.008106
12/8/2015,0.008134
12/9/2015,0.008234
12/10/2015,0.008226
12/11/2015,0.008263
12/14/2015,0.008263
12/15/2015,0.008219
12/16/2015,0.008183
12/17/2015,0.008159
12/18/2015,0.008254
12/21/2015,0.008251
12/22/2015,0.00826
12/23/2015,0.00827
12/24/2015,0.008303
12/25/2015,0.008314
12/28/2015,0.008306
12/29/2015,0.008302
12/30/2015,0.008296
12/31/2015,0.008316
1/1/2016,0.008311
1/4/2016,0.008372
1/5/2016,0.008399
1/6/2016,0.00844
1/7/2016,0.008498
1/8/2016,0.008529
1/11/2016,0.008492
1/12/2016,0.0085
1/13/2016,0.008498
1/14/2016,0.008471
1/15/2016,0.008546
1/18/2016,0.008521
1/19/2016,0.008501
1/20/2016,0.008551
1/21/2016,0.008496
1/22/2016,0.008419
1/25/2016,0.008453
1/26/2016,0.008445
1/27/2016,0.008426
1/28/2016,0.008416
1/29/2016,0.008256
2/1/2016,0.008265
2/2/2016,0.008336
2/3/2016,0.008483
2/4/2016,0.008563
2/5/2016,0.008559
2/8/2016,0.008632
2/9/2016,0.008687
2/10/2016,0.008822
2/11/2016,0.008896
2/12/2016,0.008831
2/15/2016,0.008726
2/16/2016,0.008766
2/17/2016,0.008765
2/18/2016,0.008829
2/19/2016,0.008879
2/22/2016,0.008856
2/23/2016,0.00892
2/24/2016,0.008915
2/25/2016,0.008851
2/26/2016,0.008773
2/29/2016,0.008874
3/1/2016,0.008772
3/2/2016,0.008813
3/3/2016,0.008795
3/4/2016,0.00879
3/7/2016,0.008815
3/8/2016,0.008879
3/9/2016,0.008824
3/10/2016,0.008833
3/11/2016,0.008785
3/14/2016,0.008786
3/15/2016,0.008836
3/16/2016,0.008884
3/17/2016,0.008976
3/18/2016,0.008965
3/21/2016,0.008933
3/22/2016,0.0089
3/23/2016,0.008898
3/24/2016,0.008857
3/25/2016,0.008843
3/28/2016,0.008815
3/29/2016,0.008873
3/30/2016,0.008894
3/31/2016,0.008883
4/1/2016,0.008956
4/4/2016,0.008982
4/5/2016,0.009063
4/6/2016,0.009108
4/7/2016,0.009241
4/8/2016,0.009254
4/11/2016,0.009264
4/12/2016,0.009213
4/13/2016,0.009146
4/14/2016,0.009141
4/15/2016,0.009195
4/18/2016,0.009189
4/19/2016,0.009156
4/20/2016,0.009104
4/21/2016,0.009135
4/22/2016,0.008947
4/25/2016,0.008993
4/26/2016,0.008984
4/27/2016,0.008972
4/28/2016,0.00925
4/29/2016,0.009404
5/2/2016,0.009398
5/3/2016,0.009382
5/4/2016,0.009344
5/5/2016,0.009324
5/6/2016,0.009336
5/9/2016,0.009231
5/10/2016,0.009152
5/11/2016,0.009223
5/12/2016,0.009173
5/13/2016,0.009205
5/16/2016,0.009172
5/17/2016,0.009162
5/18/2016,0.009075
5/19/2016,0.009094
5/20/2016,0.009079
5/23/2016,0.009155
5/24/2016,0.009092
5/25/2016,0.009075
5/26/2016,0.00911
5/27/2016,0.009066
5/30/2016,0.008999
5/31/2016,0.009031
6/1/2016,0.009129
6/2/2016,0.009185
6/3/2016,0.009387
6/6/2016,0.009298
6/7/2016,0.009313
6/8/2016,0.009347
6/9/2016,0.009337
6/10/2016,0.009348
6/13/2016,0.009411
6/14/2016,0.009424
6/15/2016,0.009433
6/16/2016,0.009592
6/17/2016,0.009603
6/20/2016,0.009621
6/21/2016,0.009546
6/22/2016,0.009577
6/23/2016,0.009421
6/24/2016,0.009787
6/27/2016,0.009804
6/28/2016,0.009732
6/29/2016,0.009725
6/30/2016,0.009692
7/1/2016,0.009753
7/4/2016,0.009753
7/5/2016,0.00983
7/6/2016,0.00987
7/7/2016,0.009924
7/8/2016,0.009945
7/11/2016,0.009727
7/12/2016,0.009552
7/13/2016,0.009571
7/14/2016,0.009492
7/15/2016,0.009538
7/18/2016,0.00942
7/19/2016,0.009423
7/20/2016,0.009356
7/21/2016,0.00945
7/22/2016,0.009424
7/25/2016,0.009451
7/26/2016,0.009557
7/27/2016,0.009488
7/28/2016,0.0095
7/29/2016,0.009798
8/1/2016,0.009766
8/2/2016,0.009912
8/3/2016,0.009877
8/4/2016,0.00988
8/5/2016,0.009822
8/8/2016,0.009761
8/9/2016,0.009815
8/10/2016,0.009873
8/11/2016,0.009808
8/12/2016,0.009872
8/15/2016,0.009876
8/16/2016,0.009969
8/17/2016,0.009973
8/18/2016,0.010012
8/19/2016,0.009978
8/22/2016,0.009968
8/23/2016,0.009979
8/24/2016,0.009955
8/25/2016,0.009948
8/26/2016,0.009821
8/29/2016,0.009812
8/30/2016,0.009712
8/31/2016,0.009669
9/1/2016,0.009687
9/2/2016,0.009618
9/5/2016,0.009668
9/6/2016,0.009802
9/7/2016,0.009828
9/8/2016,0.009757
9/9/2016,0.009737
9/12/2016,0.00982
9/13/2016,0.009751
9/14/2016,0.009763
9/15/2016,0.009796
9/16/2016,0.009778
9/19/2016,0.009812
9/20/2016,0.009832
9/21/2016,0.009969
9/22/2016,0.009925
9/23/2016,0.009899
9/26/2016,0.009967
9/27/2016,0.009958
9/28/2016,0.009931
9/29/2016,0.009897
9/30/2016,0.009868
10/3/2016,0.009838
10/4/2016,0.009718
10/5/2016,0.009662
10/6/2016,0.00962
10/7/2016,0.009715
10/10/2016,0.009652
10/11/2016,0.009661
10/12/2016,0.009597
10/13/2016,0.009643
10/14/2016,0.009599
10/17/2016,0.009626
10/18/2016,0.009628
10/19/2016,0.009667
10/20/2016,0.00962
10/21/2016,0.009632
10/24/2016,0.009598
10/25/2016,0.009595
10/26/2016,0.009572
10/27/2016,0.009498
10/28/2016,0.009549
10/31/2016,0.00954
11/1/2016,0.009601
11/2/2016,0.00968
11/3/2016,0.009711
11/4/2016,0.009698
11/7/2016,0.009573
11/8/2016,0.009508
11/9/2016,0.009463
11/10/2016,0.009361
11/11/2016,0.009375
11/14/2016,0.009223
11/15/2016,0.009158
11/16/2016,0.009168
11/17/2016,0.00908
11/18/2016,0.009017
11/21/2016,0.009024
11/22/2016,0.008997
11/23/2016,0.008888
11/24/2016,0.008822
11/25/2016,0.008831
11/28/2016,0.008934
11/29/2016,0.008898
11/30/2016,0.008736
12/1/2016,0.008764
12/2/2016,0.00881
12/5/2016,0.008783
12/6/2016,0.008771
12/7/2016,0.008791
12/8/2016,0.00877
12/9/2016,0.008673
12/12/2016,0.008694
12/13/2016,0.008682
12/14/2016,0.008544
12/15/2016,0.008462
12/16/2016,0.00848
12/19/2016,0.008541
12/20/2016,0.008485
12/21/2016,0.008507
12/22/2016,0.008508
12/23/2016,0.008524
12/26/2016,0.00854
12/27/2016,0.008516
12/28/2016,0.008528
12/29/2016,0.008581
12/30/2016,0.008547
1/2/2017,0.008506
1/3/2017,0.008493
1/4/2017,0.008529
1/5/2017,0.008669
1/6/2017,0.008547
1/9/2017,0.008617
1/10/2017,0.008637
1/11/2017,0.008665
1/12/2017,0.008717
1/13/2017,0.008733
1/16/2017,0.008757
1/17/2017,0.00888
1/18/2017,0.008724
1/19/2017,0.008706
1/20/2017,0.008724
1/23/2017,0.008873
1/24/2017,0.008788
1/25/2017,0.008828
1/26/2017,0.008731
1/27/2017,0.008688
1/30/2017,0.008789
1/31/2017,0.008865
2/1/2017,0.00883
2/2/2017,0.008865
2/3/2017,0.008881
2/6/2017,0.008949
2/7/2017,0.008897
2/8/2017,0.008934
2/9/2017,0.008831
2/10/2017,0.008833
2/13/2017,0.008792
2/14/2017,0.008752
2/15/2017,0.00876
2/16/2017,0.008831
2/17/2017,0.008862
2/20/2017,0.008842
2/21/2017,0.008796
2/22/2017,0.008826
2/23/2017,0.00888
2/24/2017,0.008917
2/27/2017,0.008874
2/28/2017,0.008868
3/1/2017,0.008793
3/2/2017,0.00874
3/3/2017,0.00877
3/6/2017,0.00878
3/7/2017,0.008773
3/8/2017,0.008743
3/9/2017,0.008699
3/10/2017,0.008711
3/13/2017,0.008705
3/14/2017,0.008715
3/15/2017,0.008819
3/16/2017,0.008826
3/17/2017,0.008873
3/20/2017,0.008885
3/21/2017,0.008951
3/22/2017,0.008996
3/23/2017,0.009015
3/24/2017,0.008982
3/27/2017,0.009036
3/28/2017,0.008998
3/29/2017,0.009006
3/30/2017,0.008935
3/31/2017,0.008977
4/3/2017,0.009017
4/4/2017,0.009031
4/5/2017,0.009033
4/6/2017,0.009025
4/7/2017,0.009004
4/10/2017,0.009014
4/11/2017,0.009123
4/12/2017,0.009172
4/13/2017,0.009166
4/14/2017,0.009207
4/17/2017,0.009182
4/18/2017,0.009223
4/19/2017,0.009186
4/20/2017,0.009147
4/21/2017,0.009164
4/24/2017,0.009111
4/25/2017,0.009002
4/26/2017,0.009005
4/27/2017,0.008988
4/28/2017,0.008966
5/1/2017,0.008941
5/2/2017,0.008929
5/3/2017,0.008869
5/4/2017,0.008892
5/5/2017,0.008872
5/8/2017,0.00883
5/9/2017,0.008773
5/10/2017,0.00875
5/11/2017,0.008783
5/12/2017,0.008823
5/15/2017,0.008788
5/16/2017,0.00884
5/17/2017,0.009024
5/18/2017,0.00897
5/19/2017,0.008989
5/22/2017,0.008985
5/23/2017,0.008946
5/24/2017,0.008969
5/25/2017,0.008941
5/26/2017,0.008982
5/29/2017,0.008988
5/30/2017,0.009022
5/31/2017,0.009028
6/1/2017,0.008979
6/2/2017,0.009057
6/5/2017,0.009052
6/6/2017,0.00914
6/7/2017,0.009105
6/8/2017,0.009089
6/9/2017,0.009064
6/12/2017,0.009095
6/13/2017,0.009086
6/14/2017,0.009126
6/15/2017,0.009015
6/16/2017,0.009019
6/19/2017,0.008967
6/20/2017,0.008972
6/21/2017,0.008978
6/22/2017,0.008982
6/23/2017,0.008986
6/26/2017,0.008939
6/27/2017,0.008901
6/28/2017,0.008904
6/29/2017,0.008915
6/30/2017,0.008901
7/3/2017,0.00882
7/4/2017,0.008828
7/5/2017,0.008829
7/6/2017,0.008832
7/7/2017,0.008779
7/10/2017,0.008769
7/11/2017,0.008777
7/12/2017,0.008836
7/13/2017,0.008827
7/14/2017,0.008886
7/17/2017,0.008879
7/18/2017,0.008924
7/19/2017,0.008932
7/20/2017,0.008936
7/21/2017,0.008998
7/24/2017,0.009001
7/25/2017,0.008937
7/26/2017,0.008995
7/27/2017,0.008988
7/28/2017,0.009035
7/31/2017,0.00907
8/1/2017,0.00906
8/2/2017,0.009031
8/3/2017,0.009087
8/4/2017,0.009034
8/7/2017,0.00903
8/8/2017,0.009064
8/9/2017,0.009086
8/10/2017,0.009157
8/11/2017,0.009158
8/14/2017,0.009121
8/15/2017,0.009036
8/16/2017,0.009075
8/17/2017,0.009127
8/18/2017,0.009157
8/21/2017,0.009176
8/22/2017,0.009127
8/23/2017,0.009171
8/24/2017,0.009128
8/25/2017,0.009144
8/28/2017,0.009152
8/29/2017,0.009112
8/30/2017,0.009071
8/31/2017,0.009093
9/1/2017,0.00907
9/4/2017,0.009116
9/5/2017,0.00919
9/6/2017,0.009156
9/7/2017,0.009221
9/8/2017,0.009273
9/11/2017,0.009141
9/12/2017,0.009077
9/13/2017,0.009051
9/14/2017,0.009071
9/15/2017,0.009023
9/18/2017,0.008963
9/19/2017,0.008961
9/20/2017,0.008913
9/21/2017,0.008891
9/22/2017,0.008929
9/25/2017,0.008951
9/26/2017,0.00891
9/27/2017,0.008863
9/28/2017,0.008901
9/29/2017,0.008887
10/2/2017,0.008868
10/3/2017,0.008862
10/4/2017,0.008869
10/5/2017,0.008864
10/6/2017,0.008877
10/9/2017,0.008874
10/10/2017,0.008893
10/11/2017,0.008889
10/12/2017,0.008906
10/13/2017,0.008942
10/16/2017,0.008913
10/17/2017,0.008913
10/18/2017,0.008855
10/19/2017,0.008886
10/20/2017,0.008808
10/23/2017,0.008816
10/24/2017,0.008779
10/25/2017,0.008792
10/26/2017,0.008772
10/27/2017,0.008797
10/30/2017,0.008836
10/31/2017,0.0088
11/1/2017,0.008758
11/2/2017,0.008766
11/3/2017,0.008767
11/6/2017,0.008794
11/7/2017,0.008771
11/8/2017,0.008782
11/9/2017,0.008813
11/10/2017,0.008808
11/13/2017,0.008801
11/14/2017,0.008814
11/15/2017,0.008859
11/16/2017,0.008845
11/17/2017,0.008919
11/20/2017,0.008879
11/21/2017,0.008893
11/22/2017,0.008991
11/23/2017,0.008991
11/24/2017,0.008968
11/27/2017,0.009
11/28/2017,0.00897
11/29/2017,0.008934
11/30/2017,0.008886
12/1/2017,0.008912
12/4/2017,0.008896
12/5/2017,0.008881
12/6/2017,0.008905
12/7/2017,0.008843
12/8/2017,0.008813
12/11/2017,0.008806
12/12/2017,0.008807
12/13/2017,0.008886
12/14/2017,0.008897
12/15/2017,0.00888
12/18/2017,0.008885
12/19/2017,0.008859
12/20/2017,0.008819
12/21/2017,0.008824
12/22/2017,0.008827
12/25/2017,0.00883
12/26/2017,0.008831
12/27/2017,0.008822
12/28/2017,0.00886
12/29/2017,0.008874
1/1/2018,0.008876
1/2/2018,0.008906
1/3/2018,0.008888
1/4/2018,0.008869
1/5/2018,0.008844
1/8/2018,0.008842
1/9/2018,0.008877
1/10/2018,0.008974
1/11/2018,0.008987
1/12/2018,0.009006
1/15/2018,0.009047
1/16/2018,0.009054
1/17/2018,0.008986
1/18/2018,0.009001
1/19/2018,0.009023
1/22/2018,0.009014
1/23/2018,0.009066
1/24/2018,0.009156
1/25/2018,0.00914
1/26/2018,0.009208
1/29/2018,0.009178
1/30/2018,0.009193
1/31/2018,0.009159
2/1/2018,0.00914
2/2/2018,0.009078
2/5/2018,0.009165
2/6/2018,0.009128
2/7/2018,0.009146
2/8/2018,0.009196
2/9/2018,0.00919
2/12/2018,0.009203
2/13/2018,0.009275
2/14/2018,0.009345
2/15/2018,0.009424
2/16/2018,0.00941
2/19/2018,0.009381
2/20/2018,0.009317
2/21/2018,0.009279
2/22/2018,0.009367
2/23/2018,0.009356
2/26/2018,0.009351
2/27/2018,0.009317
2/28/2018,0.009374
3/1/2018,0.009413
3/2/2018,0.009457
3/5/2018,0.009416
3/6/2018,0.009424
3/7/2018,0.009428
3/8/2018,0.009414
3/9/2018,0.009362
3/12/2018,0.009397
3/13/2018,0.009383
3/14/2018,0.009405
3/15/2018,0.009404
3/16/2018,0.009435
3/19/2018,0.009426
3/20/2018,0.009386
3/21/2018,0.00943
3/22/2018,0.009498
3/23/2018,0.009547
3/26/2018,0.009487
3/27/2018,0.009494
3/28/2018,0.009359
3/29/2018,0.009395
3/30/2018,0.009409
4/2/2018,0.009443
4/3/2018,0.00938
4/4/2018,0.009365
4/5/2018,0.009312
4/6/2018,0.009352
4/9/2018,0.009365
4/10/2018,0.009328
4/11/2018,0.009364
4/12/2018,0.009316
4/13/2018,0.009315
4/16/2018,0.009336
4/17/2018,0.009346
4/18/2018,0.009325
4/19/2018,0.009314
4/20/2018,0.009289
4/23/2018,0.009199
4/24/2018,0.00919
4/25/2018,0.009139
4/26/2018,0.009149
4/27/2018,0.00917
4/30/2018,0.009146
5/1/2018,0.009102
5/2/2018,0.009104
5/3/2018,0.009158
5/4/2018,0.009165
5/7/2018,0.009166
5/8/2018,0.009164
5/9/2018,0.009112
5/10/2018,0.009141
5/11/2018,0.009142
5/14/2018,0.00912
5/15/2018,0.009062
5/16/2018,0.009058
5/17/2018,0.009028
5/18/2018,0.009029
5/21/2018,0.009005
5/22/2018,0.009018
5/23/2018,0.009085
5/24/2018,0.009153
5/25/2018,0.009141
5/28/2018,0.00914
5/29/2018,0.009194
5/30/2018,0.009182
5/31/2018,0.00919
6/1/2018,0.00913
6/4/2018,0.009106
6/5/2018,0.009108
6/6/2018,0.009076
6/7/2018,0.009116
6/8/2018,0.009129
6/11/2018,0.009088
6/12/2018,0.00906
6/13/2018,0.009063
6/14/2018,0.009039
6/15/2018,0.009037
6/18/2018,0.009046
6/19/2018,0.009086
6/20/2018,0.009062
6/21/2018,0.009093
6/22/2018,0.009093
6/25/2018,0.00911
6/26/2018,0.009088
6/27/2018,0.00907
6/28/2018,0.009051
6/29/2018,0.009034
7/2/2018,0.009017
7/3/2018,0.009042
7/4/2018,0.00905
7/5/2018,0.009037
7/6/2018,0.009053
7/9/2018,0.009022
7/10/2018,0.009009
7/11/2018,0.008927
7/12/2018,0.008886
7/13/2018,0.0089
7/16/2018,0.008905
7/17/2018,0.008859
7/18/2018,0.008862
7/19/2018,0.008891
7/20/2018,0.008974
7/23/2018,0.008981
7/24/2018,0.008993
7/25/2018,0.009012
7/26/2018,0.008991
7/27/2018,0.009007
7/30/2018,0.009004
7/31/2018,0.008939
8/1/2018,0.008951
8/2/2018,0.008957
8/3/2018,0.008988
8/6/2018,0.008977
8/7/2018,0.008978
8/8/2018,0.009013
8/9/2018,0.009002
8/10/2018,0.009014
8/13/2018,0.009033
8/14/2018,0.008997
8/15/2018,0.00903
8/16/2018,0.009018
8/17/2018,0.009049
8/20/2018,0.009085
8/21/2018,0.009068
8/22/2018,0.009045
8/23/2018,0.008985
8/24/2018,0.008991
8/27/2018,0.009003
8/28/2018,0.008994
8/29/2018,0.008955
8/30/2018,0.00901
8/31/2018,0.009005
9/3/2018,0.009003
9/4/2018,0.008971
9/5/2018,0.008966
9/6/2018,0.00903
9/7/2018,0.009005
9/10/2018,0.008997
9/11/2018,0.008959
9/12/2018,0.008988
9/13/2018,0.008935
9/14/2018,0.008924
9/17/2018,0.008941
9/18/2018,0.0089
9/19/2018,0.008907
9/20/2018,0.00889
9/21/2018,0.008882
9/24/2018,0.008866
9/25/2018,0.008852
9/26/2018,0.008871
9/27/2018,0.008819
9/28/2018,0.008796
10/1/2018,0.008778
10/2/2018,0.008797
10/3/2018,0.008731
10/4/2018,0.008777
10/5/2018,0.008794
10/8/2018,0.008831
10/9/2018,0.008853
10/10/2018,0.008907
10/11/2018,0.008916
10/12/2018,0.008913
10/15/2018,0.008947
10/16/2018,0.008909
10/17/2018,0.008877
10/18/2018,0.008914
10/19/2018,0.008886
10/22/2018,0.008864
10/23/2018,0.008893
10/24/2018,0.008908
10/25/2018,0.008896
10/26/2018,0.008938
10/29/2018,0.008898
10/30/2018,0.008843
10/31/2018,0.008853
11/1/2018,0.008872
11/2/2018,0.008834
11/5/2018,0.008835
11/6/2018,0.008815
11/7/2018,0.00881
11/8/2018,0.008768
11/9/2018,0.008788
11/12/2018,0.008784
11/13/2018,0.008787
11/14/2018,0.008801
11/15/2018,0.0088
11/16/2018,0.008863
11/19/2018,0.008885
11/20/2018,0.008869
11/21/2018,0.008844
11/22/2018,0.008853
11/23/2018,0.008853
11/26/2018,0.008804
11/27/2018,0.008787
11/28/2018,0.008796
11/29/2018,0.008812
11/30/2018,0.008812
12/3/2018,0.008799
12/4/2018,0.008866
12/5/2018,0.008835
12/6/2018,0.008875
12/7/2018,0.008874
12/10/2018,0.008823
12/11/2018,0.00882
12/12/2018,0.008827
12/13/2018,0.008803
12/14/2018,0.00882
12/17/2018,0.008863
12/18/2018,0.008887
12/19/2018,0.00889
12/20/2018,0.008986
12/21/2018,0.00899
12/24/2018,0.009054
12/25/2018,0.009066
12/26/2018,0.00898
12/27/2018,0.009011
12/28/2018,0.009069
12/31/2018,0.009123
1/1/2019,0.009113
1/2/2019,0.009185
1/3/2019,0.009289
1/4/2019,0.009214
1/7/2019,0.009198
1/8/2019,0.009196
1/9/2019,0.009245
1/10/2019,0.009223
1/11/2019,0.009216
1/14/2019,0.009246
1/15/2019,0.0092
1/16/2019,0.009167
1/17/2019,0.009153
1/18/2019,0.009109
1/21/2019,0.009119
1/22/2019,0.009143
1/23/2019,0.009123
1/24/2019,0.009121
1/25/2019,0.009129
1/28/2019,0.009145
1/29/2019,0.009141
1/30/2019,0.009172
1/31/2019,0.009186
2/1/2019,0.009133
2/4/2019,0.009099
2/5/2019,0.009094
2/6/2019,0.009093
2/7/2019,0.009107
2/8/2019,0.009111
2/11/2019,0.00906
2/12/2019,0.009051
2/13/2019,0.009009
2/14/2019,0.009052
2/15/2019,0.009052
2/18/2019,0.009041
2/19/2019,0.009041
2/20/2019,0.009021
2/21/2019,0.009032
2/22/2019,0.009035
2/25/2019,0.009004
2/26/2019,0.009043
2/27/2019,0.009009
2/28/2019,0.008978
3/1/2019,0.008937
3/4/2019,0.008949
3/5/2019,0.008937
3/6/2019,0.008947
3/7/2019,0.008962
3/8/2019,0.008996
3/11/2019,0.008992
3/12/2019,0.008981
3/13/2019,0.008996
3/14/2019,0.008951
3/15/2019,0.00897
3/18/2019,0.008974
3/19/2019,0.008977
3/20/2019,0.009033
3/21/2019,0.009024
3/22/2019,0.009097
3/25/2019,0.009094
3/26/2019,0.009039
3/27/2019,0.009048
3/28/2019,0.009038
3/29/2019,0.009021
4/1/2019,0.008981
4/2/2019,0.008983
4/3/2019,0.008969
4/4/2019,0.008955
4/5/2019,0.008951
4/8/2019,0.00897
4/9/2019,0.008998
4/10/2019,0.009008
4/11/2019,0.008956
4/12/2019,0.008927
4/15/2019,0.008926
4/16/2019,0.008928
4/17/2019,0.008923
4/18/2019,0.00893
4/19/2019,0.008936
4/22/2019,0.008933
4/23/2019,0.008939
4/24/2019,0.008913
4/25/2019,0.008959
4/26/2019,0.008962
4/29/2019,0.008957
4/30/2019,0.008974
5/1/2019,0.008978
5/2/2019,0.008968
5/3/2019,0.009001
5/6/2019,0.009027
5/7/2019,0.00907
5/8/2019,0.009082
5/9/2019,0.00911
5/10/2019,0.009095
5/13/2019,0.009149
5/14/2019,0.009123
5/15/2019,0.009125
5/16/2019,0.009104
5/17/2019,0.009085
5/20/2019,0.009086
5/21/2019,0.00905
5/22/2019,0.009062
5/23/2019,0.009124
5/24/2019,0.00915
5/27/2019,0.009132
5/28/2019,0.009143
5/29/2019,0.009125
5/30/2019,0.009123
5/31/2019,0.009235
6/3/2019,0.009253
6/4/2019,0.009247
6/5/2019,0.00922
6/6/2019,0.009225
6/7/2019,0.009243
6/10/2019,0.009221
6/11/2019,0.009215
6/12/2019,0.009216
6/13/2019,0.009225
6/14/2019,0.009211
6/17/2019,0.009213
6/18/2019,0.009221
6/19/2019,0.009251
6/20/2019,0.00932
6/21/2019,0.009318
6/24/2019,0.00932
6/25/2019,0.00933
6/26/2019,0.009277
6/27/2019,0.009277
6/28/2019,0.009269
7/1/2019,0.009221
7/2/2019,0.009269
7/3/2019,0.009274
7/4/2019,0.009275
7/5/2019,0.009219
7/8/2019,0.009197
7/9/2019,0.009186
7/10/2019,0.00922
7/11/2019,0.009217
7/12/2019,0.009268
7/15/2019,0.009267
7/16/2019,0.009239
7/17/2019,0.009264
7/18/2019,0.00932
7/19/2019,0.009284
7/22/2019,0.00927
7/23/2019,0.00924
7/24/2019,0.009243
7/25/2019,0.009205
7/26/2019,0.009203
7/29/2019,0.009193
7/30/2019,0.009208
7/31/2019,0.009193
8/1/2019,0.009315
8/2/2019,0.009382
8/5/2019,0.009438
8/6/2019,0.009393
8/7/2019,0.00941
8/8/2019,0.009427
8/9/2019,0.009463
8/12/2019,0.009496
8/13/2019,0.009369
8/14/2019,0.009442
8/15/2019,0.009423
8/16/2019,0.009402
8/19/2019,0.009378
8/20/2019,0.009414
8/21/2019,0.00938
8/22/2019,0.009395
8/23/2019,0.009486
8/26/2019,0.009423
8/27/2019,0.009456
8/28/2019,0.009422
8/29/2019,0.009388
8/30/2019,0.009411
9/2/2019,0.009414
9/3/2019,0.009439
9/4/2019,0.009399
9/5/2019,0.00935
9/6/2019,0.009353
9/9/2019,0.009325
9/10/2019,0.009299
9/11/2019,0.009274
9/12/2019,0.009251
9/13/2019,0.009251
9/16/2019,0.009248
9/17/2019,0.009248
9/18/2019,0.009221
9/19/2019,0.009255
9/20/2019,0.009297
9/23/2019,0.009298
9/24/2019,0.00934
9/25/2019,0.009279
9/26/2019,0.009273
9/27/2019,0.009262
9/30/2019,0.009253
10/1/2019,0.009281
10/2/2019,0.00933
10/3/2019,0.009354
10/4/2019,0.009352
10/7/2019,0.009324
10/8/2019,0.009338
10/9/2019,0.009304
10/10/2019,0.009262
10/11/2019,0.009225
10/14/2019,0.009225
10/15/2019,0.009186
10/16/2019,0.009194
10/17/2019,0.009203
10/18/2019,0.009224
10/21/2019,0.009208
10/22/2019,0.009218
10/23/2019,0.0092
10/24/2019,0.009206
10/25/2019,0.009202
10/28/2019,0.009177
10/29/2019,0.009184
10/30/2019,0.009188
10/31/2019,0.009257
11/1/2019,0.009244
11/4/2019,0.00921
11/5/2019,0.009161
11/6/2019,0.009176
11/7/2019,0.009151
11/8/2019,0.009147
11/11/2019,0.00917
11/12/2019,0.009173
11/13/2019,0.009189
11/14/2019,0.009224
11/15/2019,0.009192
11/18/2019,0.009202
11/19/2019,0.009213
11/20/2019,0.009207
11/21/2019,0.009207
11/22/2019,0.009204
11/25/2019,0.009181
11/26/2019,0.009169
11/27/2019,0.009129
11/28/2019,0.009131
11/29/2019,0.009133
12/2/2019,0.009176
12/3/2019,0.009205
12/4/2019,0.009185
12/5/2019,0.009194
12/6/2019,0.009209
12/9/2019,0.009211
12/10/2019,0.009197
12/11/2019,0.009212
12/12/2019,0.009149
12/13/2019,0.009146
12/16/2019,0.009128
12/17/2019,0.009133
12/18/2019,0.009126
12/19/2019,0.009144
12/20/2019,0.009134
12/23/2019,0.009142
12/24/2019,0.009141
12/25/2019,0.009141
12/26/2019,0.009121
12/27/2019,0.009136
12/30/2019,0.009185
12/31/2019,0.009205
1/1/2020,0.009195
1/2/2020,0.009211
1/3/2020,0.00925
1/6/2020,0.009228
1/7/2020,0.009222
1/8/2020,0.009164
1/9/2020,0.00913
1/10/2020,0.009136
1/13/2020,0.009095
1/14/2020,0.009091
1/15/2020,0.009099
1/16/2020,0.009077
1/17/2020,0.009078
1/20/2020,0.009076
1/21/2020,0.009101
1/22/2020,0.009104
1/23/2020,0.009133
1/24/2020,0.009151
1/27/2020,0.009183
1/28/2020,0.009162
1/29/2020,0.009173
1/30/2020,0.00918
1/31/2020,0.009228
2/3/2020,0.009202
2/4/2020,0.00913
2/5/2020,0.009105
2/6/2020,0.009091
2/7/2020,0.009112
2/10/2020,0.00911
2/11/2020,0.009109
2/12/2020,0.009083
2/13/2020,0.009105
2/14/2020,0.009109
2/17/2020,0.009101
2/18/2020,0.009102
2/19/2020,0.00898
2/20/2020,0.008921
2/21/2020,0.008964
2/24/2020,0.009032
2/25/2020,0.009074
2/26/2020,0.009056
2/27/2020,0.009125
2/28/2020,0.00925
3/2/2020,0.009232
3/3/2020,0.009336
3/4/2020,0.009299
3/5/2020,0.009419
3/6/2020,0.009485
3/9/2020,0.009768
3/10/2020,0.009466
3/11/2020,0.009571
3/12/2020,0.009557
3/13/2020,0.009273
3/16/2020,0.009444
3/17/2020,0.009289
3/18/2020,0.009252
3/19/2020,0.009033
3/20/2020,0.009027
3/23/2020,0.00899
3/24/2020,0.008991
3/25/2020,0.008992
3/26/2020,0.009125
3/27/2020,0.009262
3/30/2020,0.009274
3/31/2020,0.009299
4/1/2020,0.009331
4/2/2020,0.009267
4/3/2020,0.009214
4/6/2020,0.009154
4/7/2020,0.009194
4/8/2020,0.009188
4/9/2020,0.009217
4/10/2020,0.009222
4/13/2020,0.00928
4/14/2020,0.009327
4/15/2020,0.009307
4/16/2020,0.009265
4/17/2020,0.009299
4/20/2020,0.009291
4/21/2020,0.00928
4/22/2020,0.009281
4/23/2020,0.009292
4/24/2020,0.009302
4/27/2020,0.009325
4/28/2020,0.009357
4/29/2020,0.009374
4/30/2020,0.009329
5/1/2020,0.009354
5/4/2020,0.00937
5/5/2020,0.009382
5/6/2020,0.009423
5/7/2020,0.009409
5/8/2020,0.009378
5/11/2020,0.009288
5/12/2020,0.009333
5/13/2020,0.009343
5/14/2020,0.009324
5/15/2020,0.00934
5/18/2020,0.009318
5/19/2020,0.009285
5/20/2020,0.0093
5/21/2020,0.009293
5/22/2020,0.009291
5/25/2020,0.009284
5/26/2020,0.009299
5/27/2020,0.009283
5/28/2020,0.00929
5/29/2020,0.009275
6/1/2020,0.009295
6/2/2020,0.009201
6/3/2020,0.009182
6/4/2020,0.009162
6/5/2020,0.009125
6/8/2020,0.009223
6/9/2020,0.00928
6/10/2020,0.009335
6/11/2020,0.009357
6/12/2020,0.009313
6/15/2020,0.009317
6/16/2020,0.009318
6/17/2020,0.009345
6/18/2020,0.009349
6/19/2020,0.009356
6/22/2020,0.009354
6/23/2020,0.009387
6/24/2020,0.009342
6/25/2020,0.009329
6/26/2020,0.009327
6/29/2020,0.009296
6/30/2020,0.009265
7/1/2020,0.009305
7/2/2020,0.009302
7/3/2020,0.009302
7/6/2020,0.009311
7/7/2020,0.009301
7/8/2020,0.009323
7/9/2020,0.009328
7/10/2020,0.009353
7/13/2020,0.00932
7/14/2020,0.009325
7/15/2020,0.009352
7/16/2020,0.009322
7/17/2020,0.009343
7/20/2020,0.009322
7/21/2020,0.009363
7/22/2020,0.009332
7/23/2020,0.009358
7/24/2020,0.009422
7/27/2020,0.00949
7/28/2020,0.009516
7/29/2020,0.009531
7/30/2020,0.009548
7/31/2020,0.009447
8/3/2020,0.009438
8/4/2020,0.009459
8/5/2020,0.00947
8/6/2020,0.009474
8/7/2020,0.00944
8/10/2020,0.009437
8/11/2020,0.00939
8/12/2020,0.009355
8/13/2020,0.009352
8/14/2020,0.009381
8/17/2020,0.009434
8/18/2020,0.009487
8/19/2020,0.009423
8/20/2020,0.009452
8/21/2020,0.009451
8/24/2020,0.009436
8/25/2020,0.009399
8/26/2020,0.009435
8/27/2020,0.009384
8/28/2020,0.009491
8/31/2020,0.009442
9/1/2020,0.009438
9/2/2020,0.009417
9/3/2020,0.009417
9/4/2020,0.009413
9/7/2020,0.00941
9/8/2020,0.009431
9/9/2020,0.009418
9/10/2020,0.009422
9/11/2020,0.009419
9/14/2020,0.009458
9/15/2020,0.009484
9/16/2020,0.009529
9/17/2020,0.009547
9/18/2020,0.009563
9/21/2020,0.009556
9/22/2020,0.00953
9/23/2020,0.009491
9/24/2020,0.009487
9/25/2020,0.009472
9/28/2020,0.009479
9/29/2020,0.009465
9/30/2020,0.009483
